issuer_id,sector,year,from_rating,to_rating,upgraded,downgraded,defaulted,notches_moved,from_score,to_score,calculated_notches_moved,rating_transition_type
I00001,Consumer,2015,A,A,0,0,0,0,5,5,0,unchanged
I00002,Industrials,2015,A,A,0,0,0,0,5,5,0,unchanged
I00003,Industrials,2015,BBB,BB,0,1,0,1,4,3,-1,downgrade
I00004,Industrials,2015,BBB,BBB,0,0,0,0,4,4,0,unchanged
I00005,Real_Estate,2015,A,A,0,0,0,0,5,5,0,unchanged
I00006,Financials,2015,B,B,0,0,0,0,2,2,0,unchanged
I00007,Utilities,2015,BB,BB,0,0,0,0,3,3,0,unchanged
I00008,Healthcare,2015,BB,BBB,1,0,0,-1,3,4,1,upgrade
I00009,Consumer,2015,BBB,BBB,0,0,0,0,4,4,0,unchanged
I00010,Real_Estate,2015,AAA,AAA,0,0,0,0,7,7,0,unchanged
I00011,Healthcare,2015,BBB,BBB,0,0,0,0,4,4,0,unchanged
I00012,Retail,2015,BB,BB,0,0,0,0,3,3,0,unchanged
I00013,Consumer,2015,CCC,CCC,0,0,0,0,1,1,0,unchanged
I00014,Telecom,2015,BB,BB,0,0,0,0,3,3,0,unchanged
I00015,Telecom,2015,B,B,0,0,0,0,2,2,0,unchanged
I00016,Healthcare,2015,B,CCC,0,1,0,1,2,1,-1,downgrade
I00017,Retail,2015,CCC,CCC,0,0,0,0,1,1,0,unchanged
I00018,Consumer,2015,B,BB,1,0,0,-1,2,3,1,upgrade
I00019,Utilities,2015,A,A,0,0,0,0,5,5,0,unchanged
I00020,Healthcare,2015,CCC,CCC,0,0,0,0,1,1,0,unchanged
I00021,Financials,2015,BB,BB,0,0,0,0,3,3,0,unchanged
I00022,Consumer,2015,B,B,0,0,0,0,2,2,0,unchanged
I00023,Financials,2015,CCC,D,0,0,1,1,1,0,-1,default
I00024,Financials,2015,B,D,0,0,1,2,2,0,-2,default
I00025,Retail,2015,AAA,AAA,0,0,0,0,7,7,0,unchanged
I00026,Telecom,2015,B,D,0,0,1,2,2,0,-2,default
I00027,Healthcare,2015,B,B,0,0,0,0,2,2,0,unchanged
I00028,Telecom,2015,BBB,BBB,0,0,0,0,4,4,0,unchanged
I00029,Energy,2015,B,BB,1,0,0,-1,2,3,1,upgrade
I00030,Utilities,2015,B,B,0,0,0,0,2,2,0,unchanged
I00031,Utilities,2015,A,A,0,0,0,0,5,5,0,unchanged
I00032,Healthcare,2015,B,B,0,0,0,0,2,2,0,unchanged
I00033,Energy,2015,BBB,BBB,0,0,0,0,4,4,0,unchanged
I00034,Financials,2015,CCC,CCC,0,0,0,0,1,1,0,unchanged
I00035,Industrials,2015,CCC,D,0,0,1,1,1,0,-1,default
I00036,Real_Estate,2015,A,A,0,0,0,0,5,5,0,unchanged
I00037,Retail,2015,BB,BB,0,0,0,0,3,3,0,unchanged
I00038,Telecom,2015,A,A,0,0,0,0,5,5,0,unchanged
I00039,Energy,2015,B,B,0,0,0,0,2,2,0,unchanged
I00040,Utilities,2015,BBB,BBB,0,0,0,0,4,4,0,unchanged
I00041,Energy,2015,BB,B,0,1,0,1,3,2,-1,downgrade
I00042,Financials,2015,BB,BB,0,0,0,0,3,3,0,unchanged
I00043,Healthcare,2015,BBB,BBB,0,0,0,0,4,4,0,unchanged
I00044,Telecom,2015,BB,BB,0,0,0,0,3,3,0,unchanged
I00045,Technology,2015,AA,AA,0,0,0,0,6,6,0,unchanged
I00046,Energy,2015,AA,AA,0,0,0,0,6,6,0,unchanged
I00047,Energy,2015,AA,AA,0,0,0,0,6,6,0,unchanged
I00048,Healthcare,2015,BB,BB,0,0,0,0,3,3,0,unchanged
I00049,Telecom,2015,BBB,BBB,0,0,0,0,4,4,0,unchanged
I00050,Technology,2015,BB,BB,0,0,0,0,3,3,0,unchanged
I00051,Financials,2015,BB,BB,0,0,0,0,3,3,0,unchanged
I00052,Consumer,2015,BBB,A,1,0,0,-1,4,5,1,upgrade
I00053,Industrials,2015,BBB,BBB,0,0,0,0,4,4,0,unchanged
I00054,Industrials,2015,BBB,B,0,1,0,2,4,2,-2,downgrade
I00055,Financials,2015,AAA,A,0,1,0,2,7,5,-2,downgrade
I00056,Industrials,2015,BBB,BBB,0,0,0,0,4,4,0,unchanged
I00057,Utilities,2015,B,B,0,0,0,0,2,2,0,unchanged
I00058,Real_Estate,2015,BBB,BBB,0,0,0,0,4,4,0,unchanged
I00059,Consumer,2015,B,B,0,0,0,0,2,2,0,unchanged
I00060,Healthcare,2015,BB,BB,0,0,0,0,3,3,0,unchanged
I00061,Energy,2015,BB,B,0,1,0,1,3,2,-1,downgrade
I00062,Real_Estate,2015,B,B,0,0,0,0,2,2,0,unchanged
I00063,Healthcare,2015,BB,B,0,1,0,1,3,2,-1,downgrade
I00064,Healthcare,2015,BB,B,0,1,0,1,3,2,-1,downgrade
I00065,Energy,2015,B,CCC,0,1,0,1,2,1,-1,downgrade
I00066,Industrials,2015,CCC,B,1,0,0,-1,1,2,1,upgrade
I00067,Consumer,2015,BBB,BBB,0,0,0,0,4,4,0,unchanged
I00068,Technology,2015,BBB,BBB,0,0,0,0,4,4,0,unchanged
I00069,Real_Estate,2015,A,A,0,0,0,0,5,5,0,unchanged
I00070,Utilities,2015,CCC,CCC,0,0,0,0,1,1,0,unchanged
I00071,Real_Estate,2015,BBB,BBB,0,0,0,0,4,4,0,unchanged
I00072,Financials,2015,AA,AA,0,0,0,0,6,6,0,unchanged
I00073,Energy,2015,B,B,0,0,0,0,2,2,0,unchanged
I00074,Energy,2015,B,B,0,0,0,0,2,2,0,unchanged
I00075,Retail,2015,BB,BB,0,0,0,0,3,3,0,unchanged
I00076,Energy,2015,BB,BBB,1,0,0,-1,3,4,1,upgrade
I00077,Consumer,2015,BBB,BBB,0,0,0,0,4,4,0,unchanged
I00078,Utilities,2015,AAA,AAA,0,0,0,0,7,7,0,unchanged
I00079,Retail,2015,CCC,CCC,0,0,0,0,1,1,0,unchanged
I00080,Financials,2015,B,B,0,0,0,0,2,2,0,unchanged
I00081,Utilities,2015,B,B,0,0,0,0,2,2,0,unchanged
I00082,Utilities,2015,A,A,0,0,0,0,5,5,0,unchanged
I00083,Industrials,2015,BBB,BBB,0,0,0,0,4,4,0,unchanged
I00084,Retail,2015,BB,BB,0,0,0,0,3,3,0,unchanged
I00085,Industrials,2015,A,A,0,0,0,0,5,5,0,unchanged
I00086,Consumer,2015,AA,A,0,1,0,1,6,5,-1,downgrade
I00087,Technology,2015,CCC,D,0,0,1,1,1,0,-1,default
I00088,Financials,2015,BB,BB,0,0,0,0,3,3,0,unchanged
I00089,Retail,2015,B,D,0,0,1,2,2,0,-2,default
I00090,Utilities,2015,BBB,BBB,0,0,0,0,4,4,0,unchanged
I00091,Industrials,2015,BBB,B,0,1,0,2,4,2,-2,downgrade
I00092,Financials,2015,AA,AA,0,0,0,0,6,6,0,unchanged
I00093,Energy,2015,BBB,B,0,1,0,2,4,2,-2,downgrade
I00094,Retail,2015,AA,AA,0,0,0,0,6,6,0,unchanged
I00095,Utilities,2015,CCC,CCC,0,0,0,0,1,1,0,unchanged
I00096,Industrials,2015,AA,A,0,1,0,1,6,5,-1,downgrade
I00097,Retail,2015,BB,BB,0,0,0,0,3,3,0,unchanged
I00098,Energy,2015,AA,AA,0,0,0,0,6,6,0,unchanged
I00099,Technology,2015,A,A,0,0,0,0,5,5,0,unchanged
I00100,Telecom,2015,BBB,BBB,0,0,0,0,4,4,0,unchanged
I00101,Retail,2015,AA,AA,0,0,0,0,6,6,0,unchanged
I00102,Utilities,2015,BB,B,0,1,0,1,3,2,-1,downgrade
I00103,Consumer,2015,AA,AA,0,0,0,0,6,6,0,unchanged
I00104,Consumer,2015,BBB,B,0,1,0,2,4,2,-2,downgrade
I00105,Healthcare,2015,AA,AA,0,0,0,0,6,6,0,unchanged
I00106,Financials,2015,BBB,A,1,0,0,-1,4,5,1,upgrade
I00107,Retail,2015,AA,AA,0,0,0,0,6,6,0,unchanged
I00108,Telecom,2015,BB,BBB,1,0,0,-1,3,4,1,upgrade
I00109,Retail,2015,BB,BB,0,0,0,0,3,3,0,unchanged
I00110,Utilities,2015,BBB,BBB,0,0,0,0,4,4,0,unchanged
I00111,Industrials,2015,BBB,A,1,0,0,-1,4,5,1,upgrade
I00112,Energy,2015,BB,BB,0,0,0,0,3,3,0,unchanged
I00113,Technology,2015,BBB,BBB,0,0,0,0,4,4,0,unchanged
I00114,Telecom,2015,BBB,BBB,0,0,0,0,4,4,0,unchanged
I00115,Technology,2015,A,B,0,1,0,3,5,2,-3,downgrade
I00116,Real_Estate,2015,A,A,0,0,0,0,5,5,0,unchanged
I00117,Telecom,2015,BBB,BB,0,1,0,1,4,3,-1,downgrade
I00118,Industrials,2015,BB,B,0,1,0,1,3,2,-1,downgrade
I00119,Utilities,2015,A,A,0,0,0,0,5,5,0,unchanged
I00120,Utilities,2015,BBB,BBB,0,0,0,0,4,4,0,unchanged
I00121,Industrials,2015,BB,BBB,1,0,0,-1,3,4,1,upgrade
I00122,Telecom,2015,BB,BB,0,0,0,0,3,3,0,unchanged
I00123,Healthcare,2015,A,A,0,0,0,0,5,5,0,unchanged
I00124,Industrials,2015,BBB,BB,0,1,0,1,4,3,-1,downgrade
I00125,Utilities,2015,B,B,0,0,0,0,2,2,0,unchanged
I00126,Technology,2015,A,A,0,0,0,0,5,5,0,unchanged
I00127,Utilities,2015,B,B,0,0,0,0,2,2,0,unchanged
I00128,Healthcare,2015,BB,CCC,0,1,0,2,3,1,-2,downgrade
I00129,Telecom,2015,BB,B,0,1,0,1,3,2,-1,downgrade
I00130,Consumer,2015,BBB,BBB,0,0,0,0,4,4,0,unchanged
I00131,Real_Estate,2015,BBB,A,1,0,0,-1,4,5,1,upgrade
I00132,Retail,2015,BBB,BB,0,1,0,1,4,3,-1,downgrade
I00133,Real_Estate,2015,A,A,0,0,0,0,5,5,0,unchanged
I00134,Healthcare,2015,BBB,A,1,0,0,-1,4,5,1,upgrade
I00135,Technology,2015,A,A,0,0,0,0,5,5,0,unchanged
I00136,Consumer,2015,B,B,0,0,0,0,2,2,0,unchanged
I00137,Financials,2015,BBB,BBB,0,0,0,0,4,4,0,unchanged
I00138,Telecom,2015,B,B,0,0,0,0,2,2,0,unchanged
I00139,Telecom,2015,BB,BB,0,0,0,0,3,3,0,unchanged
I00140,Consumer,2015,AA,AA,0,0,0,0,6,6,0,unchanged
I00141,Energy,2015,BB,BB,0,0,0,0,3,3,0,unchanged
I00142,Telecom,2015,BBB,BBB,0,0,0,0,4,4,0,unchanged
I00143,Retail,2015,B,B,0,0,0,0,2,2,0,unchanged
I00144,Financials,2015,BBB,BBB,0,0,0,0,4,4,0,unchanged
I00145,Financials,2015,BBB,BBB,0,0,0,0,4,4,0,unchanged
I00146,Technology,2015,AA,AA,0,0,0,0,6,6,0,unchanged
I00147,Real_Estate,2015,AA,A,0,1,0,1,6,5,-1,downgrade
I00148,Retail,2015,A,A,0,0,0,0,5,5,0,unchanged
I00149,Financials,2015,BBB,BBB,0,0,0,0,4,4,0,unchanged
I00150,Retail,2015,B,BB,1,0,0,-1,2,3,1,upgrade
I00151,Healthcare,2015,B,B,0,0,0,0,2,2,0,unchanged
I00152,Energy,2015,BBB,BBB,0,0,0,0,4,4,0,unchanged
I00153,Financials,2015,A,A,0,0,0,0,5,5,0,unchanged
I00154,Energy,2015,B,B,0,0,0,0,2,2,0,unchanged
I00155,Energy,2015,BBB,BBB,0,0,0,0,4,4,0,unchanged
I00156,Telecom,2015,BBB,BBB,0,0,0,0,4,4,0,unchanged
I00157,Retail,2015,A,A,0,0,0,0,5,5,0,unchanged
I00158,Financials,2015,A,A,0,0,0,0,5,5,0,unchanged
I00159,Consumer,2015,A,A,0,0,0,0,5,5,0,unchanged
I00160,Consumer,2015,BBB,BBB,0,0,0,0,4,4,0,unchanged
I00161,Technology,2015,BBB,A,1,0,0,-1,4,5,1,upgrade
I00162,Real_Estate,2015,BB,BB,0,0,0,0,3,3,0,unchanged
I00163,Technology,2015,CCC,D,0,0,1,1,1,0,-1,default
I00164,Consumer,2015,A,A,0,0,0,0,5,5,0,unchanged
I00165,Healthcare,2015,BB,BB,0,0,0,0,3,3,0,unchanged
I00166,Telecom,2015,B,B,0,0,0,0,2,2,0,unchanged
I00167,Utilities,2015,B,B,0,0,0,0,2,2,0,unchanged
I00168,Utilities,2015,B,B,0,0,0,0,2,2,0,unchanged
I00169,Technology,2015,AA,AA,0,0,0,0,6,6,0,unchanged
I00170,Industrials,2015,B,B,0,0,0,0,2,2,0,unchanged
I00171,Utilities,2015,A,A,0,0,0,0,5,5,0,unchanged
I00172,Technology,2015,BBB,BB,0,1,0,1,4,3,-1,downgrade
I00173,Healthcare,2015,B,B,0,0,0,0,2,2,0,unchanged
I00174,Utilities,2015,BB,BB,0,0,0,0,3,3,0,unchanged
I00175,Technology,2015,BBB,BBB,0,0,0,0,4,4,0,unchanged
I00176,Consumer,2015,BB,BB,0,0,0,0,3,3,0,unchanged
I00177,Energy,2015,B,B,0,0,0,0,2,2,0,unchanged
I00178,Telecom,2015,CCC,CCC,0,0,0,0,1,1,0,unchanged
I00179,Consumer,2015,BBB,A,1,0,0,-1,4,5,1,upgrade
I00180,Energy,2015,B,D,0,0,1,2,2,0,-2,default
I00181,Industrials,2015,BB,BB,0,0,0,0,3,3,0,unchanged
I00182,Consumer,2015,BBB,BBB,0,0,0,0,4,4,0,unchanged
I00183,Financials,2015,BBB,BBB,0,0,0,0,4,4,0,unchanged
I00184,Telecom,2015,B,B,0,0,0,0,2,2,0,unchanged
I00185,Retail,2015,BBB,BBB,0,0,0,0,4,4,0,unchanged
I00186,Energy,2015,BBB,BBB,0,0,0,0,4,4,0,unchanged
I00187,Utilities,2015,AA,AA,0,0,0,0,6,6,0,unchanged
I00188,Telecom,2015,BBB,BBB,0,0,0,0,4,4,0,unchanged
I00189,Telecom,2015,B,B,0,0,0,0,2,2,0,unchanged
I00190,Industrials,2015,B,B,0,0,0,0,2,2,0,unchanged
I00191,Technology,2015,BBB,BBB,0,0,0,0,4,4,0,unchanged
I00192,Technology,2015,CCC,CCC,0,0,0,0,1,1,0,unchanged
I00193,Industrials,2015,BB,BB,0,0,0,0,3,3,0,unchanged
I00194,Industrials,2015,BB,BB,0,0,0,0,3,3,0,unchanged
I00195,Healthcare,2015,BB,B,0,1,0,1,3,2,-1,downgrade
I00196,Financials,2015,B,B,0,0,0,0,2,2,0,unchanged
I00197,Industrials,2015,BBB,BBB,0,0,0,0,4,4,0,unchanged
I00198,Healthcare,2015,BBB,BBB,0,0,0,0,4,4,0,unchanged
I00199,Healthcare,2015,B,B,0,0,0,0,2,2,0,unchanged
I00200,Retail,2015,BB,BBB,1,0,0,-1,3,4,1,upgrade
I00201,Telecom,2015,BB,BBB,1,0,0,-1,3,4,1,upgrade
I00202,Utilities,2015,B,B,0,0,0,0,2,2,0,unchanged
I00203,Financials,2015,AA,A,0,1,0,1,6,5,-1,downgrade
I00204,Energy,2015,BBB,BB,0,1,0,1,4,3,-1,downgrade
I00205,Healthcare,2015,CCC,CCC,0,0,0,0,1,1,0,unchanged
I00206,Industrials,2015,A,A,0,0,0,0,5,5,0,unchanged
I00207,Retail,2015,BBB,BBB,0,0,0,0,4,4,0,unchanged
I00208,Healthcare,2015,BBB,BBB,0,0,0,0,4,4,0,unchanged
I00209,Utilities,2015,B,B,0,0,0,0,2,2,0,unchanged
I00210,Telecom,2015,BBB,BBB,0,0,0,0,4,4,0,unchanged
I00211,Healthcare,2015,BBB,BBB,0,0,0,0,4,4,0,unchanged
I00212,Healthcare,2015,B,B,0,0,0,0,2,2,0,unchanged
I00213,Retail,2015,AA,AA,0,0,0,0,6,6,0,unchanged
I00214,Energy,2015,A,A,0,0,0,0,5,5,0,unchanged
I00215,Energy,2015,A,A,0,0,0,0,5,5,0,unchanged
I00216,Technology,2015,A,A,0,0,0,0,5,5,0,unchanged
I00217,Consumer,2015,B,B,0,0,0,0,2,2,0,unchanged
I00218,Telecom,2015,BB,BB,0,0,0,0,3,3,0,unchanged
I00219,Telecom,2015,A,A,0,0,0,0,5,5,0,unchanged
I00220,Utilities,2015,A,A,0,0,0,0,5,5,0,unchanged
I00221,Retail,2015,B,B,0,0,0,0,2,2,0,unchanged
I00222,Financials,2015,CCC,D,0,0,1,1,1,0,-1,default
I00223,Financials,2015,CCC,D,0,0,1,1,1,0,-1,default
I00224,Financials,2015,A,A,0,0,0,0,5,5,0,unchanged
I00225,Financials,2015,AA,AA,0,0,0,0,6,6,0,unchanged
I00226,Industrials,2015,B,B,0,0,0,0,2,2,0,unchanged
I00227,Technology,2015,B,B,0,0,0,0,2,2,0,unchanged
I00228,Utilities,2015,BBB,BBB,0,0,0,0,4,4,0,unchanged
I00229,Telecom,2015,BBB,BBB,0,0,0,0,4,4,0,unchanged
I00230,Industrials,2015,BBB,BBB,0,0,0,0,4,4,0,unchanged
I00231,Retail,2015,A,A,0,0,0,0,5,5,0,unchanged
I00232,Industrials,2015,B,CCC,0,1,0,1,2,1,-1,downgrade
I00233,Healthcare,2015,BB,BB,0,0,0,0,3,3,0,unchanged
I00234,Real_Estate,2015,BBB,BBB,0,0,0,0,4,4,0,unchanged
I00235,Healthcare,2015,BB,BB,0,0,0,0,3,3,0,unchanged
I00236,Healthcare,2015,BBB,BBB,0,0,0,0,4,4,0,unchanged
I00237,Financials,2015,AA,AA,0,0,0,0,6,6,0,unchanged
I00238,Healthcare,2015,CCC,CCC,0,0,0,0,1,1,0,unchanged
I00239,Industrials,2015,A,A,0,0,0,0,5,5,0,unchanged
I00240,Real_Estate,2015,A,A,0,0,0,0,5,5,0,unchanged
I00241,Healthcare,2015,A,A,0,0,0,0,5,5,0,unchanged
I00242,Telecom,2015,B,B,0,0,0,0,2,2,0,unchanged
I00243,Telecom,2015,BBB,BBB,0,0,0,0,4,4,0,unchanged
I00244,Real_Estate,2015,B,B,0,0,0,0,2,2,0,unchanged
I00245,Telecom,2015,BB,BB,0,0,0,0,3,3,0,unchanged
I00246,Technology,2015,BB,BB,0,0,0,0,3,3,0,unchanged
I00247,Industrials,2015,BB,BB,0,0,0,0,3,3,0,unchanged
I00248,Telecom,2015,A,A,0,0,0,0,5,5,0,unchanged
I00249,Technology,2015,BB,BB,0,0,0,0,3,3,0,unchanged
I00250,Industrials,2015,AA,AA,0,0,0,0,6,6,0,unchanged
I00251,Consumer,2015,BBB,BBB,0,0,0,0,4,4,0,unchanged
I00252,Utilities,2015,BBB,BBB,0,0,0,0,4,4,0,unchanged
I00253,Telecom,2015,AA,AA,0,0,0,0,6,6,0,unchanged
I00254,Real_Estate,2015,BB,BB,0,0,0,0,3,3,0,unchanged
I00255,Consumer,2015,BB,BB,0,0,0,0,3,3,0,unchanged
I00256,Telecom,2015,A,A,0,0,0,0,5,5,0,unchanged
I00257,Utilities,2015,BB,BB,0,0,0,0,3,3,0,unchanged
I00258,Real_Estate,2015,BBB,A,1,0,0,-1,4,5,1,upgrade
I00259,Telecom,2015,B,B,0,0,0,0,2,2,0,unchanged
I00260,Healthcare,2015,B,B,0,0,0,0,2,2,0,unchanged
I00261,Utilities,2015,A,A,0,0,0,0,5,5,0,unchanged
I00262,Technology,2015,AAA,AAA,0,0,0,0,7,7,0,unchanged
I00263,Energy,2015,BB,BB,0,0,0,0,3,3,0,unchanged
I00264,Telecom,2015,AAA,AAA,0,0,0,0,7,7,0,unchanged
I00265,Real_Estate,2015,B,BBB,1,0,0,-2,2,4,2,upgrade
I00266,Real_Estate,2015,BB,BB,0,0,0,0,3,3,0,unchanged
I00267,Healthcare,2015,BBB,BBB,0,0,0,0,4,4,0,unchanged
I00268,Telecom,2015,AA,AA,0,0,0,0,6,6,0,unchanged
I00269,Real_Estate,2015,CCC,D,0,0,1,1,1,0,-1,default
I00270,Utilities,2015,BBB,BBB,0,0,0,0,4,4,0,unchanged
I00271,Retail,2015,BB,BB,0,0,0,0,3,3,0,unchanged
I00272,Consumer,2015,BB,BB,0,0,0,0,3,3,0,unchanged
I00273,Energy,2015,A,A,0,0,0,0,5,5,0,unchanged
I00274,Consumer,2015,CCC,B,1,0,0,-1,1,2,1,upgrade
I00275,Financials,2015,B,B,0,0,0,0,2,2,0,unchanged
I00276,Financials,2015,B,B,0,0,0,0,2,2,0,unchanged
I00277,Retail,2015,BBB,BBB,0,0,0,0,4,4,0,unchanged
I00278,Retail,2015,BB,BB,0,0,0,0,3,3,0,unchanged
I00279,Financials,2015,BB,BB,0,0,0,0,3,3,0,unchanged
I00280,Utilities,2015,AA,AA,0,0,0,0,6,6,0,unchanged
I00281,Utilities,2015,AAA,AAA,0,0,0,0,7,7,0,unchanged
I00282,Healthcare,2015,BBB,BB,0,1,0,1,4,3,-1,downgrade
I00283,Healthcare,2015,AAA,AA,0,1,0,1,7,6,-1,downgrade
I00284,Healthcare,2015,CCC,CCC,0,0,0,0,1,1,0,unchanged
I00285,Energy,2015,BBB,BBB,0,0,0,0,4,4,0,unchanged
I00286,Technology,2015,B,D,0,0,1,2,2,0,-2,default
I00287,Energy,2015,AA,BBB,0,1,0,2,6,4,-2,downgrade
I00288,Technology,2015,BB,BB,0,0,0,0,3,3,0,unchanged
I00289,Industrials,2015,BBB,BBB,0,0,0,0,4,4,0,unchanged
I00290,Retail,2015,BB,BB,0,0,0,0,3,3,0,unchanged
I00291,Energy,2015,AA,AA,0,0,0,0,6,6,0,unchanged
I00292,Energy,2015,BBB,BBB,0,0,0,0,4,4,0,unchanged
I00293,Industrials,2015,BBB,A,1,0,0,-1,4,5,1,upgrade
I00294,Financials,2015,BBB,BBB,0,0,0,0,4,4,0,unchanged
I00295,Financials,2015,A,A,0,0,0,0,5,5,0,unchanged
I00296,Technology,2015,BB,BB,0,0,0,0,3,3,0,unchanged
I00297,Telecom,2015,BB,BB,0,0,0,0,3,3,0,unchanged
I00298,Utilities,2015,BBB,BBB,0,0,0,0,4,4,0,unchanged
I00299,Financials,2015,BBB,A,1,0,0,-1,4,5,1,upgrade
I00300,Real_Estate,2015,BB,BB,0,0,0,0,3,3,0,unchanged
I00301,Healthcare,2015,BB,BB,0,0,0,0,3,3,0,unchanged
I00302,Utilities,2015,BBB,BBB,0,0,0,0,4,4,0,unchanged
I00303,Financials,2015,AA,AA,0,0,0,0,6,6,0,unchanged
I00304,Financials,2015,BBB,A,1,0,0,-1,4,5,1,upgrade
I00305,Consumer,2015,BB,BB,0,0,0,0,3,3,0,unchanged
I00306,Telecom,2015,CCC,CCC,0,0,0,0,1,1,0,unchanged
I00307,Energy,2015,CCC,D,0,0,1,1,1,0,-1,default
I00308,Real_Estate,2015,BBB,BBB,0,0,0,0,4,4,0,unchanged
I00309,Energy,2015,BBB,A,1,0,0,-1,4,5,1,upgrade
I00310,Healthcare,2015,A,A,0,0,0,0,5,5,0,unchanged
I00311,Real_Estate,2015,B,B,0,0,0,0,2,2,0,unchanged
I00312,Technology,2015,BBB,BBB,0,0,0,0,4,4,0,unchanged
I00313,Consumer,2015,BBB,A,1,0,0,-1,4,5,1,upgrade
I00314,Industrials,2015,AAA,AAA,0,0,0,0,7,7,0,unchanged
I00315,Industrials,2015,BB,BB,0,0,0,0,3,3,0,unchanged
I00316,Technology,2015,BB,BB,0,0,0,0,3,3,0,unchanged
I00317,Healthcare,2015,A,D,0,0,1,5,5,0,-5,default
I00318,Energy,2015,B,B,0,0,0,0,2,2,0,unchanged
I00319,Financials,2015,AA,AA,0,0,0,0,6,6,0,unchanged
I00320,Consumer,2015,BBB,BBB,0,0,0,0,4,4,0,unchanged
I00321,Healthcare,2015,A,A,0,0,0,0,5,5,0,unchanged
I00322,Technology,2015,B,B,0,0,0,0,2,2,0,unchanged
I00323,Utilities,2015,CCC,CCC,0,0,0,0,1,1,0,unchanged
I00324,Financials,2015,B,B,0,0,0,0,2,2,0,unchanged
I00325,Retail,2015,BBB,BBB,0,0,0,0,4,4,0,unchanged
I00326,Telecom,2015,BBB,BBB,0,0,0,0,4,4,0,unchanged
I00327,Utilities,2015,BBB,A,1,0,0,-1,4,5,1,upgrade
I00328,Real_Estate,2015,BBB,BBB,0,0,0,0,4,4,0,unchanged
I00329,Technology,2015,A,AA,1,0,0,-1,5,6,1,upgrade
I00330,Industrials,2015,BBB,BBB,0,0,0,0,4,4,0,unchanged
I00331,Utilities,2015,CCC,CCC,0,0,0,0,1,1,0,unchanged
I00332,Telecom,2015,BB,BB,0,0,0,0,3,3,0,unchanged
I00333,Consumer,2015,BB,BB,0,0,0,0,3,3,0,unchanged
I00334,Utilities,2015,BBB,BBB,0,0,0,0,4,4,0,unchanged
I00335,Utilities,2015,BB,BB,0,0,0,0,3,3,0,unchanged
I00336,Utilities,2015,B,B,0,0,0,0,2,2,0,unchanged
I00337,Financials,2015,AA,AA,0,0,0,0,6,6,0,unchanged
I00338,Financials,2015,BBB,BBB,0,0,0,0,4,4,0,unchanged
I00339,Retail,2015,BBB,BBB,0,0,0,0,4,4,0,unchanged
I00340,Real_Estate,2015,BB,BB,0,0,0,0,3,3,0,unchanged
I00341,Financials,2015,BBB,BBB,0,0,0,0,4,4,0,unchanged
I00342,Technology,2015,BB,BBB,1,0,0,-1,3,4,1,upgrade
I00343,Consumer,2015,BB,BB,0,0,0,0,3,3,0,unchanged
I00344,Energy,2015,AA,AA,0,0,0,0,6,6,0,unchanged
I00345,Utilities,2015,BB,BB,0,0,0,0,3,3,0,unchanged
I00346,Industrials,2015,BB,BB,0,0,0,0,3,3,0,unchanged
I00347,Financials,2015,B,B,0,0,0,0,2,2,0,unchanged
I00348,Retail,2015,BBB,BBB,0,0,0,0,4,4,0,unchanged
I00349,Utilities,2015,BBB,BBB,0,0,0,0,4,4,0,unchanged
I00350,Healthcare,2015,B,B,0,0,0,0,2,2,0,unchanged
I00351,Technology,2015,AA,AA,0,0,0,0,6,6,0,unchanged
I00352,Utilities,2015,A,A,0,0,0,0,5,5,0,unchanged
I00353,Retail,2015,BB,BB,0,0,0,0,3,3,0,unchanged
I00354,Healthcare,2015,AA,AA,0,0,0,0,6,6,0,unchanged
I00355,Healthcare,2015,B,BB,1,0,0,-1,2,3,1,upgrade
I00356,Healthcare,2015,AA,AA,0,0,0,0,6,6,0,unchanged
I00357,Industrials,2015,A,A,0,0,0,0,5,5,0,unchanged
I00358,Financials,2015,CCC,D,0,0,1,1,1,0,-1,default
I00359,Consumer,2015,A,A,0,0,0,0,5,5,0,unchanged
I00360,Real_Estate,2015,BBB,B,0,1,0,2,4,2,-2,downgrade
I00361,Healthcare,2015,BB,BB,0,0,0,0,3,3,0,unchanged
I00362,Industrials,2015,BBB,BBB,0,0,0,0,4,4,0,unchanged
I00363,Energy,2015,BBB,BBB,0,0,0,0,4,4,0,unchanged
I00364,Telecom,2015,CCC,B,1,0,0,-1,1,2,1,upgrade
I00365,Retail,2015,B,D,0,0,1,2,2,0,-2,default
I00366,Energy,2015,BB,BB,0,0,0,0,3,3,0,unchanged
I00367,Utilities,2015,BBB,BBB,0,0,0,0,4,4,0,unchanged
I00368,Healthcare,2015,BBB,BBB,0,0,0,0,4,4,0,unchanged
I00369,Healthcare,2015,BBB,BBB,0,0,0,0,4,4,0,unchanged
I00370,Utilities,2015,BBB,BBB,0,0,0,0,4,4,0,unchanged
I00371,Technology,2015,A,A,0,0,0,0,5,5,0,unchanged
I00372,Energy,2015,BB,B,0,1,0,1,3,2,-1,downgrade
I00373,Energy,2015,A,A,0,0,0,0,5,5,0,unchanged
I00374,Utilities,2015,BB,BB,0,0,0,0,3,3,0,unchanged
I00375,Retail,2015,BBB,BBB,0,0,0,0,4,4,0,unchanged
I00376,Industrials,2015,BB,BB,0,0,0,0,3,3,0,unchanged
I00377,Energy,2015,A,A,0,0,0,0,5,5,0,unchanged
I00378,Technology,2015,CCC,B,1,0,0,-1,1,2,1,upgrade
I00379,Healthcare,2015,AA,AA,0,0,0,0,6,6,0,unchanged
I00380,Financials,2015,A,A,0,0,0,0,5,5,0,unchanged
I00381,Telecom,2015,A,A,0,0,0,0,5,5,0,unchanged
I00382,Energy,2015,BB,BB,0,0,0,0,3,3,0,unchanged
I00383,Financials,2015,B,B,0,0,0,0,2,2,0,unchanged
I00384,Healthcare,2015,BB,BB,0,0,0,0,3,3,0,unchanged
I00385,Industrials,2015,AAA,AAA,0,0,0,0,7,7,0,unchanged
I00386,Real_Estate,2015,BBB,BBB,0,0,0,0,4,4,0,unchanged
I00387,Financials,2015,BB,BB,0,0,0,0,3,3,0,unchanged
I00388,Retail,2015,B,B,0,0,0,0,2,2,0,unchanged
I00389,Healthcare,2015,CCC,B,1,0,0,-1,1,2,1,upgrade
I00390,Consumer,2015,B,B,0,0,0,0,2,2,0,unchanged
I00391,Technology,2015,AA,AA,0,0,0,0,6,6,0,unchanged
I00392,Healthcare,2015,BBB,BBB,0,0,0,0,4,4,0,unchanged
I00393,Industrials,2015,BB,BB,0,0,0,0,3,3,0,unchanged
I00394,Technology,2015,BB,BB,0,0,0,0,3,3,0,unchanged
I00395,Healthcare,2015,BBB,BBB,0,0,0,0,4,4,0,unchanged
I00396,Industrials,2015,B,B,0,0,0,0,2,2,0,unchanged
I00397,Energy,2015,BB,BB,0,0,0,0,3,3,0,unchanged
I00398,Retail,2015,AA,AA,0,0,0,0,6,6,0,unchanged
I00399,Technology,2015,BBB,BBB,0,0,0,0,4,4,0,unchanged
I00400,Industrials,2015,BB,BBB,1,0,0,-1,3,4,1,upgrade
I00401,Utilities,2015,B,B,0,0,0,0,2,2,0,unchanged
I00402,Retail,2015,CCC,CCC,0,0,0,0,1,1,0,unchanged
I00403,Energy,2015,B,B,0,0,0,0,2,2,0,unchanged
I00404,Industrials,2015,BB,BB,0,0,0,0,3,3,0,unchanged
I00405,Retail,2015,B,B,0,0,0,0,2,2,0,unchanged
I00406,Financials,2015,B,B,0,0,0,0,2,2,0,unchanged
I00407,Energy,2015,A,A,0,0,0,0,5,5,0,unchanged
I00408,Financials,2015,BB,BB,0,0,0,0,3,3,0,unchanged
I00409,Technology,2015,A,A,0,0,0,0,5,5,0,unchanged
I00410,Energy,2015,BB,BB,0,0,0,0,3,3,0,unchanged
I00411,Retail,2015,BB,BB,0,0,0,0,3,3,0,unchanged
I00412,Industrials,2015,A,A,0,0,0,0,5,5,0,unchanged
I00413,Consumer,2015,BB,D,0,0,1,3,3,0,-3,default
I00414,Real_Estate,2015,B,B,0,0,0,0,2,2,0,unchanged
I00415,Healthcare,2015,CCC,CCC,0,0,0,0,1,1,0,unchanged
I00416,Energy,2015,BBB,BBB,0,0,0,0,4,4,0,unchanged
I00417,Consumer,2015,B,B,0,0,0,0,2,2,0,unchanged
I00418,Industrials,2015,CCC,CCC,0,0,0,0,1,1,0,unchanged
I00419,Industrials,2015,BBB,BBB,0,0,0,0,4,4,0,unchanged
I00420,Telecom,2015,BBB,BBB,0,0,0,0,4,4,0,unchanged
I00421,Retail,2015,AA,AA,0,0,0,0,6,6,0,unchanged
I00422,Healthcare,2015,B,B,0,0,0,0,2,2,0,unchanged
I00423,Industrials,2015,B,B,0,0,0,0,2,2,0,unchanged
I00424,Telecom,2015,A,AA,1,0,0,-1,5,6,1,upgrade
I00425,Healthcare,2015,BB,BB,0,0,0,0,3,3,0,unchanged
I00426,Telecom,2015,BB,BB,0,0,0,0,3,3,0,unchanged
I00427,Financials,2015,BB,BB,0,0,0,0,3,3,0,unchanged
I00428,Retail,2015,AA,AA,0,0,0,0,6,6,0,unchanged
I00429,Industrials,2015,BBB,BBB,0,0,0,0,4,4,0,unchanged
I00430,Financials,2015,BB,BBB,1,0,0,-1,3,4,1,upgrade
I00431,Financials,2015,CCC,CCC,0,0,0,0,1,1,0,unchanged
I00432,Financials,2015,BB,BB,0,0,0,0,3,3,0,unchanged
I00433,Real_Estate,2015,A,A,0,0,0,0,5,5,0,unchanged
I00434,Consumer,2015,BB,BB,0,0,0,0,3,3,0,unchanged
I00435,Retail,2015,B,B,0,0,0,0,2,2,0,unchanged
I00436,Healthcare,2015,BB,B,0,1,0,1,3,2,-1,downgrade
I00437,Technology,2015,BB,BB,0,0,0,0,3,3,0,unchanged
I00438,Financials,2015,BB,BB,0,0,0,0,3,3,0,unchanged
I00439,Real_Estate,2015,CCC,CCC,0,0,0,0,1,1,0,unchanged
I00440,Energy,2015,AA,AA,0,0,0,0,6,6,0,unchanged
I00441,Industrials,2015,BBB,BBB,0,0,0,0,4,4,0,unchanged
I00442,Consumer,2015,BBB,BBB,0,0,0,0,4,4,0,unchanged
I00443,Retail,2015,B,B,0,0,0,0,2,2,0,unchanged
I00444,Financials,2015,BBB,BB,0,1,0,1,4,3,-1,downgrade
I00445,Industrials,2015,BBB,BBB,0,0,0,0,4,4,0,unchanged
I00446,Financials,2015,B,B,0,0,0,0,2,2,0,unchanged
I00447,Retail,2015,A,A,0,0,0,0,5,5,0,unchanged
I00448,Energy,2015,CCC,CCC,0,0,0,0,1,1,0,unchanged
I00449,Consumer,2015,CCC,CCC,0,0,0,0,1,1,0,unchanged
I00450,Healthcare,2015,B,B,0,0,0,0,2,2,0,unchanged
I00451,Energy,2015,AAA,AAA,0,0,0,0,7,7,0,unchanged
I00452,Industrials,2015,A,A,0,0,0,0,5,5,0,unchanged
I00453,Energy,2015,BBB,BBB,0,0,0,0,4,4,0,unchanged
I00454,Financials,2015,BBB,BBB,0,0,0,0,4,4,0,unchanged
I00455,Financials,2015,BB,BB,0,0,0,0,3,3,0,unchanged
I00456,Healthcare,2015,CCC,CCC,0,0,0,0,1,1,0,unchanged
I00457,Industrials,2015,BB,BB,0,0,0,0,3,3,0,unchanged
I00458,Telecom,2015,B,BB,1,0,0,-1,2,3,1,upgrade
I00459,Financials,2015,CCC,CCC,0,0,0,0,1,1,0,unchanged
I00460,Telecom,2015,AAA,AAA,0,0,0,0,7,7,0,unchanged
I00461,Energy,2015,BB,BB,0,0,0,0,3,3,0,unchanged
I00462,Real_Estate,2015,A,A,0,0,0,0,5,5,0,unchanged
I00463,Financials,2015,BBB,BBB,0,0,0,0,4,4,0,unchanged
I00464,Healthcare,2015,A,A,0,0,0,0,5,5,0,unchanged
I00465,Energy,2015,AAA,AAA,0,0,0,0,7,7,0,unchanged
I00466,Energy,2015,BBB,BBB,0,0,0,0,4,4,0,unchanged
I00467,Financials,2015,A,A,0,0,0,0,5,5,0,unchanged
I00468,Technology,2015,BBB,A,1,0,0,-1,4,5,1,upgrade
I00469,Real_Estate,2015,AA,AA,0,0,0,0,6,6,0,unchanged
I00470,Financials,2015,BBB,BBB,0,0,0,0,4,4,0,unchanged
I00471,Energy,2015,B,B,0,0,0,0,2,2,0,unchanged
I00472,Retail,2015,B,B,0,0,0,0,2,2,0,unchanged
I00473,Industrials,2015,B,B,0,0,0,0,2,2,0,unchanged
I00474,Technology,2015,B,B,0,0,0,0,2,2,0,unchanged
I00475,Telecom,2015,BBB,BBB,0,0,0,0,4,4,0,unchanged
I00476,Utilities,2015,BBB,BBB,0,0,0,0,4,4,0,unchanged
I00477,Technology,2015,BBB,BBB,0,0,0,0,4,4,0,unchanged
I00478,Healthcare,2015,BBB,BBB,0,0,0,0,4,4,0,unchanged
I00479,Consumer,2015,BB,BBB,1,0,0,-1,3,4,1,upgrade
I00480,Industrials,2015,BBB,A,1,0,0,-1,4,5,1,upgrade
I00481,Consumer,2015,CCC,CCC,0,0,0,0,1,1,0,unchanged
I00482,Telecom,2015,BBB,BBB,0,0,0,0,4,4,0,unchanged
I00483,Utilities,2015,CCC,CCC,0,0,0,0,1,1,0,unchanged
I00484,Real_Estate,2015,BBB,BBB,0,0,0,0,4,4,0,unchanged
I00485,Consumer,2015,BBB,BBB,0,0,0,0,4,4,0,unchanged
I00486,Utilities,2015,BB,BB,0,0,0,0,3,3,0,unchanged
I00487,Consumer,2015,BBB,BBB,0,0,0,0,4,4,0,unchanged
I00488,Utilities,2015,BBB,BBB,0,0,0,0,4,4,0,unchanged
I00489,Industrials,2015,CCC,CCC,0,0,0,0,1,1,0,unchanged
I00490,Utilities,2015,AA,A,0,1,0,1,6,5,-1,downgrade
I00491,Utilities,2015,BB,BB,0,0,0,0,3,3,0,unchanged
I00492,Financials,2015,BB,BB,0,0,0,0,3,3,0,unchanged
I00493,Industrials,2015,BB,BB,0,0,0,0,3,3,0,unchanged
I00494,Utilities,2015,CCC,BB,1,0,0,-2,1,3,2,upgrade
I00495,Financials,2015,BBB,BBB,0,0,0,0,4,4,0,unchanged
I00496,Energy,2015,BB,BBB,1,0,0,-1,3,4,1,upgrade
I00497,Industrials,2015,B,B,0,0,0,0,2,2,0,unchanged
I00498,Utilities,2015,BBB,BBB,0,0,0,0,4,4,0,unchanged
I00499,Real_Estate,2015,BB,BB,0,0,0,0,3,3,0,unchanged
I00500,Financials,2015,CCC,CCC,0,0,0,0,1,1,0,unchanged
I00501,Real_Estate,2015,BBB,B,0,1,0,2,4,2,-2,downgrade
I00502,Consumer,2015,AA,AA,0,0,0,0,6,6,0,unchanged
I00503,Telecom,2015,BBB,BBB,0,0,0,0,4,4,0,unchanged
I00504,Retail,2015,CCC,CCC,0,0,0,0,1,1,0,unchanged
I00505,Financials,2015,B,B,0,0,0,0,2,2,0,unchanged
I00506,Utilities,2015,BB,BB,0,0,0,0,3,3,0,unchanged
I00507,Real_Estate,2015,A,A,0,0,0,0,5,5,0,unchanged
I00508,Industrials,2015,A,A,0,0,0,0,5,5,0,unchanged
I00509,Real_Estate,2015,BB,BB,0,0,0,0,3,3,0,unchanged
I00510,Consumer,2015,BB,BB,0,0,0,0,3,3,0,unchanged
I00511,Consumer,2015,B,B,0,0,0,0,2,2,0,unchanged
I00512,Financials,2015,BB,BB,0,0,0,0,3,3,0,unchanged
I00513,Financials,2015,AA,AA,0,0,0,0,6,6,0,unchanged
I00514,Technology,2015,CCC,CCC,0,0,0,0,1,1,0,unchanged
I00515,Retail,2015,B,B,0,0,0,0,2,2,0,unchanged
I00516,Consumer,2015,B,B,0,0,0,0,2,2,0,unchanged
I00517,Retail,2015,BBB,A,1,0,0,-1,4,5,1,upgrade
I00518,Industrials,2015,BBB,BBB,0,0,0,0,4,4,0,unchanged
I00519,Telecom,2015,AA,AA,0,0,0,0,6,6,0,unchanged
I00520,Telecom,2015,BB,BB,0,0,0,0,3,3,0,unchanged
I00521,Telecom,2015,B,BB,1,0,0,-1,2,3,1,upgrade
I00522,Utilities,2015,A,A,0,0,0,0,5,5,0,unchanged
I00523,Utilities,2015,BBB,BBB,0,0,0,0,4,4,0,unchanged
I00524,Healthcare,2015,BB,B,0,1,0,1,3,2,-1,downgrade
I00525,Industrials,2015,CCC,CCC,0,0,0,0,1,1,0,unchanged
I00526,Utilities,2015,B,B,0,0,0,0,2,2,0,unchanged
I00527,Real_Estate,2015,BB,BB,0,0,0,0,3,3,0,unchanged
I00528,Real_Estate,2015,BB,BBB,1,0,0,-1,3,4,1,upgrade
I00529,Telecom,2015,BBB,BBB,0,0,0,0,4,4,0,unchanged
I00530,Healthcare,2015,B,B,0,0,0,0,2,2,0,unchanged
I00531,Technology,2015,AA,AA,0,0,0,0,6,6,0,unchanged
I00532,Consumer,2015,BBB,BBB,0,0,0,0,4,4,0,unchanged
I00533,Financials,2015,B,B,0,0,0,0,2,2,0,unchanged
I00534,Utilities,2015,BBB,BBB,0,0,0,0,4,4,0,unchanged
I00535,Healthcare,2015,A,A,0,0,0,0,5,5,0,unchanged
I00536,Financials,2015,BBB,BBB,0,0,0,0,4,4,0,unchanged
I00537,Financials,2015,B,B,0,0,0,0,2,2,0,unchanged
I00538,Retail,2015,B,B,0,0,0,0,2,2,0,unchanged
I00539,Telecom,2015,B,B,0,0,0,0,2,2,0,unchanged
I00540,Retail,2015,BB,BB,0,0,0,0,3,3,0,unchanged
I00541,Telecom,2015,CCC,CCC,0,0,0,0,1,1,0,unchanged
I00542,Financials,2015,AA,AA,0,0,0,0,6,6,0,unchanged
I00543,Energy,2015,B,B,0,0,0,0,2,2,0,unchanged
I00544,Healthcare,2015,CCC,CCC,0,0,0,0,1,1,0,unchanged
I00545,Utilities,2015,BB,BBB,1,0,0,-1,3,4,1,upgrade
I00546,Financials,2015,CCC,CCC,0,0,0,0,1,1,0,unchanged
I00547,Real_Estate,2015,AAA,AA,0,1,0,1,7,6,-1,downgrade
I00548,Real_Estate,2015,AA,AA,0,0,0,0,6,6,0,unchanged
I00549,Financials,2015,BB,BB,0,0,0,0,3,3,0,unchanged
I00550,Consumer,2015,BBB,BBB,0,0,0,0,4,4,0,unchanged
I00551,Real_Estate,2015,BBB,BBB,0,0,0,0,4,4,0,unchanged
I00552,Retail,2015,BB,BB,0,0,0,0,3,3,0,unchanged
I00553,Healthcare,2015,AA,AA,0,0,0,0,6,6,0,unchanged
I00554,Consumer,2015,CCC,B,1,0,0,-1,1,2,1,upgrade
I00555,Consumer,2015,AA,AA,0,0,0,0,6,6,0,unchanged
I00556,Consumer,2015,A,A,0,0,0,0,5,5,0,unchanged
I00557,Financials,2015,BB,A,1,0,0,-2,3,5,2,upgrade
I00558,Real_Estate,2015,B,B,0,0,0,0,2,2,0,unchanged
I00559,Telecom,2015,A,A,0,0,0,0,5,5,0,unchanged
I00560,Consumer,2015,A,A,0,0,0,0,5,5,0,unchanged
I00561,Financials,2015,AA,AA,0,0,0,0,6,6,0,unchanged
I00562,Financials,2015,B,B,0,0,0,0,2,2,0,unchanged
I00563,Telecom,2015,BB,BB,0,0,0,0,3,3,0,unchanged
I00564,Telecom,2015,BBB,BBB,0,0,0,0,4,4,0,unchanged
I00565,Technology,2015,A,A,0,0,0,0,5,5,0,unchanged
I00566,Healthcare,2015,BBB,BBB,0,0,0,0,4,4,0,unchanged
I00567,Industrials,2015,AA,A,0,1,0,1,6,5,-1,downgrade
I00568,Consumer,2015,BB,BB,0,0,0,0,3,3,0,unchanged
I00569,Healthcare,2015,A,AA,1,0,0,-1,5,6,1,upgrade
I00570,Retail,2015,CCC,CCC,0,0,0,0,1,1,0,unchanged
I00571,Real_Estate,2015,A,A,0,0,0,0,5,5,0,unchanged
I00572,Energy,2015,BBB,BBB,0,0,0,0,4,4,0,unchanged
I00573,Industrials,2015,BB,BB,0,0,0,0,3,3,0,unchanged
I00574,Industrials,2015,A,A,0,0,0,0,5,5,0,unchanged
I00575,Retail,2015,BB,BB,0,0,0,0,3,3,0,unchanged
I00576,Industrials,2015,BB,BB,0,0,0,0,3,3,0,unchanged
I00577,Industrials,2015,BB,BB,0,0,0,0,3,3,0,unchanged
I00578,Industrials,2015,A,A,0,0,0,0,5,5,0,unchanged
I00579,Energy,2015,AA,AA,0,0,0,0,6,6,0,unchanged
I00580,Industrials,2015,BB,A,1,0,0,-2,3,5,2,upgrade
I00581,Retail,2015,BB,BB,0,0,0,0,3,3,0,unchanged
I00582,Healthcare,2015,BBB,BBB,0,0,0,0,4,4,0,unchanged
I00583,Financials,2015,CCC,CCC,0,0,0,0,1,1,0,unchanged
I00584,Retail,2015,BBB,BBB,0,0,0,0,4,4,0,unchanged
I00585,Utilities,2015,BBB,BBB,0,0,0,0,4,4,0,unchanged
I00586,Healthcare,2015,A,A,0,0,0,0,5,5,0,unchanged
I00587,Consumer,2015,B,B,0,0,0,0,2,2,0,unchanged
I00588,Financials,2015,A,A,0,0,0,0,5,5,0,unchanged
I00589,Technology,2015,BB,BB,0,0,0,0,3,3,0,unchanged
I00590,Healthcare,2015,AA,AA,0,0,0,0,6,6,0,unchanged
I00591,Real_Estate,2015,AA,AA,0,0,0,0,6,6,0,unchanged
I00592,Healthcare,2015,AAA,AAA,0,0,0,0,7,7,0,unchanged
I00593,Energy,2015,A,A,0,0,0,0,5,5,0,unchanged
I00594,Healthcare,2015,BBB,BBB,0,0,0,0,4,4,0,unchanged
I00595,Utilities,2015,BBB,BBB,0,0,0,0,4,4,0,unchanged
I00596,Real_Estate,2015,A,A,0,0,0,0,5,5,0,unchanged
I00597,Utilities,2015,BB,BBB,1,0,0,-1,3,4,1,upgrade
I00598,Healthcare,2015,BBB,BBB,0,0,0,0,4,4,0,unchanged
I00599,Healthcare,2015,AA,AA,0,0,0,0,6,6,0,unchanged
I00600,Energy,2015,BB,BB,0,0,0,0,3,3,0,unchanged
I00601,Utilities,2015,BB,BB,0,0,0,0,3,3,0,unchanged
I00602,Consumer,2015,AA,AA,0,0,0,0,6,6,0,unchanged
I00603,Financials,2015,A,AA,1,0,0,-1,5,6,1,upgrade
I00604,Technology,2015,A,A,0,0,0,0,5,5,0,unchanged
I00605,Telecom,2015,A,A,0,0,0,0,5,5,0,unchanged
I00606,Real_Estate,2015,B,B,0,0,0,0,2,2,0,unchanged
I00607,Retail,2015,BB,BB,0,0,0,0,3,3,0,unchanged
I00608,Industrials,2015,CCC,BBB,1,0,0,-3,1,4,3,upgrade
I00609,Utilities,2015,AAA,AAA,0,0,0,0,7,7,0,unchanged
I00610,Utilities,2015,CCC,BB,1,0,0,-2,1,3,2,upgrade
I00611,Consumer,2015,BBB,BBB,0,0,0,0,4,4,0,unchanged
I00612,Technology,2015,A,A,0,0,0,0,5,5,0,unchanged
I00613,Technology,2015,A,A,0,0,0,0,5,5,0,unchanged
I00614,Industrials,2015,BBB,BBB,0,0,0,0,4,4,0,unchanged
I00615,Healthcare,2015,CCC,CCC,0,0,0,0,1,1,0,unchanged
I00616,Telecom,2015,BBB,BBB,0,0,0,0,4,4,0,unchanged
I00617,Industrials,2015,B,B,0,0,0,0,2,2,0,unchanged
I00618,Retail,2015,B,B,0,0,0,0,2,2,0,unchanged
I00619,Utilities,2015,A,A,0,0,0,0,5,5,0,unchanged
I00620,Healthcare,2015,BBB,BBB,0,0,0,0,4,4,0,unchanged
I00621,Technology,2015,BBB,BBB,0,0,0,0,4,4,0,unchanged
I00622,Retail,2015,CCC,B,1,0,0,-1,1,2,1,upgrade
I00623,Healthcare,2015,CCC,CCC,0,0,0,0,1,1,0,unchanged
I00624,Healthcare,2015,B,D,0,0,1,2,2,0,-2,default
I00625,Telecom,2015,BB,BB,0,0,0,0,3,3,0,unchanged
I00626,Utilities,2015,BB,BBB,1,0,0,-1,3,4,1,upgrade
I00627,Technology,2015,AA,AA,0,0,0,0,6,6,0,unchanged
I00628,Telecom,2015,BBB,BBB,0,0,0,0,4,4,0,unchanged
I00629,Industrials,2015,A,A,0,0,0,0,5,5,0,unchanged
I00630,Energy,2015,BBB,BBB,0,0,0,0,4,4,0,unchanged
I00631,Utilities,2015,BB,BB,0,0,0,0,3,3,0,unchanged
I00632,Industrials,2015,AA,AA,0,0,0,0,6,6,0,unchanged
I00633,Retail,2015,BB,BB,0,0,0,0,3,3,0,unchanged
I00634,Technology,2015,B,D,0,0,1,2,2,0,-2,default
I00635,Consumer,2015,BBB,BBB,0,0,0,0,4,4,0,unchanged
I00636,Consumer,2015,BBB,BBB,0,0,0,0,4,4,0,unchanged
I00637,Consumer,2015,A,A,0,0,0,0,5,5,0,unchanged
I00638,Technology,2015,BB,BB,0,0,0,0,3,3,0,unchanged
I00639,Telecom,2015,B,B,0,0,0,0,2,2,0,unchanged
I00640,Telecom,2015,BBB,BBB,0,0,0,0,4,4,0,unchanged
I00641,Consumer,2015,BBB,BBB,0,0,0,0,4,4,0,unchanged
I00642,Industrials,2015,BB,BB,0,0,0,0,3,3,0,unchanged
I00643,Industrials,2015,AA,AA,0,0,0,0,6,6,0,unchanged
I00644,Utilities,2015,BBB,BBB,0,0,0,0,4,4,0,unchanged
I00645,Retail,2015,BB,B,0,1,0,1,3,2,-1,downgrade
I00646,Industrials,2015,BBB,BBB,0,0,0,0,4,4,0,unchanged
I00647,Real_Estate,2015,BB,BB,0,0,0,0,3,3,0,unchanged
I00648,Financials,2015,A,A,0,0,0,0,5,5,0,unchanged
I00649,Energy,2015,BBB,BBB,0,0,0,0,4,4,0,unchanged
I00650,Utilities,2015,CCC,CCC,0,0,0,0,1,1,0,unchanged
I00651,Utilities,2015,A,A,0,0,0,0,5,5,0,unchanged
I00652,Technology,2015,BBB,BBB,0,0,0,0,4,4,0,unchanged
I00653,Telecom,2015,BB,BB,0,0,0,0,3,3,0,unchanged
I00654,Financials,2015,BB,BB,0,0,0,0,3,3,0,unchanged
I00655,Healthcare,2015,BBB,BBB,0,0,0,0,4,4,0,unchanged
I00656,Financials,2015,BBB,BBB,0,0,0,0,4,4,0,unchanged
I00657,Consumer,2015,B,B,0,0,0,0,2,2,0,unchanged
I00658,Telecom,2015,BBB,BBB,0,0,0,0,4,4,0,unchanged
I00659,Telecom,2015,A,A,0,0,0,0,5,5,0,unchanged
I00660,Industrials,2015,B,B,0,0,0,0,2,2,0,unchanged
I00661,Healthcare,2015,BBB,BBB,0,0,0,0,4,4,0,unchanged
I00662,Real_Estate,2015,B,B,0,0,0,0,2,2,0,unchanged
I00663,Technology,2015,AA,AA,0,0,0,0,6,6,0,unchanged
I00664,Healthcare,2015,A,A,0,0,0,0,5,5,0,unchanged
I00665,Financials,2015,BBB,BBB,0,0,0,0,4,4,0,unchanged
I00666,Telecom,2015,CCC,B,1,0,0,-1,1,2,1,upgrade
I00667,Healthcare,2015,BBB,BBB,0,0,0,0,4,4,0,unchanged
I00668,Retail,2015,A,A,0,0,0,0,5,5,0,unchanged
I00669,Real_Estate,2015,A,A,0,0,0,0,5,5,0,unchanged
I00670,Healthcare,2015,A,A,0,0,0,0,5,5,0,unchanged
I00671,Retail,2015,A,A,0,0,0,0,5,5,0,unchanged
I00672,Retail,2015,B,B,0,0,0,0,2,2,0,unchanged
I00673,Healthcare,2015,BBB,BBB,0,0,0,0,4,4,0,unchanged
I00674,Retail,2015,BB,BB,0,0,0,0,3,3,0,unchanged
I00675,Telecom,2015,A,BB,0,1,0,2,5,3,-2,downgrade
I00676,Retail,2015,CCC,B,1,0,0,-1,1,2,1,upgrade
I00677,Healthcare,2015,BBB,BBB,0,0,0,0,4,4,0,unchanged
I00678,Real_Estate,2015,BBB,BBB,0,0,0,0,4,4,0,unchanged
I00679,Consumer,2015,AA,AA,0,0,0,0,6,6,0,unchanged
I00680,Healthcare,2015,BB,BB,0,0,0,0,3,3,0,unchanged
I00681,Energy,2015,B,B,0,0,0,0,2,2,0,unchanged
I00682,Industrials,2015,CCC,BB,1,0,0,-2,1,3,2,upgrade
I00683,Utilities,2015,BB,BB,0,0,0,0,3,3,0,unchanged
I00684,Real_Estate,2015,BBB,A,1,0,0,-1,4,5,1,upgrade
I00685,Real_Estate,2015,BB,BB,0,0,0,0,3,3,0,unchanged
I00686,Utilities,2015,B,B,0,0,0,0,2,2,0,unchanged
I00687,Telecom,2015,A,A,0,0,0,0,5,5,0,unchanged
I00688,Financials,2015,A,A,0,0,0,0,5,5,0,unchanged
I00689,Industrials,2015,CCC,D,0,0,1,1,1,0,-1,default
I00690,Real_Estate,2015,CCC,CCC,0,0,0,0,1,1,0,unchanged
I00691,Healthcare,2015,B,B,0,0,0,0,2,2,0,unchanged
I00692,Retail,2015,CCC,BB,1,0,0,-2,1,3,2,upgrade
I00693,Financials,2015,BB,BB,0,0,0,0,3,3,0,unchanged
I00694,Financials,2015,A,A,0,0,0,0,5,5,0,unchanged
I00695,Real_Estate,2015,BBB,BBB,0,0,0,0,4,4,0,unchanged
I00696,Healthcare,2015,AAA,AAA,0,0,0,0,7,7,0,unchanged
I00697,Financials,2015,AA,AA,0,0,0,0,6,6,0,unchanged
I00698,Financials,2015,BB,BB,0,0,0,0,3,3,0,unchanged
I00699,Energy,2015,BB,BB,0,0,0,0,3,3,0,unchanged
I00700,Real_Estate,2015,BB,BB,0,0,0,0,3,3,0,unchanged
I00701,Technology,2015,B,B,0,0,0,0,2,2,0,unchanged
I00702,Telecom,2015,BBB,BBB,0,0,0,0,4,4,0,unchanged
I00703,Healthcare,2015,A,A,0,0,0,0,5,5,0,unchanged
I00704,Technology,2015,BBB,BBB,0,0,0,0,4,4,0,unchanged
I00705,Retail,2015,BBB,BBB,0,0,0,0,4,4,0,unchanged
I00706,Industrials,2015,BB,B,0,1,0,1,3,2,-1,downgrade
I00707,Financials,2015,BBB,A,1,0,0,-1,4,5,1,upgrade
I00708,Financials,2015,AA,AA,0,0,0,0,6,6,0,unchanged
I00709,Consumer,2015,CCC,CCC,0,0,0,0,1,1,0,unchanged
I00710,Financials,2015,BBB,BBB,0,0,0,0,4,4,0,unchanged
I00711,Telecom,2015,A,A,0,0,0,0,5,5,0,unchanged
I00712,Retail,2015,BBB,BB,0,1,0,1,4,3,-1,downgrade
I00713,Utilities,2015,CCC,CCC,0,0,0,0,1,1,0,unchanged
I00714,Technology,2015,BBB,A,1,0,0,-1,4,5,1,upgrade
I00715,Healthcare,2015,BBB,BBB,0,0,0,0,4,4,0,unchanged
I00716,Energy,2015,BB,BB,0,0,0,0,3,3,0,unchanged
I00717,Technology,2015,BBB,A,1,0,0,-1,4,5,1,upgrade
I00718,Retail,2015,A,A,0,0,0,0,5,5,0,unchanged
I00719,Consumer,2015,AA,AA,0,0,0,0,6,6,0,unchanged
I00720,Telecom,2015,BBB,BBB,0,0,0,0,4,4,0,unchanged
I00721,Utilities,2015,BB,BB,0,0,0,0,3,3,0,unchanged
I00722,Financials,2015,B,B,0,0,0,0,2,2,0,unchanged
I00723,Industrials,2015,B,CCC,0,1,0,1,2,1,-1,downgrade
I00724,Consumer,2015,BBB,BBB,0,0,0,0,4,4,0,unchanged
I00725,Healthcare,2015,AA,AA,0,0,0,0,6,6,0,unchanged
I00726,Healthcare,2015,AAA,AA,0,1,0,1,7,6,-1,downgrade
I00727,Consumer,2015,B,B,0,0,0,0,2,2,0,unchanged
I00728,Energy,2015,BBB,BBB,0,0,0,0,4,4,0,unchanged
I00729,Telecom,2015,BBB,BBB,0,0,0,0,4,4,0,unchanged
I00730,Healthcare,2015,BBB,B,0,1,0,2,4,2,-2,downgrade
I00731,Utilities,2015,AAA,AAA,0,0,0,0,7,7,0,unchanged
I00732,Consumer,2015,BB,BB,0,0,0,0,3,3,0,unchanged
I00733,Energy,2015,BB,BB,0,0,0,0,3,3,0,unchanged
I00734,Utilities,2015,BB,BB,0,0,0,0,3,3,0,unchanged
I00735,Real_Estate,2015,BBB,B,0,1,0,2,4,2,-2,downgrade
I00736,Healthcare,2015,B,BB,1,0,0,-1,2,3,1,upgrade
I00737,Industrials,2015,CCC,D,0,0,1,1,1,0,-1,default
I00738,Healthcare,2015,BB,BB,0,0,0,0,3,3,0,unchanged
I00739,Telecom,2015,BB,BB,0,0,0,0,3,3,0,unchanged
I00740,Healthcare,2015,CCC,CCC,0,0,0,0,1,1,0,unchanged
I00741,Industrials,2015,B,B,0,0,0,0,2,2,0,unchanged
I00742,Consumer,2015,BBB,A,1,0,0,-1,4,5,1,upgrade
I00743,Industrials,2015,BBB,A,1,0,0,-1,4,5,1,upgrade
I00744,Real_Estate,2015,BB,CCC,0,1,0,2,3,1,-2,downgrade
I00745,Energy,2015,BBB,BBB,0,0,0,0,4,4,0,unchanged
I00746,Financials,2015,B,B,0,0,0,0,2,2,0,unchanged
I00747,Energy,2015,BBB,BBB,0,0,0,0,4,4,0,unchanged
I00748,Utilities,2015,BBB,BBB,0,0,0,0,4,4,0,unchanged
I00749,Telecom,2015,B,B,0,0,0,0,2,2,0,unchanged
I00750,Technology,2015,AA,AA,0,0,0,0,6,6,0,unchanged
I00751,Real_Estate,2015,A,A,0,0,0,0,5,5,0,unchanged
I00752,Retail,2015,AA,AA,0,0,0,0,6,6,0,unchanged
I00753,Industrials,2015,AA,AA,0,0,0,0,6,6,0,unchanged
I00754,Real_Estate,2015,A,A,0,0,0,0,5,5,0,unchanged
I00755,Retail,2015,BBB,A,1,0,0,-1,4,5,1,upgrade
I00756,Financials,2015,BB,BB,0,0,0,0,3,3,0,unchanged
I00757,Industrials,2015,B,B,0,0,0,0,2,2,0,unchanged
I00758,Consumer,2015,BBB,BBB,0,0,0,0,4,4,0,unchanged
I00759,Telecom,2015,BBB,BBB,0,0,0,0,4,4,0,unchanged
I00760,Retail,2015,CCC,CCC,0,0,0,0,1,1,0,unchanged
I00761,Telecom,2015,BBB,A,1,0,0,-1,4,5,1,upgrade
I00762,Retail,2015,BBB,BBB,0,0,0,0,4,4,0,unchanged
I00763,Utilities,2015,B,B,0,0,0,0,2,2,0,unchanged
I00764,Technology,2015,BB,BB,0,0,0,0,3,3,0,unchanged
I00765,Industrials,2015,A,AA,1,0,0,-1,5,6,1,upgrade
I00766,Industrials,2015,A,A,0,0,0,0,5,5,0,unchanged
I00767,Telecom,2015,B,B,0,0,0,0,2,2,0,unchanged
I00768,Energy,2015,BB,A,1,0,0,-2,3,5,2,upgrade
I00769,Retail,2015,BBB,BBB,0,0,0,0,4,4,0,unchanged
I00770,Retail,2015,BBB,BBB,0,0,0,0,4,4,0,unchanged
I00771,Financials,2015,BB,BB,0,0,0,0,3,3,0,unchanged
I00772,Technology,2015,BBB,BBB,0,0,0,0,4,4,0,unchanged
I00773,Industrials,2015,AA,AA,0,0,0,0,6,6,0,unchanged
I00774,Financials,2015,BBB,BBB,0,0,0,0,4,4,0,unchanged
I00775,Financials,2015,A,A,0,0,0,0,5,5,0,unchanged
I00776,Consumer,2015,AA,AA,0,0,0,0,6,6,0,unchanged
I00777,Utilities,2015,BB,BB,0,0,0,0,3,3,0,unchanged
I00778,Financials,2015,BBB,BBB,0,0,0,0,4,4,0,unchanged
I00779,Financials,2015,A,A,0,0,0,0,5,5,0,unchanged
I00780,Consumer,2015,AAA,AAA,0,0,0,0,7,7,0,unchanged
I00781,Industrials,2015,B,B,0,0,0,0,2,2,0,unchanged
I00782,Telecom,2015,A,A,0,0,0,0,5,5,0,unchanged
I00783,Utilities,2015,BBB,BB,0,1,0,1,4,3,-1,downgrade
I00784,Financials,2015,B,B,0,0,0,0,2,2,0,unchanged
I00785,Consumer,2015,B,B,0,0,0,0,2,2,0,unchanged
I00786,Healthcare,2015,AAA,AAA,0,0,0,0,7,7,0,unchanged
I00787,Industrials,2015,A,A,0,0,0,0,5,5,0,unchanged
I00788,Real_Estate,2015,BB,BB,0,0,0,0,3,3,0,unchanged
I00789,Utilities,2015,AAA,AAA,0,0,0,0,7,7,0,unchanged
I00790,Retail,2015,B,B,0,0,0,0,2,2,0,unchanged
I00791,Energy,2015,A,BBB,0,1,0,1,5,4,-1,downgrade
I00792,Real_Estate,2015,AA,AA,0,0,0,0,6,6,0,unchanged
I00793,Consumer,2015,AAA,AAA,0,0,0,0,7,7,0,unchanged
I00794,Energy,2015,BB,BB,0,0,0,0,3,3,0,unchanged
I00795,Consumer,2015,A,A,0,0,0,0,5,5,0,unchanged
I00796,Real_Estate,2015,B,D,0,0,1,2,2,0,-2,default
I00797,Telecom,2015,B,B,0,0,0,0,2,2,0,unchanged
I00798,Consumer,2015,BBB,BBB,0,0,0,0,4,4,0,unchanged
I00799,Industrials,2015,A,A,0,0,0,0,5,5,0,unchanged
I00800,Real_Estate,2015,B,B,0,0,0,0,2,2,0,unchanged
I00801,Telecom,2015,BB,BB,0,0,0,0,3,3,0,unchanged
I00802,Industrials,2015,BBB,BBB,0,0,0,0,4,4,0,unchanged
I00803,Retail,2015,AAA,AAA,0,0,0,0,7,7,0,unchanged
I00804,Healthcare,2015,A,A,0,0,0,0,5,5,0,unchanged
I00805,Real_Estate,2015,CCC,CCC,0,0,0,0,1,1,0,unchanged
I00806,Financials,2015,BB,BB,0,0,0,0,3,3,0,unchanged
I00807,Consumer,2015,BB,BB,0,0,0,0,3,3,0,unchanged
I00808,Energy,2015,A,BBB,0,1,0,1,5,4,-1,downgrade
I00809,Healthcare,2015,B,B,0,0,0,0,2,2,0,unchanged
I00810,Technology,2015,BBB,BBB,0,0,0,0,4,4,0,unchanged
I00811,Telecom,2015,A,A,0,0,0,0,5,5,0,unchanged
I00812,Utilities,2015,A,A,0,0,0,0,5,5,0,unchanged
I00813,Real_Estate,2015,A,A,0,0,0,0,5,5,0,unchanged
I00814,Financials,2015,BB,BB,0,0,0,0,3,3,0,unchanged
I00815,Industrials,2015,BB,D,0,0,1,3,3,0,-3,default
I00816,Telecom,2015,BB,BB,0,0,0,0,3,3,0,unchanged
I00817,Utilities,2015,BB,B,0,1,0,1,3,2,-1,downgrade
I00818,Real_Estate,2015,B,B,0,0,0,0,2,2,0,unchanged
I00819,Real_Estate,2015,BBB,BBB,0,0,0,0,4,4,0,unchanged
I00820,Real_Estate,2015,BB,BB,0,0,0,0,3,3,0,unchanged
I00821,Consumer,2015,BBB,BBB,0,0,0,0,4,4,0,unchanged
I00822,Consumer,2015,BBB,BBB,0,0,0,0,4,4,0,unchanged
I00823,Consumer,2015,A,A,0,0,0,0,5,5,0,unchanged
I00824,Consumer,2015,BB,BB,0,0,0,0,3,3,0,unchanged
I00825,Consumer,2015,CCC,CCC,0,0,0,0,1,1,0,unchanged
I00826,Energy,2015,AA,AA,0,0,0,0,6,6,0,unchanged
I00827,Retail,2015,CCC,CCC,0,0,0,0,1,1,0,unchanged
I00828,Consumer,2015,A,A,0,0,0,0,5,5,0,unchanged
I00829,Industrials,2015,BB,BB,0,0,0,0,3,3,0,unchanged
I00830,Financials,2015,CCC,B,1,0,0,-1,1,2,1,upgrade
I00831,Consumer,2015,BBB,BBB,0,0,0,0,4,4,0,unchanged
I00832,Telecom,2015,BBB,BBB,0,0,0,0,4,4,0,unchanged
I00833,Real_Estate,2015,AA,AA,0,0,0,0,6,6,0,unchanged
I00834,Industrials,2015,AAA,AAA,0,0,0,0,7,7,0,unchanged
I00835,Telecom,2015,AA,AA,0,0,0,0,6,6,0,unchanged
I00836,Financials,2015,A,A,0,0,0,0,5,5,0,unchanged
I00837,Utilities,2015,BB,BB,0,0,0,0,3,3,0,unchanged
I00838,Financials,2015,AA,AA,0,0,0,0,6,6,0,unchanged
I00839,Energy,2015,BBB,BBB,0,0,0,0,4,4,0,unchanged
I00840,Industrials,2015,B,B,0,0,0,0,2,2,0,unchanged
I00841,Industrials,2015,B,CCC,0,1,0,1,2,1,-1,downgrade
I00842,Retail,2015,AAA,AAA,0,0,0,0,7,7,0,unchanged
I00843,Industrials,2015,BBB,A,1,0,0,-1,4,5,1,upgrade
I00844,Utilities,2015,CCC,CCC,0,0,0,0,1,1,0,unchanged
I00845,Industrials,2015,AA,AA,0,0,0,0,6,6,0,unchanged
I00846,Utilities,2015,BB,BB,0,0,0,0,3,3,0,unchanged
I00847,Financials,2015,B,B,0,0,0,0,2,2,0,unchanged
I00848,Technology,2015,AA,AA,0,0,0,0,6,6,0,unchanged
I00849,Technology,2015,CCC,D,0,0,1,1,1,0,-1,default
I00850,Utilities,2015,BBB,BBB,0,0,0,0,4,4,0,unchanged
I00851,Industrials,2015,BBB,BBB,0,0,0,0,4,4,0,unchanged
I00852,Technology,2015,B,B,0,0,0,0,2,2,0,unchanged
I00853,Retail,2015,BB,BB,0,0,0,0,3,3,0,unchanged
I00854,Financials,2015,B,B,0,0,0,0,2,2,0,unchanged
I00855,Financials,2015,AA,AA,0,0,0,0,6,6,0,unchanged
I00856,Technology,2015,B,B,0,0,0,0,2,2,0,unchanged
I00857,Consumer,2015,BBB,BBB,0,0,0,0,4,4,0,unchanged
I00858,Consumer,2015,BBB,BBB,0,0,0,0,4,4,0,unchanged
I00859,Technology,2015,BBB,BBB,0,0,0,0,4,4,0,unchanged
I00860,Real_Estate,2015,CCC,CCC,0,0,0,0,1,1,0,unchanged
I00861,Utilities,2015,CCC,CCC,0,0,0,0,1,1,0,unchanged
I00862,Retail,2015,B,B,0,0,0,0,2,2,0,unchanged
I00863,Technology,2015,BBB,BBB,0,0,0,0,4,4,0,unchanged
I00864,Real_Estate,2015,BBB,BBB,0,0,0,0,4,4,0,unchanged
I00865,Consumer,2015,BBB,A,1,0,0,-1,4,5,1,upgrade
I00866,Utilities,2015,A,A,0,0,0,0,5,5,0,unchanged
I00867,Energy,2015,BBB,BBB,0,0,0,0,4,4,0,unchanged
I00868,Retail,2015,A,A,0,0,0,0,5,5,0,unchanged
I00869,Retail,2015,B,B,0,0,0,0,2,2,0,unchanged
I00870,Energy,2015,B,B,0,0,0,0,2,2,0,unchanged
I00871,Real_Estate,2015,BBB,BBB,0,0,0,0,4,4,0,unchanged
I00872,Telecom,2015,B,B,0,0,0,0,2,2,0,unchanged
I00873,Financials,2015,BBB,BBB,0,0,0,0,4,4,0,unchanged
I00874,Financials,2015,B,B,0,0,0,0,2,2,0,unchanged
I00875,Industrials,2015,BBB,BBB,0,0,0,0,4,4,0,unchanged
I00876,Energy,2015,BB,B,0,1,0,1,3,2,-1,downgrade
I00877,Real_Estate,2015,BBB,BBB,0,0,0,0,4,4,0,unchanged
I00878,Financials,2015,A,A,0,0,0,0,5,5,0,unchanged
I00879,Industrials,2015,AA,AA,0,0,0,0,6,6,0,unchanged
I00880,Retail,2015,BBB,BBB,0,0,0,0,4,4,0,unchanged
I00881,Energy,2015,B,BB,1,0,0,-1,2,3,1,upgrade
I00882,Financials,2015,CCC,BB,1,0,0,-2,1,3,2,upgrade
I00883,Real_Estate,2015,B,B,0,0,0,0,2,2,0,unchanged
I00884,Telecom,2015,AA,AA,0,0,0,0,6,6,0,unchanged
I00885,Technology,2015,A,A,0,0,0,0,5,5,0,unchanged
I00886,Telecom,2015,BB,BB,0,0,0,0,3,3,0,unchanged
I00887,Technology,2015,BBB,BBB,0,0,0,0,4,4,0,unchanged
I00888,Technology,2015,BBB,BBB,0,0,0,0,4,4,0,unchanged
I00889,Retail,2015,A,A,0,0,0,0,5,5,0,unchanged
I00890,Energy,2015,A,A,0,0,0,0,5,5,0,unchanged
I00891,Industrials,2015,BBB,BBB,0,0,0,0,4,4,0,unchanged
I00892,Energy,2015,A,A,0,0,0,0,5,5,0,unchanged
I00893,Real_Estate,2015,B,BB,1,0,0,-1,2,3,1,upgrade
I00894,Energy,2015,BBB,A,1,0,0,-1,4,5,1,upgrade
I00895,Real_Estate,2015,BB,CCC,0,1,0,2,3,1,-2,downgrade
I00896,Telecom,2015,BB,CCC,0,1,0,2,3,1,-2,downgrade
I00897,Real_Estate,2015,AA,AA,0,0,0,0,6,6,0,unchanged
I00898,Retail,2015,BBB,BBB,0,0,0,0,4,4,0,unchanged
I00899,Telecom,2015,BBB,BBB,0,0,0,0,4,4,0,unchanged
I00900,Industrials,2015,BB,BB,0,0,0,0,3,3,0,unchanged
I00901,Energy,2015,B,B,0,0,0,0,2,2,0,unchanged
I00902,Healthcare,2015,BBB,BBB,0,0,0,0,4,4,0,unchanged
I00903,Consumer,2015,BB,BB,0,0,0,0,3,3,0,unchanged
I00904,Technology,2015,B,B,0,0,0,0,2,2,0,unchanged
I00905,Technology,2015,BBB,BB,0,1,0,1,4,3,-1,downgrade
I00906,Financials,2015,BB,BB,0,0,0,0,3,3,0,unchanged
I00907,Healthcare,2015,BB,BBB,1,0,0,-1,3,4,1,upgrade
I00908,Financials,2015,A,A,0,0,0,0,5,5,0,unchanged
I00909,Telecom,2015,BB,BB,0,0,0,0,3,3,0,unchanged
I00910,Energy,2015,BBB,BBB,0,0,0,0,4,4,0,unchanged
I00911,Retail,2015,AA,AA,0,0,0,0,6,6,0,unchanged
I00912,Real_Estate,2015,BB,BB,0,0,0,0,3,3,0,unchanged
I00913,Industrials,2015,BBB,BBB,0,0,0,0,4,4,0,unchanged
I00914,Telecom,2015,BB,BB,0,0,0,0,3,3,0,unchanged
I00915,Technology,2015,AAA,AAA,0,0,0,0,7,7,0,unchanged
I00916,Energy,2015,A,A,0,0,0,0,5,5,0,unchanged
I00917,Industrials,2015,AA,A,0,1,0,1,6,5,-1,downgrade
I00918,Energy,2015,BBB,BBB,0,0,0,0,4,4,0,unchanged
I00919,Consumer,2015,B,B,0,0,0,0,2,2,0,unchanged
I00920,Energy,2015,A,A,0,0,0,0,5,5,0,unchanged
I00921,Financials,2015,AA,AA,0,0,0,0,6,6,0,unchanged
I00922,Telecom,2015,BBB,BBB,0,0,0,0,4,4,0,unchanged
I00923,Consumer,2015,BBB,BBB,0,0,0,0,4,4,0,unchanged
I00924,Healthcare,2015,BB,BBB,1,0,0,-1,3,4,1,upgrade
I00925,Utilities,2015,AA,AA,0,0,0,0,6,6,0,unchanged
I00926,Utilities,2015,CCC,CCC,0,0,0,0,1,1,0,unchanged
I00927,Energy,2015,BBB,BBB,0,0,0,0,4,4,0,unchanged
I00928,Consumer,2015,BBB,BBB,0,0,0,0,4,4,0,unchanged
I00929,Industrials,2015,B,B,0,0,0,0,2,2,0,unchanged
I00930,Real_Estate,2015,A,A,0,0,0,0,5,5,0,unchanged
I00931,Technology,2015,BB,BB,0,0,0,0,3,3,0,unchanged
I00932,Real_Estate,2015,AA,AA,0,0,0,0,6,6,0,unchanged
I00933,Telecom,2015,BBB,BBB,0,0,0,0,4,4,0,unchanged
I00934,Telecom,2015,A,A,0,0,0,0,5,5,0,unchanged
I00935,Technology,2015,BB,BB,0,0,0,0,3,3,0,unchanged
I00936,Energy,2015,BBB,BBB,0,0,0,0,4,4,0,unchanged
I00937,Industrials,2015,BB,BB,0,0,0,0,3,3,0,unchanged
I00938,Telecom,2015,B,B,0,0,0,0,2,2,0,unchanged
I00939,Technology,2015,A,A,0,0,0,0,5,5,0,unchanged
I00940,Financials,2015,AA,AA,0,0,0,0,6,6,0,unchanged
I00941,Energy,2015,CCC,CCC,0,0,0,0,1,1,0,unchanged
I00942,Technology,2015,CCC,CCC,0,0,0,0,1,1,0,unchanged
I00943,Real_Estate,2015,BBB,BB,0,1,0,1,4,3,-1,downgrade
I00944,Healthcare,2015,B,B,0,0,0,0,2,2,0,unchanged
I00945,Industrials,2015,BBB,BBB,0,0,0,0,4,4,0,unchanged
I00946,Utilities,2015,BB,BB,0,0,0,0,3,3,0,unchanged
I00947,Telecom,2015,A,A,0,0,0,0,5,5,0,unchanged
I00948,Technology,2015,BBB,BB,0,1,0,1,4,3,-1,downgrade
I00949,Financials,2015,BBB,BBB,0,0,0,0,4,4,0,unchanged
I00950,Telecom,2015,B,B,0,0,0,0,2,2,0,unchanged
I00951,Real_Estate,2015,A,A,0,0,0,0,5,5,0,unchanged
I00952,Technology,2015,CCC,CCC,0,0,0,0,1,1,0,unchanged
I00953,Real_Estate,2015,B,B,0,0,0,0,2,2,0,unchanged
I00954,Healthcare,2015,A,A,0,0,0,0,5,5,0,unchanged
I00955,Real_Estate,2015,CCC,B,1,0,0,-1,1,2,1,upgrade
I00956,Consumer,2015,BB,BB,0,0,0,0,3,3,0,unchanged
I00957,Healthcare,2015,BB,BBB,1,0,0,-1,3,4,1,upgrade
I00958,Healthcare,2015,BBB,BBB,0,0,0,0,4,4,0,unchanged
I00959,Utilities,2015,BBB,BBB,0,0,0,0,4,4,0,unchanged
I00960,Industrials,2015,BB,BB,0,0,0,0,3,3,0,unchanged
I00961,Telecom,2015,BBB,BB,0,1,0,1,4,3,-1,downgrade
I00962,Healthcare,2015,AA,AA,0,0,0,0,6,6,0,unchanged
I00963,Utilities,2015,A,A,0,0,0,0,5,5,0,unchanged
I00964,Financials,2015,BBB,BBB,0,0,0,0,4,4,0,unchanged
I00965,Consumer,2015,A,A,0,0,0,0,5,5,0,unchanged
I00966,Healthcare,2015,BBB,BBB,0,0,0,0,4,4,0,unchanged
I00967,Retail,2015,B,B,0,0,0,0,2,2,0,unchanged
I00968,Healthcare,2015,AA,AA,0,0,0,0,6,6,0,unchanged
I00969,Financials,2015,B,B,0,0,0,0,2,2,0,unchanged
I00970,Real_Estate,2015,BBB,BBB,0,0,0,0,4,4,0,unchanged
I00971,Real_Estate,2015,B,B,0,0,0,0,2,2,0,unchanged
I00972,Utilities,2015,BBB,BBB,0,0,0,0,4,4,0,unchanged
I00973,Energy,2015,A,A,0,0,0,0,5,5,0,unchanged
I00974,Healthcare,2015,A,A,0,0,0,0,5,5,0,unchanged
I00975,Real_Estate,2015,BBB,BBB,0,0,0,0,4,4,0,unchanged
I00976,Consumer,2015,CCC,CCC,0,0,0,0,1,1,0,unchanged
I00977,Industrials,2015,AA,AA,0,0,0,0,6,6,0,unchanged
I00978,Utilities,2015,BB,BB,0,0,0,0,3,3,0,unchanged
I00979,Retail,2015,CCC,CCC,0,0,0,0,1,1,0,unchanged
I00980,Financials,2015,AAA,AA,0,1,0,1,7,6,-1,downgrade
I00981,Financials,2015,BBB,BBB,0,0,0,0,4,4,0,unchanged
I00982,Telecom,2015,BBB,BBB,0,0,0,0,4,4,0,unchanged
I00983,Industrials,2015,BB,BB,0,0,0,0,3,3,0,unchanged
I00984,Consumer,2015,AA,AA,0,0,0,0,6,6,0,unchanged
I00985,Energy,2015,A,A,0,0,0,0,5,5,0,unchanged
I00986,Industrials,2015,BBB,BBB,0,0,0,0,4,4,0,unchanged
I00987,Healthcare,2015,BB,BB,0,0,0,0,3,3,0,unchanged
I00988,Real_Estate,2015,B,B,0,0,0,0,2,2,0,unchanged
I00989,Industrials,2015,A,A,0,0,0,0,5,5,0,unchanged
I00990,Energy,2015,AA,AA,0,0,0,0,6,6,0,unchanged
I00991,Consumer,2015,CCC,D,0,0,1,1,1,0,-1,default
I00992,Technology,2015,B,BB,1,0,0,-1,2,3,1,upgrade
I00993,Retail,2015,BB,BB,0,0,0,0,3,3,0,unchanged
I00994,Healthcare,2015,B,B,0,0,0,0,2,2,0,unchanged
I00995,Utilities,2015,B,B,0,0,0,0,2,2,0,unchanged
I00996,Real_Estate,2015,B,B,0,0,0,0,2,2,0,unchanged
I00997,Energy,2015,AAA,AAA,0,0,0,0,7,7,0,unchanged
I00998,Healthcare,2015,BBB,BBB,0,0,0,0,4,4,0,unchanged
I00999,Healthcare,2015,BBB,BBB,0,0,0,0,4,4,0,unchanged
I01000,Retail,2015,BB,BB,0,0,0,0,3,3,0,unchanged
I01001,Telecom,2015,BB,B,0,1,0,1,3,2,-1,downgrade
I01002,Real_Estate,2015,BB,BB,0,0,0,0,3,3,0,unchanged
I01003,Telecom,2015,BBB,BBB,0,0,0,0,4,4,0,unchanged
I01004,Financials,2015,BB,BBB,1,0,0,-1,3,4,1,upgrade
I01005,Industrials,2015,B,B,0,0,0,0,2,2,0,unchanged
I01006,Real_Estate,2015,CCC,CCC,0,0,0,0,1,1,0,unchanged
I01007,Technology,2015,CCC,CCC,0,0,0,0,1,1,0,unchanged
I01008,Retail,2015,CCC,CCC,0,0,0,0,1,1,0,unchanged
I01009,Consumer,2015,AA,A,0,1,0,1,6,5,-1,downgrade
I01010,Energy,2015,BBB,BBB,0,0,0,0,4,4,0,unchanged
I01011,Energy,2015,AAA,AA,0,1,0,1,7,6,-1,downgrade
I01012,Consumer,2015,B,B,0,0,0,0,2,2,0,unchanged
I01013,Technology,2015,A,A,0,0,0,0,5,5,0,unchanged
I01014,Healthcare,2015,BBB,BBB,0,0,0,0,4,4,0,unchanged
I01015,Energy,2015,BBB,BBB,0,0,0,0,4,4,0,unchanged
I01016,Consumer,2015,AAA,AAA,0,0,0,0,7,7,0,unchanged
I01017,Retail,2015,BBB,BBB,0,0,0,0,4,4,0,unchanged
I01018,Healthcare,2015,AA,AA,0,0,0,0,6,6,0,unchanged
I01019,Real_Estate,2015,B,D,0,0,1,2,2,0,-2,default
I01020,Financials,2015,BBB,BBB,0,0,0,0,4,4,0,unchanged
I01021,Utilities,2015,A,A,0,0,0,0,5,5,0,unchanged
I01022,Utilities,2015,BBB,BBB,0,0,0,0,4,4,0,unchanged
I01023,Healthcare,2015,BBB,BBB,0,0,0,0,4,4,0,unchanged
I01024,Technology,2015,BBB,BBB,0,0,0,0,4,4,0,unchanged
I01025,Utilities,2015,B,B,0,0,0,0,2,2,0,unchanged
I01026,Energy,2015,CCC,CCC,0,0,0,0,1,1,0,unchanged
I01027,Real_Estate,2015,AA,AA,0,0,0,0,6,6,0,unchanged
I01028,Energy,2015,CCC,CCC,0,0,0,0,1,1,0,unchanged
I01029,Utilities,2015,BBB,BBB,0,0,0,0,4,4,0,unchanged
I01030,Technology,2015,CCC,CCC,0,0,0,0,1,1,0,unchanged
I01031,Utilities,2015,BBB,BBB,0,0,0,0,4,4,0,unchanged
I01032,Financials,2015,BB,BB,0,0,0,0,3,3,0,unchanged
I01033,Utilities,2015,CCC,D,0,0,1,1,1,0,-1,default
I01034,Energy,2015,BBB,A,1,0,0,-1,4,5,1,upgrade
I01035,Technology,2015,B,B,0,0,0,0,2,2,0,unchanged
I01036,Telecom,2015,BB,BB,0,0,0,0,3,3,0,unchanged
I01037,Real_Estate,2015,CCC,D,0,0,1,1,1,0,-1,default
I01038,Real_Estate,2015,BBB,A,1,0,0,-1,4,5,1,upgrade
I01039,Energy,2015,BBB,BBB,0,0,0,0,4,4,0,unchanged
I01040,Telecom,2015,AAA,AAA,0,0,0,0,7,7,0,unchanged
I01041,Telecom,2015,BBB,BBB,0,0,0,0,4,4,0,unchanged
I01042,Utilities,2015,A,AA,1,0,0,-1,5,6,1,upgrade
I01043,Retail,2015,B,B,0,0,0,0,2,2,0,unchanged
I01044,Telecom,2015,A,A,0,0,0,0,5,5,0,unchanged
I01045,Technology,2015,BB,BB,0,0,0,0,3,3,0,unchanged
I01046,Financials,2015,BB,BB,0,0,0,0,3,3,0,unchanged
I01047,Consumer,2015,A,A,0,0,0,0,5,5,0,unchanged
I01048,Retail,2015,B,BB,1,0,0,-1,2,3,1,upgrade
I01049,Retail,2015,AA,AA,0,0,0,0,6,6,0,unchanged
I01050,Utilities,2015,BBB,BBB,0,0,0,0,4,4,0,unchanged
I01051,Retail,2015,BBB,BBB,0,0,0,0,4,4,0,unchanged
I01052,Consumer,2015,B,D,0,0,1,2,2,0,-2,default
I01053,Retail,2015,BBB,BBB,0,0,0,0,4,4,0,unchanged
I01054,Energy,2015,AA,AA,0,0,0,0,6,6,0,unchanged
I01055,Energy,2015,AAA,AAA,0,0,0,0,7,7,0,unchanged
I01056,Telecom,2015,BB,BB,0,0,0,0,3,3,0,unchanged
I01057,Energy,2015,BB,BB,0,0,0,0,3,3,0,unchanged
I01058,Retail,2015,BB,BB,0,0,0,0,3,3,0,unchanged
I01059,Retail,2015,BBB,BBB,0,0,0,0,4,4,0,unchanged
I01060,Financials,2015,BBB,BBB,0,0,0,0,4,4,0,unchanged
I01061,Industrials,2015,BBB,BBB,0,0,0,0,4,4,0,unchanged
I01062,Energy,2015,BB,BBB,1,0,0,-1,3,4,1,upgrade
I01063,Consumer,2015,CCC,CCC,0,0,0,0,1,1,0,unchanged
I01064,Utilities,2015,B,B,0,0,0,0,2,2,0,unchanged
I01065,Healthcare,2015,BBB,BBB,0,0,0,0,4,4,0,unchanged
I01066,Consumer,2015,BBB,BBB,0,0,0,0,4,4,0,unchanged
I01067,Healthcare,2015,BB,BB,0,0,0,0,3,3,0,unchanged
I01068,Real_Estate,2015,CCC,CCC,0,0,0,0,1,1,0,unchanged
I01069,Telecom,2015,BB,BBB,1,0,0,-1,3,4,1,upgrade
I01070,Telecom,2015,BB,BB,0,0,0,0,3,3,0,unchanged
I01071,Retail,2015,BB,BB,0,0,0,0,3,3,0,unchanged
I01072,Technology,2015,BBB,BBB,0,0,0,0,4,4,0,unchanged
I01073,Real_Estate,2015,BBB,BBB,0,0,0,0,4,4,0,unchanged
I01074,Industrials,2015,AAA,AAA,0,0,0,0,7,7,0,unchanged
I01075,Energy,2015,BBB,BBB,0,0,0,0,4,4,0,unchanged
I01076,Industrials,2015,BB,BB,0,0,0,0,3,3,0,unchanged
I01077,Technology,2015,BB,BB,0,0,0,0,3,3,0,unchanged
I01078,Telecom,2015,CCC,CCC,0,0,0,0,1,1,0,unchanged
I01079,Healthcare,2015,BB,BB,0,0,0,0,3,3,0,unchanged
I01080,Technology,2015,BB,BB,0,0,0,0,3,3,0,unchanged
I01081,Healthcare,2015,BBB,BBB,0,0,0,0,4,4,0,unchanged
I01082,Technology,2015,A,A,0,0,0,0,5,5,0,unchanged
I01083,Healthcare,2015,A,AA,1,0,0,-1,5,6,1,upgrade
I01084,Retail,2015,CCC,BBB,1,0,0,-3,1,4,3,upgrade
I01085,Consumer,2015,BBB,BBB,0,0,0,0,4,4,0,unchanged
I01086,Industrials,2015,BB,BB,0,0,0,0,3,3,0,unchanged
I01087,Utilities,2015,B,B,0,0,0,0,2,2,0,unchanged
I01088,Real_Estate,2015,A,A,0,0,0,0,5,5,0,unchanged
I01089,Real_Estate,2015,BB,BB,0,0,0,0,3,3,0,unchanged
I01090,Financials,2015,BBB,BB,0,1,0,1,4,3,-1,downgrade
I01091,Consumer,2015,A,A,0,0,0,0,5,5,0,unchanged
I01092,Consumer,2015,BB,BB,0,0,0,0,3,3,0,unchanged
I01093,Real_Estate,2015,BBB,BBB,0,0,0,0,4,4,0,unchanged
I01094,Technology,2015,A,A,0,0,0,0,5,5,0,unchanged
I01095,Industrials,2015,AA,AA,0,0,0,0,6,6,0,unchanged
I01096,Real_Estate,2015,A,A,0,0,0,0,5,5,0,unchanged
I01097,Healthcare,2015,BB,BB,0,0,0,0,3,3,0,unchanged
I01098,Telecom,2015,BBB,BBB,0,0,0,0,4,4,0,unchanged
I01099,Telecom,2015,BBB,A,1,0,0,-1,4,5,1,upgrade
I01100,Retail,2015,BBB,BBB,0,0,0,0,4,4,0,unchanged
I01101,Industrials,2015,BBB,BBB,0,0,0,0,4,4,0,unchanged
I01102,Retail,2015,A,BBB,0,1,0,1,5,4,-1,downgrade
I01103,Healthcare,2015,B,B,0,0,0,0,2,2,0,unchanged
I01104,Healthcare,2015,BBB,BBB,0,0,0,0,4,4,0,unchanged
I01105,Technology,2015,BBB,BBB,0,0,0,0,4,4,0,unchanged
I01106,Industrials,2015,BB,BB,0,0,0,0,3,3,0,unchanged
I01107,Consumer,2015,CCC,CCC,0,0,0,0,1,1,0,unchanged
I01108,Real_Estate,2015,BB,BB,0,0,0,0,3,3,0,unchanged
I01109,Industrials,2015,BBB,BBB,0,0,0,0,4,4,0,unchanged
I01110,Energy,2015,A,A,0,0,0,0,5,5,0,unchanged
I01111,Financials,2015,B,B,0,0,0,0,2,2,0,unchanged
I01112,Technology,2015,A,A,0,0,0,0,5,5,0,unchanged
I01113,Healthcare,2015,BB,B,0,1,0,1,3,2,-1,downgrade
I01114,Industrials,2015,BB,BB,0,0,0,0,3,3,0,unchanged
I01115,Telecom,2015,BBB,BBB,0,0,0,0,4,4,0,unchanged
I01116,Real_Estate,2015,BB,BB,0,0,0,0,3,3,0,unchanged
I01117,Energy,2015,A,A,0,0,0,0,5,5,0,unchanged
I01118,Consumer,2015,BBB,BBB,0,0,0,0,4,4,0,unchanged
I01119,Retail,2015,BB,BB,0,0,0,0,3,3,0,unchanged
I01120,Real_Estate,2015,BBB,BBB,0,0,0,0,4,4,0,unchanged
I01121,Energy,2015,A,A,0,0,0,0,5,5,0,unchanged
I01122,Telecom,2015,BB,BB,0,0,0,0,3,3,0,unchanged
I01123,Technology,2015,CCC,B,1,0,0,-1,1,2,1,upgrade
I01124,Energy,2015,BB,BB,0,0,0,0,3,3,0,unchanged
I01125,Financials,2015,BBB,BBB,0,0,0,0,4,4,0,unchanged
I01126,Financials,2015,BBB,BBB,0,0,0,0,4,4,0,unchanged
I01127,Industrials,2015,B,B,0,0,0,0,2,2,0,unchanged
I01128,Technology,2015,BBB,BBB,0,0,0,0,4,4,0,unchanged
I01129,Retail,2015,BBB,BBB,0,0,0,0,4,4,0,unchanged
I01130,Healthcare,2015,BBB,BBB,0,0,0,0,4,4,0,unchanged
I01131,Energy,2015,CCC,CCC,0,0,0,0,1,1,0,unchanged
I01132,Energy,2015,B,CCC,0,1,0,1,2,1,-1,downgrade
I01133,Industrials,2015,A,A,0,0,0,0,5,5,0,unchanged
I01134,Energy,2015,BBB,BBB,0,0,0,0,4,4,0,unchanged
I01135,Energy,2015,A,AA,1,0,0,-1,5,6,1,upgrade
I01136,Energy,2015,BBB,BBB,0,0,0,0,4,4,0,unchanged
I01137,Telecom,2015,AA,AA,0,0,0,0,6,6,0,unchanged
I01138,Technology,2015,BBB,BBB,0,0,0,0,4,4,0,unchanged
I01139,Consumer,2015,BB,BB,0,0,0,0,3,3,0,unchanged
I01140,Technology,2015,CCC,CCC,0,0,0,0,1,1,0,unchanged
I01141,Financials,2015,BBB,BBB,0,0,0,0,4,4,0,unchanged
I01142,Financials,2015,AA,AA,0,0,0,0,6,6,0,unchanged
I01143,Financials,2015,B,CCC,0,1,0,1,2,1,-1,downgrade
I01144,Real_Estate,2015,CCC,B,1,0,0,-1,1,2,1,upgrade
I01145,Retail,2015,B,B,0,0,0,0,2,2,0,unchanged
I01146,Utilities,2015,BBB,BBB,0,0,0,0,4,4,0,unchanged
I01147,Energy,2015,BB,BB,0,0,0,0,3,3,0,unchanged
I01148,Technology,2015,B,BB,1,0,0,-1,2,3,1,upgrade
I01149,Utilities,2015,B,B,0,0,0,0,2,2,0,unchanged
I01150,Telecom,2015,CCC,D,0,0,1,1,1,0,-1,default
I01151,Energy,2015,BB,BB,0,0,0,0,3,3,0,unchanged
I01152,Consumer,2015,BB,BBB,1,0,0,-1,3,4,1,upgrade
I01153,Technology,2015,A,A,0,0,0,0,5,5,0,unchanged
I01154,Financials,2015,BB,BBB,1,0,0,-1,3,4,1,upgrade
I01155,Financials,2015,BBB,BBB,0,0,0,0,4,4,0,unchanged
I01156,Energy,2015,A,A,0,0,0,0,5,5,0,unchanged
I01157,Retail,2015,CCC,D,0,0,1,1,1,0,-1,default
I01158,Energy,2015,B,B,0,0,0,0,2,2,0,unchanged
I01159,Energy,2015,A,A,0,0,0,0,5,5,0,unchanged
I01160,Healthcare,2015,B,B,0,0,0,0,2,2,0,unchanged
I01161,Retail,2015,CCC,D,0,0,1,1,1,0,-1,default
I01162,Industrials,2015,B,BB,1,0,0,-1,2,3,1,upgrade
I01163,Utilities,2015,B,B,0,0,0,0,2,2,0,unchanged
I01164,Retail,2015,AA,AA,0,0,0,0,6,6,0,unchanged
I01165,Real_Estate,2015,BB,BB,0,0,0,0,3,3,0,unchanged
I01166,Telecom,2015,BBB,BBB,0,0,0,0,4,4,0,unchanged
I01167,Retail,2015,A,A,0,0,0,0,5,5,0,unchanged
I01168,Energy,2015,BBB,A,1,0,0,-1,4,5,1,upgrade
I01169,Energy,2015,CCC,CCC,0,0,0,0,1,1,0,unchanged
I01170,Utilities,2015,A,A,0,0,0,0,5,5,0,unchanged
I01171,Industrials,2015,A,A,0,0,0,0,5,5,0,unchanged
I01172,Industrials,2015,BBB,BBB,0,0,0,0,4,4,0,unchanged
I01173,Consumer,2015,BB,B,0,1,0,1,3,2,-1,downgrade
I01174,Utilities,2015,AA,AA,0,0,0,0,6,6,0,unchanged
I01175,Consumer,2015,BBB,BBB,0,0,0,0,4,4,0,unchanged
I01176,Technology,2015,AAA,AAA,0,0,0,0,7,7,0,unchanged
I01177,Consumer,2015,BB,BB,0,0,0,0,3,3,0,unchanged
I01178,Financials,2015,A,A,0,0,0,0,5,5,0,unchanged
I01179,Financials,2015,AA,AA,0,0,0,0,6,6,0,unchanged
I01180,Financials,2015,BB,BB,0,0,0,0,3,3,0,unchanged
I01181,Real_Estate,2015,BB,BB,0,0,0,0,3,3,0,unchanged
I01182,Technology,2015,BB,BB,0,0,0,0,3,3,0,unchanged
I01183,Financials,2015,B,B,0,0,0,0,2,2,0,unchanged
I01184,Financials,2015,BBB,BBB,0,0,0,0,4,4,0,unchanged
I01185,Healthcare,2015,BB,BBB,1,0,0,-1,3,4,1,upgrade
I01186,Financials,2015,A,A,0,0,0,0,5,5,0,unchanged
I01187,Industrials,2015,CCC,D,0,0,1,1,1,0,-1,default
I01188,Retail,2015,BB,BB,0,0,0,0,3,3,0,unchanged
I01189,Energy,2015,BB,B,0,1,0,1,3,2,-1,downgrade
I01190,Energy,2015,BB,BB,0,0,0,0,3,3,0,unchanged
I01191,Financials,2015,BBB,A,1,0,0,-1,4,5,1,upgrade
I01192,Telecom,2015,B,D,0,0,1,2,2,0,-2,default
I01193,Healthcare,2015,BBB,BB,0,1,0,1,4,3,-1,downgrade
I01194,Financials,2015,BBB,BBB,0,0,0,0,4,4,0,unchanged
I01195,Energy,2015,BBB,BBB,0,0,0,0,4,4,0,unchanged
I01196,Healthcare,2015,B,B,0,0,0,0,2,2,0,unchanged
I01197,Healthcare,2015,AAA,AAA,0,0,0,0,7,7,0,unchanged
I01198,Telecom,2015,CCC,B,1,0,0,-1,1,2,1,upgrade
I01199,Healthcare,2015,BBB,BBB,0,0,0,0,4,4,0,unchanged
I01200,Consumer,2015,BB,BB,0,0,0,0,3,3,0,unchanged
I01201,Real_Estate,2015,A,A,0,0,0,0,5,5,0,unchanged
I01202,Utilities,2015,A,A,0,0,0,0,5,5,0,unchanged
I01203,Retail,2015,B,B,0,0,0,0,2,2,0,unchanged
I01204,Utilities,2015,BBB,BBB,0,0,0,0,4,4,0,unchanged
I01205,Energy,2015,BBB,BB,0,1,0,1,4,3,-1,downgrade
I01206,Retail,2015,AA,AA,0,0,0,0,6,6,0,unchanged
I01207,Healthcare,2015,A,A,0,0,0,0,5,5,0,unchanged
I01208,Real_Estate,2015,BBB,BBB,0,0,0,0,4,4,0,unchanged
I01209,Industrials,2015,B,B,0,0,0,0,2,2,0,unchanged
I01210,Energy,2015,BB,BB,0,0,0,0,3,3,0,unchanged
I01211,Financials,2015,AA,AA,0,0,0,0,6,6,0,unchanged
I01212,Technology,2015,BB,BB,0,0,0,0,3,3,0,unchanged
I01213,Healthcare,2015,BBB,BBB,0,0,0,0,4,4,0,unchanged
I01214,Consumer,2015,BB,BB,0,0,0,0,3,3,0,unchanged
I01215,Healthcare,2015,BB,BB,0,0,0,0,3,3,0,unchanged
I01216,Energy,2015,BB,BB,0,0,0,0,3,3,0,unchanged
I01217,Healthcare,2015,BB,BB,0,0,0,0,3,3,0,unchanged
I01218,Energy,2015,BB,BB,0,0,0,0,3,3,0,unchanged
I01219,Energy,2015,BBB,BBB,0,0,0,0,4,4,0,unchanged
I01220,Healthcare,2015,AA,A,0,1,0,1,6,5,-1,downgrade
I01221,Consumer,2015,B,CCC,0,1,0,1,2,1,-1,downgrade
I01222,Technology,2015,BBB,A,1,0,0,-1,4,5,1,upgrade
I01223,Technology,2015,B,D,0,0,1,2,2,0,-2,default
I01224,Industrials,2015,A,A,0,0,0,0,5,5,0,unchanged
I01225,Healthcare,2015,AA,AA,0,0,0,0,6,6,0,unchanged
I01226,Consumer,2015,BBB,BBB,0,0,0,0,4,4,0,unchanged
I01227,Financials,2015,BB,A,1,0,0,-2,3,5,2,upgrade
I01228,Financials,2015,AA,AA,0,0,0,0,6,6,0,unchanged
I01229,Technology,2015,BBB,BBB,0,0,0,0,4,4,0,unchanged
I01230,Healthcare,2015,BBB,BBB,0,0,0,0,4,4,0,unchanged
I01231,Energy,2015,BB,B,0,1,0,1,3,2,-1,downgrade
I01232,Energy,2015,CCC,D,0,0,1,1,1,0,-1,default
I01233,Utilities,2015,BBB,BBB,0,0,0,0,4,4,0,unchanged
I01234,Real_Estate,2015,B,CCC,0,1,0,1,2,1,-1,downgrade
I01235,Real_Estate,2015,B,B,0,0,0,0,2,2,0,unchanged
I01236,Telecom,2015,BBB,BBB,0,0,0,0,4,4,0,unchanged
I01237,Telecom,2015,CCC,D,0,0,1,1,1,0,-1,default
I01238,Retail,2015,BBB,BBB,0,0,0,0,4,4,0,unchanged
I01239,Energy,2015,BB,BB,0,0,0,0,3,3,0,unchanged
I01240,Energy,2015,B,B,0,0,0,0,2,2,0,unchanged
I01241,Healthcare,2015,BBB,BBB,0,0,0,0,4,4,0,unchanged
I01242,Retail,2015,BBB,BBB,0,0,0,0,4,4,0,unchanged
I01243,Consumer,2015,A,A,0,0,0,0,5,5,0,unchanged
I01244,Telecom,2015,B,B,0,0,0,0,2,2,0,unchanged
I01245,Retail,2015,A,A,0,0,0,0,5,5,0,unchanged
I01246,Retail,2015,BBB,BBB,0,0,0,0,4,4,0,unchanged
I01247,Retail,2015,AA,AA,0,0,0,0,6,6,0,unchanged
I01248,Healthcare,2015,BB,BB,0,0,0,0,3,3,0,unchanged
I01249,Energy,2015,BB,BB,0,0,0,0,3,3,0,unchanged
I01250,Utilities,2015,CCC,CCC,0,0,0,0,1,1,0,unchanged
I01251,Utilities,2015,B,BB,1,0,0,-1,2,3,1,upgrade
I01252,Retail,2015,BB,BB,0,0,0,0,3,3,0,unchanged
I01253,Industrials,2015,AAA,AAA,0,0,0,0,7,7,0,unchanged
I01254,Telecom,2015,BB,BB,0,0,0,0,3,3,0,unchanged
I01255,Real_Estate,2015,BBB,BBB,0,0,0,0,4,4,0,unchanged
I01256,Retail,2015,BBB,BBB,0,0,0,0,4,4,0,unchanged
I01257,Energy,2015,A,A,0,0,0,0,5,5,0,unchanged
I01258,Industrials,2015,A,A,0,0,0,0,5,5,0,unchanged
I01259,Energy,2015,BBB,BBB,0,0,0,0,4,4,0,unchanged
I01260,Industrials,2015,CCC,AAA,1,0,0,-6,1,7,6,upgrade
I01261,Telecom,2015,BB,BB,0,0,0,0,3,3,0,unchanged
I01262,Industrials,2015,BBB,BBB,0,0,0,0,4,4,0,unchanged
I01263,Consumer,2015,BB,BB,0,0,0,0,3,3,0,unchanged
I01264,Energy,2015,B,B,0,0,0,0,2,2,0,unchanged
I01265,Telecom,2015,AA,AA,0,0,0,0,6,6,0,unchanged
I01266,Utilities,2015,AAA,AAA,0,0,0,0,7,7,0,unchanged
I01267,Real_Estate,2015,B,B,0,0,0,0,2,2,0,unchanged
I01268,Energy,2015,B,B,0,0,0,0,2,2,0,unchanged
I01269,Consumer,2015,BB,BB,0,0,0,0,3,3,0,unchanged
I01270,Energy,2015,BBB,BBB,0,0,0,0,4,4,0,unchanged
I01271,Healthcare,2015,A,A,0,0,0,0,5,5,0,unchanged
I01272,Telecom,2015,BB,BB,0,0,0,0,3,3,0,unchanged
I01273,Healthcare,2015,A,A,0,0,0,0,5,5,0,unchanged
I01274,Healthcare,2015,A,A,0,0,0,0,5,5,0,unchanged
I01275,Utilities,2015,A,A,0,0,0,0,5,5,0,unchanged
I01276,Utilities,2015,A,A,0,0,0,0,5,5,0,unchanged
I01277,Retail,2015,B,B,0,0,0,0,2,2,0,unchanged
I01278,Healthcare,2015,BB,BB,0,0,0,0,3,3,0,unchanged
I01279,Financials,2015,BBB,BBB,0,0,0,0,4,4,0,unchanged
I01280,Industrials,2015,B,B,0,0,0,0,2,2,0,unchanged
I01281,Healthcare,2015,AA,AA,0,0,0,0,6,6,0,unchanged
I01282,Retail,2015,BB,BB,0,0,0,0,3,3,0,unchanged
I01283,Telecom,2015,A,A,0,0,0,0,5,5,0,unchanged
I01284,Technology,2015,BB,BB,0,0,0,0,3,3,0,unchanged
I01285,Retail,2015,B,B,0,0,0,0,2,2,0,unchanged
I01286,Telecom,2015,A,A,0,0,0,0,5,5,0,unchanged
I01287,Financials,2015,A,A,0,0,0,0,5,5,0,unchanged
I01288,Financials,2015,A,A,0,0,0,0,5,5,0,unchanged
I01289,Industrials,2015,A,A,0,0,0,0,5,5,0,unchanged
I01290,Retail,2015,B,B,0,0,0,0,2,2,0,unchanged
I01291,Financials,2015,A,A,0,0,0,0,5,5,0,unchanged
I01292,Utilities,2015,BB,BB,0,0,0,0,3,3,0,unchanged
I01293,Technology,2015,CCC,D,0,0,1,1,1,0,-1,default
I01294,Telecom,2015,B,B,0,0,0,0,2,2,0,unchanged
I01295,Healthcare,2015,A,A,0,0,0,0,5,5,0,unchanged
I01296,Telecom,2015,BB,BB,0,0,0,0,3,3,0,unchanged
I01297,Retail,2015,AA,AA,0,0,0,0,6,6,0,unchanged
I01298,Telecom,2015,A,A,0,0,0,0,5,5,0,unchanged
I01299,Healthcare,2015,A,A,0,0,0,0,5,5,0,unchanged
I01300,Financials,2015,CCC,D,0,0,1,1,1,0,-1,default
I01301,Telecom,2015,BB,B,0,1,0,1,3,2,-1,downgrade
I01302,Consumer,2015,CCC,CCC,0,0,0,0,1,1,0,unchanged
I01303,Technology,2015,BBB,BBB,0,0,0,0,4,4,0,unchanged
I01304,Telecom,2015,BBB,BB,0,1,0,1,4,3,-1,downgrade
I01305,Retail,2015,BB,BB,0,0,0,0,3,3,0,unchanged
I01306,Industrials,2015,BB,BB,0,0,0,0,3,3,0,unchanged
I01307,Real_Estate,2015,AA,AA,0,0,0,0,6,6,0,unchanged
I01308,Financials,2015,BB,BBB,1,0,0,-1,3,4,1,upgrade
I01309,Technology,2015,CCC,B,1,0,0,-1,1,2,1,upgrade
I01310,Industrials,2015,BBB,BBB,0,0,0,0,4,4,0,unchanged
I01311,Telecom,2015,A,A,0,0,0,0,5,5,0,unchanged
I01312,Consumer,2015,BB,BB,0,0,0,0,3,3,0,unchanged
I01313,Consumer,2015,BBB,BBB,0,0,0,0,4,4,0,unchanged
I01314,Industrials,2015,BBB,BBB,0,0,0,0,4,4,0,unchanged
I01315,Energy,2015,BBB,BBB,0,0,0,0,4,4,0,unchanged
I01316,Financials,2015,B,B,0,0,0,0,2,2,0,unchanged
I01317,Consumer,2015,BB,BB,0,0,0,0,3,3,0,unchanged
I01318,Consumer,2015,CCC,D,0,0,1,1,1,0,-1,default
I01319,Retail,2015,B,B,0,0,0,0,2,2,0,unchanged
I01320,Healthcare,2015,BB,BB,0,0,0,0,3,3,0,unchanged
I01321,Healthcare,2015,AAA,AAA,0,0,0,0,7,7,0,unchanged
I01322,Real_Estate,2015,CCC,CCC,0,0,0,0,1,1,0,unchanged
I01323,Consumer,2015,AA,AA,0,0,0,0,6,6,0,unchanged
I01324,Real_Estate,2015,A,A,0,0,0,0,5,5,0,unchanged
I01325,Real_Estate,2015,CCC,CCC,0,0,0,0,1,1,0,unchanged
I01326,Retail,2015,B,B,0,0,0,0,2,2,0,unchanged
I01327,Utilities,2015,A,BBB,0,1,0,1,5,4,-1,downgrade
I01328,Technology,2015,A,A,0,0,0,0,5,5,0,unchanged
I01329,Industrials,2015,BBB,BBB,0,0,0,0,4,4,0,unchanged
I01330,Telecom,2015,A,A,0,0,0,0,5,5,0,unchanged
I01331,Healthcare,2015,BBB,BBB,0,0,0,0,4,4,0,unchanged
I01332,Utilities,2015,CCC,CCC,0,0,0,0,1,1,0,unchanged
I01333,Healthcare,2015,B,B,0,0,0,0,2,2,0,unchanged
I01334,Retail,2015,BBB,BBB,0,0,0,0,4,4,0,unchanged
I01335,Telecom,2015,A,A,0,0,0,0,5,5,0,unchanged
I01336,Real_Estate,2015,B,B,0,0,0,0,2,2,0,unchanged
I01337,Telecom,2015,AAA,AAA,0,0,0,0,7,7,0,unchanged
I01338,Healthcare,2015,BB,BB,0,0,0,0,3,3,0,unchanged
I01339,Industrials,2015,A,A,0,0,0,0,5,5,0,unchanged
I01340,Energy,2015,BB,BB,0,0,0,0,3,3,0,unchanged
I01341,Energy,2015,CCC,D,0,0,1,1,1,0,-1,default
I01342,Energy,2015,A,BBB,0,1,0,1,5,4,-1,downgrade
I01343,Healthcare,2015,CCC,BB,1,0,0,-2,1,3,2,upgrade
I01344,Telecom,2015,AAA,AAA,0,0,0,0,7,7,0,unchanged
I01345,Telecom,2015,BBB,BBB,0,0,0,0,4,4,0,unchanged
I01346,Consumer,2015,B,B,0,0,0,0,2,2,0,unchanged
I01347,Technology,2015,B,B,0,0,0,0,2,2,0,unchanged
I01348,Energy,2015,BBB,BBB,0,0,0,0,4,4,0,unchanged
I01349,Technology,2015,BBB,BBB,0,0,0,0,4,4,0,unchanged
I01350,Industrials,2015,B,B,0,0,0,0,2,2,0,unchanged
I01351,Financials,2015,A,A,0,0,0,0,5,5,0,unchanged
I01352,Real_Estate,2015,BB,BB,0,0,0,0,3,3,0,unchanged
I01353,Healthcare,2015,BB,BBB,1,0,0,-1,3,4,1,upgrade
I01354,Telecom,2015,A,A,0,0,0,0,5,5,0,unchanged
I01355,Technology,2015,B,B,0,0,0,0,2,2,0,unchanged
I01356,Utilities,2015,BBB,BB,0,1,0,1,4,3,-1,downgrade
I01357,Financials,2015,BBB,BBB,0,0,0,0,4,4,0,unchanged
I01358,Technology,2015,BBB,BBB,0,0,0,0,4,4,0,unchanged
I01359,Healthcare,2015,B,D,0,0,1,2,2,0,-2,default
I01360,Healthcare,2015,CCC,CCC,0,0,0,0,1,1,0,unchanged
I01361,Consumer,2015,CCC,CCC,0,0,0,0,1,1,0,unchanged
I01362,Energy,2015,A,A,0,0,0,0,5,5,0,unchanged
I01363,Financials,2015,BBB,BBB,0,0,0,0,4,4,0,unchanged
I01364,Real_Estate,2015,AA,AA,0,0,0,0,6,6,0,unchanged
I01365,Financials,2015,BBB,BBB,0,0,0,0,4,4,0,unchanged
I01366,Consumer,2015,BB,BB,0,0,0,0,3,3,0,unchanged
I01367,Energy,2015,B,CCC,0,1,0,1,2,1,-1,downgrade
I01368,Retail,2015,BBB,BBB,0,0,0,0,4,4,0,unchanged
I01369,Healthcare,2015,BB,BB,0,0,0,0,3,3,0,unchanged
I01370,Energy,2015,B,B,0,0,0,0,2,2,0,unchanged
I01371,Utilities,2015,B,D,0,0,1,2,2,0,-2,default
I01372,Utilities,2015,A,A,0,0,0,0,5,5,0,unchanged
I01373,Consumer,2015,BB,BB,0,0,0,0,3,3,0,unchanged
I01374,Technology,2015,A,A,0,0,0,0,5,5,0,unchanged
I01375,Utilities,2015,BB,BB,0,0,0,0,3,3,0,unchanged
I01376,Real_Estate,2015,BBB,BBB,0,0,0,0,4,4,0,unchanged
I01377,Industrials,2015,AA,AA,0,0,0,0,6,6,0,unchanged
I01378,Healthcare,2015,CCC,CCC,0,0,0,0,1,1,0,unchanged
I01379,Retail,2015,A,A,0,0,0,0,5,5,0,unchanged
I01380,Energy,2015,BB,BB,0,0,0,0,3,3,0,unchanged
I01381,Healthcare,2015,BB,BBB,1,0,0,-1,3,4,1,upgrade
I01382,Industrials,2015,A,A,0,0,0,0,5,5,0,unchanged
I01383,Consumer,2015,BBB,BBB,0,0,0,0,4,4,0,unchanged
I01384,Energy,2015,AA,AA,0,0,0,0,6,6,0,unchanged
I01385,Technology,2015,BB,BB,0,0,0,0,3,3,0,unchanged
I01386,Healthcare,2015,BB,BB,0,0,0,0,3,3,0,unchanged
I01387,Retail,2015,BB,BB,0,0,0,0,3,3,0,unchanged
I01388,Telecom,2015,A,A,0,0,0,0,5,5,0,unchanged
I01389,Utilities,2015,B,CCC,0,1,0,1,2,1,-1,downgrade
I01390,Real_Estate,2015,BB,BB,0,0,0,0,3,3,0,unchanged
I01391,Technology,2015,BB,BB,0,0,0,0,3,3,0,unchanged
I01392,Real_Estate,2015,AAA,AAA,0,0,0,0,7,7,0,unchanged
I01393,Industrials,2015,BBB,A,1,0,0,-1,4,5,1,upgrade
I01394,Industrials,2015,A,A,0,0,0,0,5,5,0,unchanged
I01395,Telecom,2015,A,A,0,0,0,0,5,5,0,unchanged
I01396,Financials,2015,AA,AA,0,0,0,0,6,6,0,unchanged
I01397,Healthcare,2015,BB,BB,0,0,0,0,3,3,0,unchanged
I01398,Telecom,2015,BBB,BBB,0,0,0,0,4,4,0,unchanged
I01399,Real_Estate,2015,A,A,0,0,0,0,5,5,0,unchanged
I01400,Retail,2015,AAA,AAA,0,0,0,0,7,7,0,unchanged
I01401,Technology,2015,BBB,BBB,0,0,0,0,4,4,0,unchanged
I01402,Industrials,2015,BBB,BBB,0,0,0,0,4,4,0,unchanged
I01403,Telecom,2015,AA,AA,0,0,0,0,6,6,0,unchanged
I01404,Industrials,2015,BBB,BBB,0,0,0,0,4,4,0,unchanged
I01405,Utilities,2015,BB,BB,0,0,0,0,3,3,0,unchanged
I01406,Real_Estate,2015,BB,BB,0,0,0,0,3,3,0,unchanged
I01407,Financials,2015,BB,BB,0,0,0,0,3,3,0,unchanged
I01408,Healthcare,2015,B,B,0,0,0,0,2,2,0,unchanged
I01409,Industrials,2015,BB,B,0,1,0,1,3,2,-1,downgrade
I01410,Technology,2015,BBB,BBB,0,0,0,0,4,4,0,unchanged
I01411,Energy,2015,A,A,0,0,0,0,5,5,0,unchanged
I01412,Industrials,2015,BB,BB,0,0,0,0,3,3,0,unchanged
I01413,Real_Estate,2015,BB,BB,0,0,0,0,3,3,0,unchanged
I01414,Consumer,2015,BBB,BBB,0,0,0,0,4,4,0,unchanged
I01415,Technology,2015,BBB,BBB,0,0,0,0,4,4,0,unchanged
I01416,Healthcare,2015,A,BBB,0,1,0,1,5,4,-1,downgrade
I01417,Healthcare,2015,BBB,A,1,0,0,-1,4,5,1,upgrade
I01418,Technology,2015,BB,BB,0,0,0,0,3,3,0,unchanged
I01419,Financials,2015,AA,AA,0,0,0,0,6,6,0,unchanged
I01420,Real_Estate,2015,CCC,B,1,0,0,-1,1,2,1,upgrade
I01421,Utilities,2015,BBB,BBB,0,0,0,0,4,4,0,unchanged
I01422,Real_Estate,2015,A,A,0,0,0,0,5,5,0,unchanged
I01423,Technology,2015,B,B,0,0,0,0,2,2,0,unchanged
I01424,Utilities,2015,AA,AA,0,0,0,0,6,6,0,unchanged
I01425,Telecom,2015,B,B,0,0,0,0,2,2,0,unchanged
I01426,Real_Estate,2015,BBB,BBB,0,0,0,0,4,4,0,unchanged
I01427,Utilities,2015,AA,AA,0,0,0,0,6,6,0,unchanged
I01428,Financials,2015,AA,AA,0,0,0,0,6,6,0,unchanged
I01429,Retail,2015,CCC,D,0,0,1,1,1,0,-1,default
I01430,Energy,2015,CCC,CCC,0,0,0,0,1,1,0,unchanged
I01431,Energy,2015,BB,BB,0,0,0,0,3,3,0,unchanged
I01432,Consumer,2015,AA,AA,0,0,0,0,6,6,0,unchanged
I01433,Industrials,2015,B,B,0,0,0,0,2,2,0,unchanged
I01434,Healthcare,2015,BBB,BBB,0,0,0,0,4,4,0,unchanged
I01435,Industrials,2015,BBB,B,0,1,0,2,4,2,-2,downgrade
I01436,Industrials,2015,BBB,BBB,0,0,0,0,4,4,0,unchanged
I01437,Healthcare,2015,BBB,BBB,0,0,0,0,4,4,0,unchanged
I01438,Technology,2015,BB,BB,0,0,0,0,3,3,0,unchanged
I01439,Energy,2015,AA,AA,0,0,0,0,6,6,0,unchanged
I01440,Telecom,2015,BBB,BBB,0,0,0,0,4,4,0,unchanged
I01441,Energy,2015,A,A,0,0,0,0,5,5,0,unchanged
I01442,Energy,2015,BB,BB,0,0,0,0,3,3,0,unchanged
I01443,Utilities,2015,A,A,0,0,0,0,5,5,0,unchanged
I01444,Real_Estate,2015,BBB,BBB,0,0,0,0,4,4,0,unchanged
I01445,Technology,2015,BB,B,0,1,0,1,3,2,-1,downgrade
I01446,Healthcare,2015,BBB,BB,0,1,0,1,4,3,-1,downgrade
I01447,Technology,2015,A,A,0,0,0,0,5,5,0,unchanged
I01448,Retail,2015,BB,BB,0,0,0,0,3,3,0,unchanged
I01449,Telecom,2015,BB,BB,0,0,0,0,3,3,0,unchanged
I01450,Real_Estate,2015,B,B,0,0,0,0,2,2,0,unchanged
I01451,Telecom,2015,CCC,CCC,0,0,0,0,1,1,0,unchanged
I01452,Energy,2015,BB,BB,0,0,0,0,3,3,0,unchanged
I01453,Consumer,2015,A,A,0,0,0,0,5,5,0,unchanged
I01454,Real_Estate,2015,B,B,0,0,0,0,2,2,0,unchanged
I01455,Technology,2015,BBB,BBB,0,0,0,0,4,4,0,unchanged
I01456,Telecom,2015,BBB,BBB,0,0,0,0,4,4,0,unchanged
I01457,Industrials,2015,BBB,BBB,0,0,0,0,4,4,0,unchanged
I01458,Healthcare,2015,BB,BB,0,0,0,0,3,3,0,unchanged
I01459,Industrials,2015,A,A,0,0,0,0,5,5,0,unchanged
I01460,Retail,2015,BB,BB,0,0,0,0,3,3,0,unchanged
I01461,Retail,2015,BBB,BB,0,1,0,1,4,3,-1,downgrade
I01462,Consumer,2015,BB,BB,0,0,0,0,3,3,0,unchanged
I01463,Real_Estate,2015,B,B,0,0,0,0,2,2,0,unchanged
I01464,Consumer,2015,BBB,BBB,0,0,0,0,4,4,0,unchanged
I01465,Consumer,2015,AA,AA,0,0,0,0,6,6,0,unchanged
I01466,Real_Estate,2015,BBB,BBB,0,0,0,0,4,4,0,unchanged
I01467,Retail,2015,B,B,0,0,0,0,2,2,0,unchanged
I01468,Retail,2015,BB,BB,0,0,0,0,3,3,0,unchanged
I01469,Utilities,2015,CCC,CCC,0,0,0,0,1,1,0,unchanged
I01470,Real_Estate,2015,A,A,0,0,0,0,5,5,0,unchanged
I01471,Energy,2015,BBB,BBB,0,0,0,0,4,4,0,unchanged
I01472,Telecom,2015,BBB,BBB,0,0,0,0,4,4,0,unchanged
I01473,Financials,2015,BB,BBB,1,0,0,-1,3,4,1,upgrade
I01474,Healthcare,2015,BBB,BBB,0,0,0,0,4,4,0,unchanged
I01475,Retail,2015,A,A,0,0,0,0,5,5,0,unchanged
I01476,Retail,2015,BBB,BBB,0,0,0,0,4,4,0,unchanged
I01477,Industrials,2015,CCC,CCC,0,0,0,0,1,1,0,unchanged
I01478,Retail,2015,B,B,0,0,0,0,2,2,0,unchanged
I01479,Energy,2015,B,B,0,0,0,0,2,2,0,unchanged
I01480,Telecom,2015,A,A,0,0,0,0,5,5,0,unchanged
I01481,Energy,2015,BB,BB,0,0,0,0,3,3,0,unchanged
I01482,Industrials,2015,BBB,BBB,0,0,0,0,4,4,0,unchanged
I01483,Technology,2015,BBB,B,0,1,0,2,4,2,-2,downgrade
I01484,Telecom,2015,BB,BB,0,0,0,0,3,3,0,unchanged
I01485,Utilities,2015,B,B,0,0,0,0,2,2,0,unchanged
I01486,Industrials,2015,BBB,BBB,0,0,0,0,4,4,0,unchanged
I01487,Energy,2015,BBB,A,1,0,0,-1,4,5,1,upgrade
I01488,Industrials,2015,A,A,0,0,0,0,5,5,0,unchanged
I01489,Industrials,2015,BBB,BBB,0,0,0,0,4,4,0,unchanged
I01490,Energy,2015,A,A,0,0,0,0,5,5,0,unchanged
I01491,Real_Estate,2015,BBB,BB,0,1,0,1,4,3,-1,downgrade
I01492,Real_Estate,2015,BB,B,0,1,0,1,3,2,-1,downgrade
I01493,Telecom,2015,AAA,AA,0,1,0,1,7,6,-1,downgrade
I01494,Financials,2015,A,A,0,0,0,0,5,5,0,unchanged
I01495,Financials,2015,AAA,AAA,0,0,0,0,7,7,0,unchanged
I01496,Healthcare,2015,BBB,BBB,0,0,0,0,4,4,0,unchanged
I01497,Healthcare,2015,A,A,0,0,0,0,5,5,0,unchanged
I01498,Real_Estate,2015,BBB,BBB,0,0,0,0,4,4,0,unchanged
I01499,Healthcare,2015,BBB,BBB,0,0,0,0,4,4,0,unchanged
I01500,Financials,2015,BBB,BBB,0,0,0,0,4,4,0,unchanged
I01501,Telecom,2015,BB,BB,0,0,0,0,3,3,0,unchanged
I01502,Retail,2015,BBB,BBB,0,0,0,0,4,4,0,unchanged
I01503,Healthcare,2015,BBB,A,1,0,0,-1,4,5,1,upgrade
I01504,Healthcare,2015,BB,BB,0,0,0,0,3,3,0,unchanged
I01505,Real_Estate,2015,BBB,BBB,0,0,0,0,4,4,0,unchanged
I01506,Financials,2015,BBB,BBB,0,0,0,0,4,4,0,unchanged
I01507,Telecom,2015,BBB,BBB,0,0,0,0,4,4,0,unchanged
I01508,Consumer,2015,BBB,BBB,0,0,0,0,4,4,0,unchanged
I01509,Financials,2015,BBB,BBB,0,0,0,0,4,4,0,unchanged
I01510,Telecom,2015,AA,AA,0,0,0,0,6,6,0,unchanged
I01511,Utilities,2015,CCC,CCC,0,0,0,0,1,1,0,unchanged
I01512,Utilities,2015,BB,BB,0,0,0,0,3,3,0,unchanged
I01513,Telecom,2015,BBB,BBB,0,0,0,0,4,4,0,unchanged
I01514,Industrials,2015,B,BB,1,0,0,-1,2,3,1,upgrade
I01515,Healthcare,2015,A,A,0,0,0,0,5,5,0,unchanged
I01516,Industrials,2015,BBB,BBB,0,0,0,0,4,4,0,unchanged
I01517,Healthcare,2015,BB,B,0,1,0,1,3,2,-1,downgrade
I01518,Energy,2015,B,B,0,0,0,0,2,2,0,unchanged
I01519,Real_Estate,2015,BB,BB,0,0,0,0,3,3,0,unchanged
I01520,Utilities,2015,CCC,CCC,0,0,0,0,1,1,0,unchanged
I01521,Technology,2015,BB,BBB,1,0,0,-1,3,4,1,upgrade
I01522,Technology,2015,BBB,BBB,0,0,0,0,4,4,0,unchanged
I01523,Industrials,2015,B,B,0,0,0,0,2,2,0,unchanged
I01524,Telecom,2015,A,A,0,0,0,0,5,5,0,unchanged
I01525,Utilities,2015,BB,BB,0,0,0,0,3,3,0,unchanged
I01526,Financials,2015,A,A,0,0,0,0,5,5,0,unchanged
I01527,Real_Estate,2015,BB,BB,0,0,0,0,3,3,0,unchanged
I01528,Utilities,2015,AA,AA,0,0,0,0,6,6,0,unchanged
I01529,Telecom,2015,BBB,BBB,0,0,0,0,4,4,0,unchanged
I01530,Healthcare,2015,A,A,0,0,0,0,5,5,0,unchanged
I01531,Telecom,2015,CCC,CCC,0,0,0,0,1,1,0,unchanged
I01532,Real_Estate,2015,CCC,CCC,0,0,0,0,1,1,0,unchanged
I01533,Financials,2015,A,A,0,0,0,0,5,5,0,unchanged
I01534,Energy,2015,A,BBB,0,1,0,1,5,4,-1,downgrade
I01535,Utilities,2015,CCC,CCC,0,0,0,0,1,1,0,unchanged
I01536,Energy,2015,BB,BB,0,0,0,0,3,3,0,unchanged
I01537,Healthcare,2015,A,A,0,0,0,0,5,5,0,unchanged
I01538,Energy,2015,AA,AA,0,0,0,0,6,6,0,unchanged
I01539,Consumer,2015,BB,BB,0,0,0,0,3,3,0,unchanged
I01540,Consumer,2015,BB,BB,0,0,0,0,3,3,0,unchanged
I01541,Consumer,2015,BBB,BBB,0,0,0,0,4,4,0,unchanged
I01542,Financials,2015,BB,BB,0,0,0,0,3,3,0,unchanged
I01543,Industrials,2015,A,A,0,0,0,0,5,5,0,unchanged
I01544,Consumer,2015,B,B,0,0,0,0,2,2,0,unchanged
I01545,Healthcare,2015,AAA,AAA,0,0,0,0,7,7,0,unchanged
I01546,Healthcare,2015,B,D,0,0,1,2,2,0,-2,default
I01547,Utilities,2015,BBB,BBB,0,0,0,0,4,4,0,unchanged
I01548,Industrials,2015,BB,BB,0,0,0,0,3,3,0,unchanged
I01549,Consumer,2015,BBB,BBB,0,0,0,0,4,4,0,unchanged
I01550,Retail,2015,B,B,0,0,0,0,2,2,0,unchanged
I01551,Technology,2015,A,A,0,0,0,0,5,5,0,unchanged
I01552,Financials,2015,AA,AA,0,0,0,0,6,6,0,unchanged
I01553,Telecom,2015,BBB,BBB,0,0,0,0,4,4,0,unchanged
I01554,Retail,2015,CCC,CCC,0,0,0,0,1,1,0,unchanged
I01555,Energy,2015,BB,BB,0,0,0,0,3,3,0,unchanged
I01556,Healthcare,2015,BBB,BB,0,1,0,1,4,3,-1,downgrade
I01557,Real_Estate,2015,BBB,BBB,0,0,0,0,4,4,0,unchanged
I01558,Technology,2015,BBB,BBB,0,0,0,0,4,4,0,unchanged
I01559,Energy,2015,BB,BB,0,0,0,0,3,3,0,unchanged
I01560,Industrials,2015,CCC,CCC,0,0,0,0,1,1,0,unchanged
I01561,Utilities,2015,B,B,0,0,0,0,2,2,0,unchanged
I01562,Industrials,2015,BBB,BBB,0,0,0,0,4,4,0,unchanged
I01563,Technology,2015,BB,BB,0,0,0,0,3,3,0,unchanged
I01564,Real_Estate,2015,BB,BB,0,0,0,0,3,3,0,unchanged
I01565,Retail,2015,A,A,0,0,0,0,5,5,0,unchanged
I01566,Financials,2015,B,B,0,0,0,0,2,2,0,unchanged
I01567,Energy,2015,B,B,0,0,0,0,2,2,0,unchanged
I01568,Technology,2015,BB,BB,0,0,0,0,3,3,0,unchanged
I01569,Consumer,2015,AA,AA,0,0,0,0,6,6,0,unchanged
I01570,Financials,2015,B,D,0,0,1,2,2,0,-2,default
I01571,Consumer,2015,BBB,BBB,0,0,0,0,4,4,0,unchanged
I01572,Utilities,2015,A,A,0,0,0,0,5,5,0,unchanged
I01573,Retail,2015,AA,AA,0,0,0,0,6,6,0,unchanged
I01574,Telecom,2015,CCC,CCC,0,0,0,0,1,1,0,unchanged
I01575,Utilities,2015,A,A,0,0,0,0,5,5,0,unchanged
I01576,Consumer,2015,CCC,D,0,0,1,1,1,0,-1,default
I01577,Financials,2015,BB,BB,0,0,0,0,3,3,0,unchanged
I01578,Industrials,2015,BB,BB,0,0,0,0,3,3,0,unchanged
I01579,Industrials,2015,AA,AA,0,0,0,0,6,6,0,unchanged
I01580,Financials,2015,A,A,0,0,0,0,5,5,0,unchanged
I01581,Financials,2015,BB,BB,0,0,0,0,3,3,0,unchanged
I01582,Utilities,2015,AA,AA,0,0,0,0,6,6,0,unchanged
I01583,Industrials,2015,B,CCC,0,1,0,1,2,1,-1,downgrade
I01584,Technology,2015,BB,BB,0,0,0,0,3,3,0,unchanged
I01585,Financials,2015,B,B,0,0,0,0,2,2,0,unchanged
I01586,Utilities,2015,A,A,0,0,0,0,5,5,0,unchanged
I01587,Healthcare,2015,BBB,BBB,0,0,0,0,4,4,0,unchanged
I01588,Real_Estate,2015,BB,BB,0,0,0,0,3,3,0,unchanged
I01589,Telecom,2015,BB,BB,0,0,0,0,3,3,0,unchanged
I01590,Telecom,2015,BBB,BBB,0,0,0,0,4,4,0,unchanged
I01591,Financials,2015,BB,BB,0,0,0,0,3,3,0,unchanged
I01592,Technology,2015,BBB,BBB,0,0,0,0,4,4,0,unchanged
I01593,Utilities,2015,B,B,0,0,0,0,2,2,0,unchanged
I01594,Real_Estate,2015,B,B,0,0,0,0,2,2,0,unchanged
I01595,Energy,2015,BB,BB,0,0,0,0,3,3,0,unchanged
I01596,Consumer,2015,A,A,0,0,0,0,5,5,0,unchanged
I01597,Retail,2015,A,A,0,0,0,0,5,5,0,unchanged
I01598,Consumer,2015,BBB,BBB,0,0,0,0,4,4,0,unchanged
I01599,Industrials,2015,AA,AA,0,0,0,0,6,6,0,unchanged
I01600,Retail,2015,BB,BB,0,0,0,0,3,3,0,unchanged
I01601,Financials,2015,BB,B,0,1,0,1,3,2,-1,downgrade
I01602,Healthcare,2015,AAA,AAA,0,0,0,0,7,7,0,unchanged
I01603,Healthcare,2015,AAA,AAA,0,0,0,0,7,7,0,unchanged
I01604,Industrials,2015,BB,BB,0,0,0,0,3,3,0,unchanged
I01605,Energy,2015,BB,BB,0,0,0,0,3,3,0,unchanged
I01606,Technology,2015,A,A,0,0,0,0,5,5,0,unchanged
I01607,Utilities,2015,A,A,0,0,0,0,5,5,0,unchanged
I01608,Energy,2015,A,A,0,0,0,0,5,5,0,unchanged
I01609,Real_Estate,2015,BB,BB,0,0,0,0,3,3,0,unchanged
I01610,Industrials,2015,BBB,BBB,0,0,0,0,4,4,0,unchanged
I01611,Consumer,2015,CCC,CCC,0,0,0,0,1,1,0,unchanged
I01612,Industrials,2015,B,BB,1,0,0,-1,2,3,1,upgrade
I01613,Industrials,2015,B,B,0,0,0,0,2,2,0,unchanged
I01614,Technology,2015,BB,BB,0,0,0,0,3,3,0,unchanged
I01615,Consumer,2015,BBB,BBB,0,0,0,0,4,4,0,unchanged
I01616,Real_Estate,2015,BB,B,0,1,0,1,3,2,-1,downgrade
I01617,Industrials,2015,BB,BB,0,0,0,0,3,3,0,unchanged
I01618,Retail,2015,B,B,0,0,0,0,2,2,0,unchanged
I01619,Technology,2015,BB,BB,0,0,0,0,3,3,0,unchanged
I01620,Healthcare,2015,BBB,BBB,0,0,0,0,4,4,0,unchanged
I01621,Industrials,2015,BBB,BBB,0,0,0,0,4,4,0,unchanged
I01622,Financials,2015,B,B,0,0,0,0,2,2,0,unchanged
I01623,Energy,2015,A,A,0,0,0,0,5,5,0,unchanged
I01624,Energy,2015,BBB,BBB,0,0,0,0,4,4,0,unchanged
I01625,Real_Estate,2015,CCC,CCC,0,0,0,0,1,1,0,unchanged
I01626,Energy,2015,B,B,0,0,0,0,2,2,0,unchanged
I01627,Financials,2015,AA,AA,0,0,0,0,6,6,0,unchanged
I01628,Real_Estate,2015,B,B,0,0,0,0,2,2,0,unchanged
I01629,Real_Estate,2015,A,AA,1,0,0,-1,5,6,1,upgrade
I01630,Telecom,2015,BB,BB,0,0,0,0,3,3,0,unchanged
I01631,Technology,2015,AAA,AAA,0,0,0,0,7,7,0,unchanged
I01632,Healthcare,2015,CCC,CCC,0,0,0,0,1,1,0,unchanged
I01633,Financials,2015,BBB,BBB,0,0,0,0,4,4,0,unchanged
I01634,Telecom,2015,BBB,BBB,0,0,0,0,4,4,0,unchanged
I01635,Telecom,2015,B,B,0,0,0,0,2,2,0,unchanged
I01636,Technology,2015,BB,BB,0,0,0,0,3,3,0,unchanged
I01637,Financials,2015,BBB,BBB,0,0,0,0,4,4,0,unchanged
I01638,Utilities,2015,BBB,BBB,0,0,0,0,4,4,0,unchanged
I01639,Energy,2015,BBB,BBB,0,0,0,0,4,4,0,unchanged
I01640,Technology,2015,B,B,0,0,0,0,2,2,0,unchanged
I01641,Industrials,2015,BB,BB,0,0,0,0,3,3,0,unchanged
I01642,Consumer,2015,B,A,1,0,0,-3,2,5,3,upgrade
I01643,Utilities,2015,A,BBB,0,1,0,1,5,4,-1,downgrade
I01644,Technology,2015,CCC,D,0,0,1,1,1,0,-1,default
I01645,Industrials,2015,BB,BB,0,0,0,0,3,3,0,unchanged
I01646,Healthcare,2015,BBB,BBB,0,0,0,0,4,4,0,unchanged
I01647,Energy,2015,CCC,D,0,0,1,1,1,0,-1,default
I01648,Retail,2015,BB,BB,0,0,0,0,3,3,0,unchanged
I01649,Financials,2015,A,A,0,0,0,0,5,5,0,unchanged
I01650,Technology,2015,BBB,BBB,0,0,0,0,4,4,0,unchanged
I01651,Retail,2015,CCC,B,1,0,0,-1,1,2,1,upgrade
I01652,Energy,2015,A,A,0,0,0,0,5,5,0,unchanged
I01653,Industrials,2015,BBB,BBB,0,0,0,0,4,4,0,unchanged
I01654,Retail,2015,CCC,CCC,0,0,0,0,1,1,0,unchanged
I01655,Consumer,2015,BB,D,0,0,1,3,3,0,-3,default
I01656,Healthcare,2015,BB,BB,0,0,0,0,3,3,0,unchanged
I01657,Retail,2015,B,B,0,0,0,0,2,2,0,unchanged
I01658,Energy,2015,CCC,CCC,0,0,0,0,1,1,0,unchanged
I01659,Technology,2015,A,A,0,0,0,0,5,5,0,unchanged
I01660,Industrials,2015,A,A,0,0,0,0,5,5,0,unchanged
I01661,Utilities,2015,BB,BB,0,0,0,0,3,3,0,unchanged
I01662,Industrials,2015,B,B,0,0,0,0,2,2,0,unchanged
I01663,Industrials,2015,BBB,BB,0,1,0,1,4,3,-1,downgrade
I01664,Telecom,2015,BB,BB,0,0,0,0,3,3,0,unchanged
I01665,Retail,2015,BBB,BBB,0,0,0,0,4,4,0,unchanged
I01666,Consumer,2015,CCC,BB,1,0,0,-2,1,3,2,upgrade
I01667,Healthcare,2015,BBB,BBB,0,0,0,0,4,4,0,unchanged
I01668,Energy,2015,B,BB,1,0,0,-1,2,3,1,upgrade
I01669,Real_Estate,2015,BBB,A,1,0,0,-1,4,5,1,upgrade
I01670,Retail,2015,A,A,0,0,0,0,5,5,0,unchanged
I01671,Technology,2015,BBB,BBB,0,0,0,0,4,4,0,unchanged
I01672,Consumer,2015,AA,AA,0,0,0,0,6,6,0,unchanged
I01673,Real_Estate,2015,CCC,B,1,0,0,-1,1,2,1,upgrade
I01674,Utilities,2015,BB,BB,0,0,0,0,3,3,0,unchanged
I01675,Retail,2015,BB,BB,0,0,0,0,3,3,0,unchanged
I01676,Telecom,2015,AA,AA,0,0,0,0,6,6,0,unchanged
I01677,Utilities,2015,BBB,BBB,0,0,0,0,4,4,0,unchanged
I01678,Real_Estate,2015,AAA,AAA,0,0,0,0,7,7,0,unchanged
I01679,Telecom,2015,BBB,BBB,0,0,0,0,4,4,0,unchanged
I01680,Financials,2015,BB,BB,0,0,0,0,3,3,0,unchanged
I01681,Healthcare,2015,AA,AA,0,0,0,0,6,6,0,unchanged
I01682,Real_Estate,2015,BB,BB,0,0,0,0,3,3,0,unchanged
I01683,Technology,2015,BBB,A,1,0,0,-1,4,5,1,upgrade
I01684,Healthcare,2015,BB,BB,0,0,0,0,3,3,0,unchanged
I01685,Telecom,2015,BBB,BBB,0,0,0,0,4,4,0,unchanged
I01686,Utilities,2015,AA,AA,0,0,0,0,6,6,0,unchanged
I01687,Real_Estate,2015,BBB,A,1,0,0,-1,4,5,1,upgrade
I01688,Energy,2015,A,A,0,0,0,0,5,5,0,unchanged
I01689,Retail,2015,A,A,0,0,0,0,5,5,0,unchanged
I01690,Energy,2015,CCC,CCC,0,0,0,0,1,1,0,unchanged
I01691,Consumer,2015,A,A,0,0,0,0,5,5,0,unchanged
I01692,Energy,2015,BBB,BBB,0,0,0,0,4,4,0,unchanged
I01693,Healthcare,2015,AA,AA,0,0,0,0,6,6,0,unchanged
I01694,Consumer,2015,BBB,BBB,0,0,0,0,4,4,0,unchanged
I01695,Financials,2015,BB,B,0,1,0,1,3,2,-1,downgrade
I01696,Technology,2015,A,A,0,0,0,0,5,5,0,unchanged
I01697,Telecom,2015,BBB,BBB,0,0,0,0,4,4,0,unchanged
I01698,Energy,2015,BB,BB,0,0,0,0,3,3,0,unchanged
I01699,Retail,2015,A,A,0,0,0,0,5,5,0,unchanged
I01700,Industrials,2015,BB,BB,0,0,0,0,3,3,0,unchanged
I01701,Industrials,2015,BBB,A,1,0,0,-1,4,5,1,upgrade
I01702,Technology,2015,B,B,0,0,0,0,2,2,0,unchanged
I01703,Energy,2015,B,BB,1,0,0,-1,2,3,1,upgrade
I01704,Industrials,2015,A,A,0,0,0,0,5,5,0,unchanged
I01705,Energy,2015,A,A,0,0,0,0,5,5,0,unchanged
I01706,Consumer,2015,BBB,BBB,0,0,0,0,4,4,0,unchanged
I01707,Retail,2015,A,A,0,0,0,0,5,5,0,unchanged
I01708,Consumer,2015,BBB,BBB,0,0,0,0,4,4,0,unchanged
I01709,Technology,2015,B,B,0,0,0,0,2,2,0,unchanged
I01710,Utilities,2015,AA,AA,0,0,0,0,6,6,0,unchanged
I01711,Telecom,2015,B,B,0,0,0,0,2,2,0,unchanged
I01712,Utilities,2015,BB,BB,0,0,0,0,3,3,0,unchanged
I01713,Telecom,2015,BBB,BBB,0,0,0,0,4,4,0,unchanged
I01714,Financials,2015,AA,AA,0,0,0,0,6,6,0,unchanged
I01715,Industrials,2015,A,A,0,0,0,0,5,5,0,unchanged
I01716,Industrials,2015,A,A,0,0,0,0,5,5,0,unchanged
I01717,Technology,2015,BBB,BBB,0,0,0,0,4,4,0,unchanged
I01718,Consumer,2015,B,B,0,0,0,0,2,2,0,unchanged
I01719,Healthcare,2015,BBB,BBB,0,0,0,0,4,4,0,unchanged
I01720,Consumer,2015,B,B,0,0,0,0,2,2,0,unchanged
I01721,Telecom,2015,B,B,0,0,0,0,2,2,0,unchanged
I01722,Technology,2015,B,B,0,0,0,0,2,2,0,unchanged
I01723,Utilities,2015,B,B,0,0,0,0,2,2,0,unchanged
I01724,Energy,2015,BB,BB,0,0,0,0,3,3,0,unchanged
I01725,Energy,2015,CCC,CCC,0,0,0,0,1,1,0,unchanged
I01726,Financials,2015,BBB,BBB,0,0,0,0,4,4,0,unchanged
I01727,Industrials,2015,BBB,BBB,0,0,0,0,4,4,0,unchanged
I01728,Healthcare,2015,AA,AA,0,0,0,0,6,6,0,unchanged
I01729,Financials,2015,BBB,BBB,0,0,0,0,4,4,0,unchanged
I01730,Technology,2015,BBB,BBB,0,0,0,0,4,4,0,unchanged
I01731,Technology,2015,BBB,BBB,0,0,0,0,4,4,0,unchanged
I01732,Industrials,2015,BBB,BBB,0,0,0,0,4,4,0,unchanged
I01733,Energy,2015,BB,BB,0,0,0,0,3,3,0,unchanged
I01734,Consumer,2015,AA,AA,0,0,0,0,6,6,0,unchanged
I01735,Retail,2015,BBB,BBB,0,0,0,0,4,4,0,unchanged
I01736,Utilities,2015,A,A,0,0,0,0,5,5,0,unchanged
I01737,Industrials,2015,A,A,0,0,0,0,5,5,0,unchanged
I01738,Energy,2015,B,B,0,0,0,0,2,2,0,unchanged
I01739,Healthcare,2015,AA,A,0,1,0,1,6,5,-1,downgrade
I01740,Industrials,2015,AA,AA,0,0,0,0,6,6,0,unchanged
I01741,Financials,2015,A,A,0,0,0,0,5,5,0,unchanged
I01742,Consumer,2015,CCC,D,0,0,1,1,1,0,-1,default
I01743,Utilities,2015,BBB,BBB,0,0,0,0,4,4,0,unchanged
I01744,Technology,2015,BBB,BB,0,1,0,1,4,3,-1,downgrade
I01745,Retail,2015,CCC,CCC,0,0,0,0,1,1,0,unchanged
I01746,Telecom,2015,A,A,0,0,0,0,5,5,0,unchanged
I01747,Retail,2015,B,B,0,0,0,0,2,2,0,unchanged
I01748,Telecom,2015,AA,AA,0,0,0,0,6,6,0,unchanged
I01749,Telecom,2015,BB,BB,0,0,0,0,3,3,0,unchanged
I01750,Utilities,2015,AA,AA,0,0,0,0,6,6,0,unchanged
I01751,Utilities,2015,CCC,B,1,0,0,-1,1,2,1,upgrade
I01752,Utilities,2015,B,CCC,0,1,0,1,2,1,-1,downgrade
I01753,Real_Estate,2015,A,A,0,0,0,0,5,5,0,unchanged
I01754,Technology,2015,AAA,AAA,0,0,0,0,7,7,0,unchanged
I01755,Consumer,2015,BB,BB,0,0,0,0,3,3,0,unchanged
I01756,Technology,2015,B,B,0,0,0,0,2,2,0,unchanged
I01757,Financials,2015,A,A,0,0,0,0,5,5,0,unchanged
I01758,Retail,2015,BB,BB,0,0,0,0,3,3,0,unchanged
I01759,Financials,2015,BBB,A,1,0,0,-1,4,5,1,upgrade
I01760,Energy,2015,A,A,0,0,0,0,5,5,0,unchanged
I01761,Financials,2015,BBB,BBB,0,0,0,0,4,4,0,unchanged
I01762,Industrials,2015,BBB,BBB,0,0,0,0,4,4,0,unchanged
I01763,Technology,2015,B,B,0,0,0,0,2,2,0,unchanged
I01764,Retail,2015,AA,AA,0,0,0,0,6,6,0,unchanged
I01765,Utilities,2015,BBB,BBB,0,0,0,0,4,4,0,unchanged
I01766,Telecom,2015,AA,AA,0,0,0,0,6,6,0,unchanged
I01767,Telecom,2015,B,B,0,0,0,0,2,2,0,unchanged
I01768,Financials,2015,BB,BBB,1,0,0,-1,3,4,1,upgrade
I01769,Healthcare,2015,B,B,0,0,0,0,2,2,0,unchanged
I01770,Utilities,2015,A,A,0,0,0,0,5,5,0,unchanged
I01771,Real_Estate,2015,AA,AA,0,0,0,0,6,6,0,unchanged
I01772,Retail,2015,BB,BB,0,0,0,0,3,3,0,unchanged
I01773,Retail,2015,BBB,A,1,0,0,-1,4,5,1,upgrade
I01774,Telecom,2015,BB,BB,0,0,0,0,3,3,0,unchanged
I01775,Financials,2015,B,B,0,0,0,0,2,2,0,unchanged
I01776,Retail,2015,A,A,0,0,0,0,5,5,0,unchanged
I01777,Real_Estate,2015,B,B,0,0,0,0,2,2,0,unchanged
I01778,Retail,2015,B,B,0,0,0,0,2,2,0,unchanged
I01779,Utilities,2015,A,A,0,0,0,0,5,5,0,unchanged
I01780,Industrials,2015,A,AA,1,0,0,-1,5,6,1,upgrade
I01781,Real_Estate,2015,AA,AA,0,0,0,0,6,6,0,unchanged
I01782,Retail,2015,BB,BB,0,0,0,0,3,3,0,unchanged
I01783,Utilities,2015,CCC,CCC,0,0,0,0,1,1,0,unchanged
I01784,Technology,2015,BBB,BBB,0,0,0,0,4,4,0,unchanged
I01785,Healthcare,2015,BB,BBB,1,0,0,-1,3,4,1,upgrade
I01786,Industrials,2015,BB,BB,0,0,0,0,3,3,0,unchanged
I01787,Healthcare,2015,BB,BB,0,0,0,0,3,3,0,unchanged
I01788,Retail,2015,BBB,BBB,0,0,0,0,4,4,0,unchanged
I01789,Consumer,2015,CCC,CCC,0,0,0,0,1,1,0,unchanged
I01790,Real_Estate,2015,BBB,BBB,0,0,0,0,4,4,0,unchanged
I01791,Retail,2015,AA,AA,0,0,0,0,6,6,0,unchanged
I01792,Industrials,2015,BBB,BBB,0,0,0,0,4,4,0,unchanged
I01793,Utilities,2015,CCC,CCC,0,0,0,0,1,1,0,unchanged
I01794,Healthcare,2015,BBB,BBB,0,0,0,0,4,4,0,unchanged
I01795,Financials,2015,CCC,CCC,0,0,0,0,1,1,0,unchanged
I01796,Telecom,2015,A,A,0,0,0,0,5,5,0,unchanged
I01797,Real_Estate,2015,A,A,0,0,0,0,5,5,0,unchanged
I01798,Technology,2015,A,A,0,0,0,0,5,5,0,unchanged
I01799,Utilities,2015,AAA,AAA,0,0,0,0,7,7,0,unchanged
I01800,Financials,2015,BBB,BBB,0,0,0,0,4,4,0,unchanged
I01801,Real_Estate,2015,BBB,BBB,0,0,0,0,4,4,0,unchanged
I01802,Energy,2015,A,BBB,0,1,0,1,5,4,-1,downgrade
I01803,Energy,2015,B,BB,1,0,0,-1,2,3,1,upgrade
I01804,Energy,2015,BB,BB,0,0,0,0,3,3,0,unchanged
I01805,Real_Estate,2015,CCC,CCC,0,0,0,0,1,1,0,unchanged
I01806,Healthcare,2015,BB,BB,0,0,0,0,3,3,0,unchanged
I01807,Energy,2015,BBB,BBB,0,0,0,0,4,4,0,unchanged
I01808,Utilities,2015,BB,BB,0,0,0,0,3,3,0,unchanged
I01809,Consumer,2015,BBB,BBB,0,0,0,0,4,4,0,unchanged
I01810,Technology,2015,BB,B,0,1,0,1,3,2,-1,downgrade
I01811,Telecom,2015,BB,BB,0,0,0,0,3,3,0,unchanged
I01812,Technology,2015,BB,BB,0,0,0,0,3,3,0,unchanged
I01813,Industrials,2015,BB,BB,0,0,0,0,3,3,0,unchanged
I01814,Retail,2015,BBB,BBB,0,0,0,0,4,4,0,unchanged
I01815,Retail,2015,B,D,0,0,1,2,2,0,-2,default
I01816,Technology,2015,B,B,0,0,0,0,2,2,0,unchanged
I01817,Utilities,2015,B,B,0,0,0,0,2,2,0,unchanged
I01818,Technology,2015,BBB,BBB,0,0,0,0,4,4,0,unchanged
I01819,Industrials,2015,BBB,BBB,0,0,0,0,4,4,0,unchanged
I01820,Financials,2015,BBB,BBB,0,0,0,0,4,4,0,unchanged
I01821,Technology,2015,BB,BB,0,0,0,0,3,3,0,unchanged
I01822,Consumer,2015,BB,BB,0,0,0,0,3,3,0,unchanged
I01823,Energy,2015,B,BB,1,0,0,-1,2,3,1,upgrade
I01824,Industrials,2015,BB,B,0,1,0,1,3,2,-1,downgrade
I01825,Utilities,2015,BB,BB,0,0,0,0,3,3,0,unchanged
I01826,Technology,2015,A,A,0,0,0,0,5,5,0,unchanged
I01827,Healthcare,2015,BBB,BBB,0,0,0,0,4,4,0,unchanged
I01828,Consumer,2015,BBB,BBB,0,0,0,0,4,4,0,unchanged
I01829,Utilities,2015,BBB,BBB,0,0,0,0,4,4,0,unchanged
I01830,Industrials,2015,BBB,BBB,0,0,0,0,4,4,0,unchanged
I01831,Financials,2015,BBB,BBB,0,0,0,0,4,4,0,unchanged
I01832,Energy,2015,B,B,0,0,0,0,2,2,0,unchanged
I01833,Utilities,2015,A,BBB,0,1,0,1,5,4,-1,downgrade
I01834,Energy,2015,BBB,BBB,0,0,0,0,4,4,0,unchanged
I01835,Financials,2015,A,A,0,0,0,0,5,5,0,unchanged
I01836,Financials,2015,BBB,BBB,0,0,0,0,4,4,0,unchanged
I01837,Consumer,2015,AA,AA,0,0,0,0,6,6,0,unchanged
I01838,Industrials,2015,A,A,0,0,0,0,5,5,0,unchanged
I01839,Healthcare,2015,B,B,0,0,0,0,2,2,0,unchanged
I01840,Utilities,2015,CCC,CCC,0,0,0,0,1,1,0,unchanged
I01841,Retail,2015,AAA,AAA,0,0,0,0,7,7,0,unchanged
I01842,Retail,2015,AAA,AAA,0,0,0,0,7,7,0,unchanged
I01843,Industrials,2015,B,B,0,0,0,0,2,2,0,unchanged
I01844,Retail,2015,BBB,BBB,0,0,0,0,4,4,0,unchanged
I01845,Telecom,2015,BB,BB,0,0,0,0,3,3,0,unchanged
I01846,Technology,2015,A,A,0,0,0,0,5,5,0,unchanged
I01847,Healthcare,2015,BBB,BBB,0,0,0,0,4,4,0,unchanged
I01848,Industrials,2015,B,B,0,0,0,0,2,2,0,unchanged
I01849,Industrials,2015,B,B,0,0,0,0,2,2,0,unchanged
I01850,Financials,2015,BB,BB,0,0,0,0,3,3,0,unchanged
I01851,Real_Estate,2015,BBB,BBB,0,0,0,0,4,4,0,unchanged
I01852,Utilities,2015,BBB,BBB,0,0,0,0,4,4,0,unchanged
I01853,Utilities,2015,BB,BB,0,0,0,0,3,3,0,unchanged
I01854,Utilities,2015,BBB,A,1,0,0,-1,4,5,1,upgrade
I01855,Consumer,2015,BBB,BBB,0,0,0,0,4,4,0,unchanged
I01856,Consumer,2015,BBB,A,1,0,0,-1,4,5,1,upgrade
I01857,Healthcare,2015,BBB,BBB,0,0,0,0,4,4,0,unchanged
I01858,Industrials,2015,BB,BB,0,0,0,0,3,3,0,unchanged
I01859,Technology,2015,CCC,CCC,0,0,0,0,1,1,0,unchanged
I01860,Telecom,2015,A,A,0,0,0,0,5,5,0,unchanged
I01861,Telecom,2015,AA,A,0,1,0,1,6,5,-1,downgrade
I01862,Utilities,2015,A,A,0,0,0,0,5,5,0,unchanged
I01863,Telecom,2015,BB,BB,0,0,0,0,3,3,0,unchanged
I01864,Telecom,2015,BBB,BBB,0,0,0,0,4,4,0,unchanged
I01865,Retail,2015,A,A,0,0,0,0,5,5,0,unchanged
I01866,Technology,2015,BBB,BBB,0,0,0,0,4,4,0,unchanged
I01867,Telecom,2015,BBB,BBB,0,0,0,0,4,4,0,unchanged
I01868,Industrials,2015,AA,AA,0,0,0,0,6,6,0,unchanged
I01869,Utilities,2015,BBB,BBB,0,0,0,0,4,4,0,unchanged
I01870,Consumer,2015,BBB,BBB,0,0,0,0,4,4,0,unchanged
I01871,Technology,2015,AAA,AAA,0,0,0,0,7,7,0,unchanged
I01872,Industrials,2015,AAA,AAA,0,0,0,0,7,7,0,unchanged
I01873,Technology,2015,BB,BB,0,0,0,0,3,3,0,unchanged
I01874,Telecom,2015,BB,D,0,0,1,3,3,0,-3,default
I01875,Energy,2015,BBB,BBB,0,0,0,0,4,4,0,unchanged
I01876,Energy,2015,BBB,BBB,0,0,0,0,4,4,0,unchanged
I01877,Telecom,2015,AA,AA,0,0,0,0,6,6,0,unchanged
I01878,Real_Estate,2015,AA,AA,0,0,0,0,6,6,0,unchanged
I01879,Telecom,2015,B,B,0,0,0,0,2,2,0,unchanged
I01880,Real_Estate,2015,B,BB,1,0,0,-1,2,3,1,upgrade
I01881,Healthcare,2015,CCC,CCC,0,0,0,0,1,1,0,unchanged
I01882,Industrials,2015,BBB,BBB,0,0,0,0,4,4,0,unchanged
I01883,Utilities,2015,BB,B,0,1,0,1,3,2,-1,downgrade
I01884,Retail,2015,BBB,BBB,0,0,0,0,4,4,0,unchanged
I01885,Energy,2015,BBB,BBB,0,0,0,0,4,4,0,unchanged
I01886,Financials,2015,BB,BB,0,0,0,0,3,3,0,unchanged
I01887,Utilities,2015,BBB,BBB,0,0,0,0,4,4,0,unchanged
I01888,Financials,2015,BB,BB,0,0,0,0,3,3,0,unchanged
I01889,Industrials,2015,A,A,0,0,0,0,5,5,0,unchanged
I01890,Industrials,2015,BBB,AAA,1,0,0,-3,4,7,3,upgrade
I01891,Real_Estate,2015,BBB,BBB,0,0,0,0,4,4,0,unchanged
I01892,Utilities,2015,BBB,BBB,0,0,0,0,4,4,0,unchanged
I01893,Real_Estate,2015,CCC,CCC,0,0,0,0,1,1,0,unchanged
I01894,Industrials,2015,B,B,0,0,0,0,2,2,0,unchanged
I01895,Consumer,2015,AAA,AAA,0,0,0,0,7,7,0,unchanged
I01896,Consumer,2015,BB,BB,0,0,0,0,3,3,0,unchanged
I01897,Financials,2015,B,B,0,0,0,0,2,2,0,unchanged
I01898,Telecom,2015,BBB,BBB,0,0,0,0,4,4,0,unchanged
I01899,Retail,2015,BB,BB,0,0,0,0,3,3,0,unchanged
I01900,Healthcare,2015,CCC,D,0,0,1,1,1,0,-1,default
I01901,Energy,2015,AA,AA,0,0,0,0,6,6,0,unchanged
I01902,Industrials,2015,B,B,0,0,0,0,2,2,0,unchanged
I01903,Utilities,2015,A,A,0,0,0,0,5,5,0,unchanged
I01904,Industrials,2015,BB,BB,0,0,0,0,3,3,0,unchanged
I01905,Telecom,2015,BBB,BBB,0,0,0,0,4,4,0,unchanged
I01906,Healthcare,2015,AA,AA,0,0,0,0,6,6,0,unchanged
I01907,Technology,2015,B,B,0,0,0,0,2,2,0,unchanged
I01908,Healthcare,2015,AA,AA,0,0,0,0,6,6,0,unchanged
I01909,Retail,2015,A,A,0,0,0,0,5,5,0,unchanged
I01910,Retail,2015,BBB,BBB,0,0,0,0,4,4,0,unchanged
I01911,Telecom,2015,AA,AA,0,0,0,0,6,6,0,unchanged
I01912,Healthcare,2015,A,BBB,0,1,0,1,5,4,-1,downgrade
I01913,Real_Estate,2015,BBB,BBB,0,0,0,0,4,4,0,unchanged
I01914,Consumer,2015,BB,BB,0,0,0,0,3,3,0,unchanged
I01915,Financials,2015,BBB,BBB,0,0,0,0,4,4,0,unchanged
I01916,Real_Estate,2015,CCC,CCC,0,0,0,0,1,1,0,unchanged
I01917,Financials,2015,CCC,CCC,0,0,0,0,1,1,0,unchanged
I01918,Retail,2015,AA,AA,0,0,0,0,6,6,0,unchanged
I01919,Telecom,2015,B,B,0,0,0,0,2,2,0,unchanged
I01920,Healthcare,2015,CCC,CCC,0,0,0,0,1,1,0,unchanged
I01921,Consumer,2015,CCC,CCC,0,0,0,0,1,1,0,unchanged
I01922,Healthcare,2015,BBB,BBB,0,0,0,0,4,4,0,unchanged
I01923,Healthcare,2015,B,B,0,0,0,0,2,2,0,unchanged
I01924,Energy,2015,CCC,CCC,0,0,0,0,1,1,0,unchanged
I01925,Utilities,2015,A,BB,0,1,0,2,5,3,-2,downgrade
I01926,Healthcare,2015,A,A,0,0,0,0,5,5,0,unchanged
I01927,Telecom,2015,BB,BB,0,0,0,0,3,3,0,unchanged
I01928,Consumer,2015,BB,BB,0,0,0,0,3,3,0,unchanged
I01929,Industrials,2015,AA,AA,0,0,0,0,6,6,0,unchanged
I01930,Financials,2015,BBB,BBB,0,0,0,0,4,4,0,unchanged
I01931,Telecom,2015,BB,BB,0,0,0,0,3,3,0,unchanged
I01932,Consumer,2015,B,B,0,0,0,0,2,2,0,unchanged
I01933,Real_Estate,2015,BB,BB,0,0,0,0,3,3,0,unchanged
I01934,Consumer,2015,B,B,0,0,0,0,2,2,0,unchanged
I01935,Industrials,2015,BBB,BBB,0,0,0,0,4,4,0,unchanged
I01936,Retail,2015,BBB,BBB,0,0,0,0,4,4,0,unchanged
I01937,Healthcare,2015,CCC,CCC,0,0,0,0,1,1,0,unchanged
I01938,Energy,2015,BBB,BBB,0,0,0,0,4,4,0,unchanged
I01939,Financials,2015,AA,AA,0,0,0,0,6,6,0,unchanged
I01940,Technology,2015,B,B,0,0,0,0,2,2,0,unchanged
I01941,Technology,2015,BB,BB,0,0,0,0,3,3,0,unchanged
I01942,Financials,2015,A,BBB,0,1,0,1,5,4,-1,downgrade
I01943,Healthcare,2015,AA,AA,0,0,0,0,6,6,0,unchanged
I01944,Financials,2015,A,BBB,0,1,0,1,5,4,-1,downgrade
I01945,Financials,2015,BBB,A,1,0,0,-1,4,5,1,upgrade
I01946,Energy,2015,B,D,0,0,1,2,2,0,-2,default
I01947,Consumer,2015,BBB,BBB,0,0,0,0,4,4,0,unchanged
I01948,Financials,2015,B,B,0,0,0,0,2,2,0,unchanged
I01949,Real_Estate,2015,BB,BBB,1,0,0,-1,3,4,1,upgrade
I01950,Real_Estate,2015,A,AA,1,0,0,-1,5,6,1,upgrade
I01951,Utilities,2015,BBB,BBB,0,0,0,0,4,4,0,unchanged
I01952,Financials,2015,B,B,0,0,0,0,2,2,0,unchanged
I01953,Energy,2015,BBB,BBB,0,0,0,0,4,4,0,unchanged
I01954,Industrials,2015,AA,AA,0,0,0,0,6,6,0,unchanged
I01955,Energy,2015,B,BB,1,0,0,-1,2,3,1,upgrade
I01956,Retail,2015,CCC,BB,1,0,0,-2,1,3,2,upgrade
I01957,Consumer,2015,BB,BB,0,0,0,0,3,3,0,unchanged
I01958,Consumer,2015,CCC,D,0,0,1,1,1,0,-1,default
I01959,Healthcare,2015,CCC,D,0,0,1,1,1,0,-1,default
I01960,Utilities,2015,B,CCC,0,1,0,1,2,1,-1,downgrade
I01961,Healthcare,2015,BBB,BBB,0,0,0,0,4,4,0,unchanged
I01962,Consumer,2015,BB,BB,0,0,0,0,3,3,0,unchanged
I01963,Energy,2015,BB,BB,0,0,0,0,3,3,0,unchanged
I01964,Retail,2015,BBB,BBB,0,0,0,0,4,4,0,unchanged
I01965,Consumer,2015,AA,AA,0,0,0,0,6,6,0,unchanged
I01966,Utilities,2015,BBB,BBB,0,0,0,0,4,4,0,unchanged
I01967,Industrials,2015,BBB,BBB,0,0,0,0,4,4,0,unchanged
I01968,Healthcare,2015,BBB,BBB,0,0,0,0,4,4,0,unchanged
I01969,Consumer,2015,BB,BB,0,0,0,0,3,3,0,unchanged
I01970,Consumer,2015,BB,BB,0,0,0,0,3,3,0,unchanged
I01971,Retail,2015,BB,BB,0,0,0,0,3,3,0,unchanged
I01972,Utilities,2015,CCC,D,0,0,1,1,1,0,-1,default
I01973,Utilities,2015,AA,A,0,1,0,1,6,5,-1,downgrade
I01974,Retail,2015,BBB,BBB,0,0,0,0,4,4,0,unchanged
I01975,Utilities,2015,A,A,0,0,0,0,5,5,0,unchanged
I01976,Technology,2015,BBB,BBB,0,0,0,0,4,4,0,unchanged
I01977,Healthcare,2015,BB,BB,0,0,0,0,3,3,0,unchanged
I01978,Telecom,2015,BBB,BBB,0,0,0,0,4,4,0,unchanged
I01979,Financials,2015,A,A,0,0,0,0,5,5,0,unchanged
I01980,Consumer,2015,A,A,0,0,0,0,5,5,0,unchanged
I01981,Retail,2015,A,A,0,0,0,0,5,5,0,unchanged
I01982,Industrials,2015,BB,BB,0,0,0,0,3,3,0,unchanged
I01983,Technology,2015,BB,B,0,1,0,1,3,2,-1,downgrade
I01984,Industrials,2015,BBB,BBB,0,0,0,0,4,4,0,unchanged
I01985,Technology,2015,AA,AA,0,0,0,0,6,6,0,unchanged
I01986,Consumer,2015,BB,BBB,1,0,0,-1,3,4,1,upgrade
I01987,Retail,2015,B,B,0,0,0,0,2,2,0,unchanged
I01988,Healthcare,2015,BBB,BBB,0,0,0,0,4,4,0,unchanged
I01989,Industrials,2015,AA,A,0,1,0,1,6,5,-1,downgrade
I01990,Financials,2015,BBB,BBB,0,0,0,0,4,4,0,unchanged
I01991,Real_Estate,2015,BB,B,0,1,0,1,3,2,-1,downgrade
I01992,Utilities,2015,BB,CCC,0,1,0,2,3,1,-2,downgrade
I01993,Energy,2015,BB,BB,0,0,0,0,3,3,0,unchanged
I01994,Real_Estate,2015,BBB,BBB,0,0,0,0,4,4,0,unchanged
I01995,Real_Estate,2015,BB,BB,0,0,0,0,3,3,0,unchanged
I01996,Energy,2015,A,A,0,0,0,0,5,5,0,unchanged
I01997,Utilities,2015,BBB,BBB,0,0,0,0,4,4,0,unchanged
I01998,Telecom,2015,BB,BB,0,0,0,0,3,3,0,unchanged
I01999,Consumer,2015,BBB,BBB,0,0,0,0,4,4,0,unchanged
I02000,Financials,2015,A,A,0,0,0,0,5,5,0,unchanged
I00001,Consumer,2016,A,A,0,0,0,0,5,5,0,unchanged
I00002,Industrials,2016,A,A,0,0,0,0,5,5,0,unchanged
I00003,Industrials,2016,BB,BB,0,0,0,0,3,3,0,unchanged
I00004,Industrials,2016,BBB,BBB,0,0,0,0,4,4,0,unchanged
I00005,Real_Estate,2016,A,A,0,0,0,0,5,5,0,unchanged
I00006,Financials,2016,B,B,0,0,0,0,2,2,0,unchanged
I00007,Utilities,2016,BB,BB,0,0,0,0,3,3,0,unchanged
I00008,Healthcare,2016,BBB,BBB,0,0,0,0,4,4,0,unchanged
I00009,Consumer,2016,BBB,BBB,0,0,0,0,4,4,0,unchanged
I00010,Real_Estate,2016,AAA,AA,0,1,0,1,7,6,-1,downgrade
I00011,Healthcare,2016,BBB,BBB,0,0,0,0,4,4,0,unchanged
I00012,Retail,2016,BB,BB,0,0,0,0,3,3,0,unchanged
I00013,Consumer,2016,CCC,D,0,0,1,1,1,0,-1,default
I00014,Telecom,2016,BB,BB,0,0,0,0,3,3,0,unchanged
I00015,Telecom,2016,B,B,0,0,0,0,2,2,0,unchanged
I00016,Healthcare,2016,CCC,CCC,0,0,0,0,1,1,0,unchanged
I00017,Retail,2016,CCC,CCC,0,0,0,0,1,1,0,unchanged
I00018,Consumer,2016,BB,BB,0,0,0,0,3,3,0,unchanged
I00019,Utilities,2016,A,A,0,0,0,0,5,5,0,unchanged
I00020,Healthcare,2016,CCC,CCC,0,0,0,0,1,1,0,unchanged
I00021,Financials,2016,BB,BB,0,0,0,0,3,3,0,unchanged
I00022,Consumer,2016,B,B,0,0,0,0,2,2,0,unchanged
I00025,Retail,2016,AAA,AAA,0,0,0,0,7,7,0,unchanged
I00027,Healthcare,2016,B,B,0,0,0,0,2,2,0,unchanged
I00028,Telecom,2016,BBB,BBB,0,0,0,0,4,4,0,unchanged
I00029,Energy,2016,BB,BB,0,0,0,0,3,3,0,unchanged
I00030,Utilities,2016,B,B,0,0,0,0,2,2,0,unchanged
I00031,Utilities,2016,A,A,0,0,0,0,5,5,0,unchanged
I00032,Healthcare,2016,B,B,0,0,0,0,2,2,0,unchanged
I00033,Energy,2016,BBB,BBB,0,0,0,0,4,4,0,unchanged
I00034,Financials,2016,CCC,CCC,0,0,0,0,1,1,0,unchanged
I00036,Real_Estate,2016,A,A,0,0,0,0,5,5,0,unchanged
I00037,Retail,2016,BB,BB,0,0,0,0,3,3,0,unchanged
I00038,Telecom,2016,A,A,0,0,0,0,5,5,0,unchanged
I00039,Energy,2016,B,B,0,0,0,0,2,2,0,unchanged
I00040,Utilities,2016,BBB,BBB,0,0,0,0,4,4,0,unchanged
I00041,Energy,2016,B,B,0,0,0,0,2,2,0,unchanged
I00042,Financials,2016,BB,BBB,1,0,0,-1,3,4,1,upgrade
I00043,Healthcare,2016,BBB,BBB,0,0,0,0,4,4,0,unchanged
I00044,Telecom,2016,BB,BB,0,0,0,0,3,3,0,unchanged
I00045,Technology,2016,AA,AA,0,0,0,0,6,6,0,unchanged
I00046,Energy,2016,AA,AAA,1,0,0,-1,6,7,1,upgrade
I00047,Energy,2016,AA,AA,0,0,0,0,6,6,0,unchanged
I00048,Healthcare,2016,BB,BB,0,0,0,0,3,3,0,unchanged
I00049,Telecom,2016,BBB,BBB,0,0,0,0,4,4,0,unchanged
I00050,Technology,2016,BB,BB,0,0,0,0,3,3,0,unchanged
I00051,Financials,2016,BB,AAA,1,0,0,-4,3,7,4,upgrade
I00052,Consumer,2016,A,B,0,1,0,3,5,2,-3,downgrade
I00053,Industrials,2016,BBB,BBB,0,0,0,0,4,4,0,unchanged
I00054,Industrials,2016,B,B,0,0,0,0,2,2,0,unchanged
I00055,Financials,2016,A,A,0,0,0,0,5,5,0,unchanged
I00056,Industrials,2016,BBB,BBB,0,0,0,0,4,4,0,unchanged
I00057,Utilities,2016,B,BB,1,0,0,-1,2,3,1,upgrade
I00058,Real_Estate,2016,BBB,BBB,0,0,0,0,4,4,0,unchanged
I00059,Consumer,2016,B,B,0,0,0,0,2,2,0,unchanged
I00060,Healthcare,2016,BB,BB,0,0,0,0,3,3,0,unchanged
I00061,Energy,2016,B,B,0,0,0,0,2,2,0,unchanged
I00062,Real_Estate,2016,B,B,0,0,0,0,2,2,0,unchanged
I00063,Healthcare,2016,B,D,0,0,1,2,2,0,-2,default
I00064,Healthcare,2016,B,B,0,0,0,0,2,2,0,unchanged
I00065,Energy,2016,CCC,D,0,0,1,1,1,0,-1,default
I00066,Industrials,2016,B,B,0,0,0,0,2,2,0,unchanged
I00067,Consumer,2016,BBB,BBB,0,0,0,0,4,4,0,unchanged
I00068,Technology,2016,BBB,BBB,0,0,0,0,4,4,0,unchanged
I00069,Real_Estate,2016,A,A,0,0,0,0,5,5,0,unchanged
I00070,Utilities,2016,CCC,CCC,0,0,0,0,1,1,0,unchanged
I00071,Real_Estate,2016,BBB,BBB,0,0,0,0,4,4,0,unchanged
I00072,Financials,2016,AA,AA,0,0,0,0,6,6,0,unchanged
I00073,Energy,2016,B,B,0,0,0,0,2,2,0,unchanged
I00074,Energy,2016,B,B,0,0,0,0,2,2,0,unchanged
I00075,Retail,2016,BB,BB,0,0,0,0,3,3,0,unchanged
I00076,Energy,2016,BBB,BBB,0,0,0,0,4,4,0,unchanged
I00077,Consumer,2016,BBB,BBB,0,0,0,0,4,4,0,unchanged
I00078,Utilities,2016,AAA,AAA,0,0,0,0,7,7,0,unchanged
I00079,Retail,2016,CCC,D,0,0,1,1,1,0,-1,default
I00080,Financials,2016,B,D,0,0,1,2,2,0,-2,default
I00081,Utilities,2016,B,B,0,0,0,0,2,2,0,unchanged
I00082,Utilities,2016,A,A,0,0,0,0,5,5,0,unchanged
I00083,Industrials,2016,BBB,BBB,0,0,0,0,4,4,0,unchanged
I00084,Retail,2016,BB,BB,0,0,0,0,3,3,0,unchanged
I00085,Industrials,2016,A,A,0,0,0,0,5,5,0,unchanged
I00086,Consumer,2016,A,A,0,0,0,0,5,5,0,unchanged
I00088,Financials,2016,BB,BB,0,0,0,0,3,3,0,unchanged
I00090,Utilities,2016,BBB,BBB,0,0,0,0,4,4,0,unchanged
I00091,Industrials,2016,B,B,0,0,0,0,2,2,0,unchanged
I00092,Financials,2016,AA,AA,0,0,0,0,6,6,0,unchanged
I00093,Energy,2016,B,B,0,0,0,0,2,2,0,unchanged
I00094,Retail,2016,AA,AA,0,0,0,0,6,6,0,unchanged
I00095,Utilities,2016,CCC,D,0,0,1,1,1,0,-1,default
I00096,Industrials,2016,A,A,0,0,0,0,5,5,0,unchanged
I00097,Retail,2016,BB,BB,0,0,0,0,3,3,0,unchanged
I00098,Energy,2016,AA,AA,0,0,0,0,6,6,0,unchanged
I00099,Technology,2016,A,A,0,0,0,0,5,5,0,unchanged
I00100,Telecom,2016,BBB,BBB,0,0,0,0,4,4,0,unchanged
I00101,Retail,2016,AA,AA,0,0,0,0,6,6,0,unchanged
I00102,Utilities,2016,B,B,0,0,0,0,2,2,0,unchanged
I00103,Consumer,2016,AA,AA,0,0,0,0,6,6,0,unchanged
I00104,Consumer,2016,B,B,0,0,0,0,2,2,0,unchanged
I00105,Healthcare,2016,AA,AA,0,0,0,0,6,6,0,unchanged
I00106,Financials,2016,A,A,0,0,0,0,5,5,0,unchanged
I00107,Retail,2016,AA,AA,0,0,0,0,6,6,0,unchanged
I00108,Telecom,2016,BBB,BBB,0,0,0,0,4,4,0,unchanged
I00109,Retail,2016,BB,BB,0,0,0,0,3,3,0,unchanged
I00110,Utilities,2016,BBB,BBB,0,0,0,0,4,4,0,unchanged
I00111,Industrials,2016,A,A,0,0,0,0,5,5,0,unchanged
I00112,Energy,2016,BB,BB,0,0,0,0,3,3,0,unchanged
I00113,Technology,2016,BBB,BBB,0,0,0,0,4,4,0,unchanged
I00114,Telecom,2016,BBB,BBB,0,0,0,0,4,4,0,unchanged
I00115,Technology,2016,B,B,0,0,0,0,2,2,0,unchanged
I00116,Real_Estate,2016,A,A,0,0,0,0,5,5,0,unchanged
I00117,Telecom,2016,BB,BB,0,0,0,0,3,3,0,unchanged
I00118,Industrials,2016,B,B,0,0,0,0,2,2,0,unchanged
I00119,Utilities,2016,A,A,0,0,0,0,5,5,0,unchanged
I00120,Utilities,2016,BBB,BBB,0,0,0,0,4,4,0,unchanged
I00121,Industrials,2016,BBB,BBB,0,0,0,0,4,4,0,unchanged
I00122,Telecom,2016,BB,BB,0,0,0,0,3,3,0,unchanged
I00123,Healthcare,2016,A,A,0,0,0,0,5,5,0,unchanged
I00124,Industrials,2016,BB,B,0,1,0,1,3,2,-1,downgrade
I00125,Utilities,2016,B,B,0,0,0,0,2,2,0,unchanged
I00126,Technology,2016,A,A,0,0,0,0,5,5,0,unchanged
I00127,Utilities,2016,B,B,0,0,0,0,2,2,0,unchanged
I00128,Healthcare,2016,CCC,CCC,0,0,0,0,1,1,0,unchanged
I00129,Telecom,2016,B,B,0,0,0,0,2,2,0,unchanged
I00130,Consumer,2016,BBB,BBB,0,0,0,0,4,4,0,unchanged
I00131,Real_Estate,2016,A,A,0,0,0,0,5,5,0,unchanged
I00132,Retail,2016,BB,BB,0,0,0,0,3,3,0,unchanged
I00133,Real_Estate,2016,A,A,0,0,0,0,5,5,0,unchanged
I00134,Healthcare,2016,A,A,0,0,0,0,5,5,0,unchanged
I00135,Technology,2016,A,A,0,0,0,0,5,5,0,unchanged
I00136,Consumer,2016,B,B,0,0,0,0,2,2,0,unchanged
I00137,Financials,2016,BBB,A,1,0,0,-1,4,5,1,upgrade
I00138,Telecom,2016,B,B,0,0,0,0,2,2,0,unchanged
I00139,Telecom,2016,BB,BB,0,0,0,0,3,3,0,unchanged
I00140,Consumer,2016,AA,AA,0,0,0,0,6,6,0,unchanged
I00141,Energy,2016,BB,BB,0,0,0,0,3,3,0,unchanged
I00142,Telecom,2016,BBB,BBB,0,0,0,0,4,4,0,unchanged
I00143,Retail,2016,B,B,0,0,0,0,2,2,0,unchanged
I00144,Financials,2016,BBB,A,1,0,0,-1,4,5,1,upgrade
I00145,Financials,2016,BBB,BBB,0,0,0,0,4,4,0,unchanged
I00146,Technology,2016,AA,AA,0,0,0,0,6,6,0,unchanged
I00147,Real_Estate,2016,A,A,0,0,0,0,5,5,0,unchanged
I00148,Retail,2016,A,A,0,0,0,0,5,5,0,unchanged
I00149,Financials,2016,BBB,BBB,0,0,0,0,4,4,0,unchanged
I00150,Retail,2016,BB,BB,0,0,0,0,3,3,0,unchanged
I00151,Healthcare,2016,B,B,0,0,0,0,2,2,0,unchanged
I00152,Energy,2016,BBB,BBB,0,0,0,0,4,4,0,unchanged
I00153,Financials,2016,A,A,0,0,0,0,5,5,0,unchanged
I00154,Energy,2016,B,B,0,0,0,0,2,2,0,unchanged
I00155,Energy,2016,BBB,BBB,0,0,0,0,4,4,0,unchanged
I00156,Telecom,2016,BBB,BBB,0,0,0,0,4,4,0,unchanged
I00157,Retail,2016,A,A,0,0,0,0,5,5,0,unchanged
I00158,Financials,2016,A,A,0,0,0,0,5,5,0,unchanged
I00159,Consumer,2016,A,A,0,0,0,0,5,5,0,unchanged
I00160,Consumer,2016,BBB,BBB,0,0,0,0,4,4,0,unchanged
I00161,Technology,2016,A,BBB,0,1,0,1,5,4,-1,downgrade
I00162,Real_Estate,2016,BB,BB,0,0,0,0,3,3,0,unchanged
I00164,Consumer,2016,A,BBB,0,1,0,1,5,4,-1,downgrade
I00165,Healthcare,2016,BB,BBB,1,0,0,-1,3,4,1,upgrade
I00166,Telecom,2016,B,BB,1,0,0,-1,2,3,1,upgrade
I00167,Utilities,2016,B,B,0,0,0,0,2,2,0,unchanged
I00168,Utilities,2016,B,B,0,0,0,0,2,2,0,unchanged
I00169,Technology,2016,AA,AA,0,0,0,0,6,6,0,unchanged
I00170,Industrials,2016,B,D,0,0,1,2,2,0,-2,default
I00171,Utilities,2016,A,A,0,0,0,0,5,5,0,unchanged
I00172,Technology,2016,BB,BB,0,0,0,0,3,3,0,unchanged
I00173,Healthcare,2016,B,B,0,0,0,0,2,2,0,unchanged
I00174,Utilities,2016,BB,BB,0,0,0,0,3,3,0,unchanged
I00175,Technology,2016,BBB,BBB,0,0,0,0,4,4,0,unchanged
I00176,Consumer,2016,BB,BB,0,0,0,0,3,3,0,unchanged
I00177,Energy,2016,B,CCC,0,1,0,1,2,1,-1,downgrade
I00178,Telecom,2016,CCC,CCC,0,0,0,0,1,1,0,unchanged
I00179,Consumer,2016,A,A,0,0,0,0,5,5,0,unchanged
I00181,Industrials,2016,BB,BB,0,0,0,0,3,3,0,unchanged
I00182,Consumer,2016,BBB,BBB,0,0,0,0,4,4,0,unchanged
I00183,Financials,2016,BBB,BB,0,1,0,1,4,3,-1,downgrade
I00184,Telecom,2016,B,B,0,0,0,0,2,2,0,unchanged
I00185,Retail,2016,BBB,BBB,0,0,0,0,4,4,0,unchanged
I00186,Energy,2016,BBB,BBB,0,0,0,0,4,4,0,unchanged
I00187,Utilities,2016,AA,AA,0,0,0,0,6,6,0,unchanged
I00188,Telecom,2016,BBB,B,0,1,0,2,4,2,-2,downgrade
I00189,Telecom,2016,B,B,0,0,0,0,2,2,0,unchanged
I00190,Industrials,2016,B,B,0,0,0,0,2,2,0,unchanged
I00191,Technology,2016,BBB,A,1,0,0,-1,4,5,1,upgrade
I00192,Technology,2016,CCC,D,0,0,1,1,1,0,-1,default
I00193,Industrials,2016,BB,BB,0,0,0,0,3,3,0,unchanged
I00194,Industrials,2016,BB,BB,0,0,0,0,3,3,0,unchanged
I00195,Healthcare,2016,B,B,0,0,0,0,2,2,0,unchanged
I00196,Financials,2016,B,B,0,0,0,0,2,2,0,unchanged
I00197,Industrials,2016,BBB,BBB,0,0,0,0,4,4,0,unchanged
I00198,Healthcare,2016,BBB,BBB,0,0,0,0,4,4,0,unchanged
I00199,Healthcare,2016,B,BB,1,0,0,-1,2,3,1,upgrade
I00200,Retail,2016,BBB,BBB,0,0,0,0,4,4,0,unchanged
I00201,Telecom,2016,BBB,BBB,0,0,0,0,4,4,0,unchanged
I00202,Utilities,2016,B,BB,1,0,0,-1,2,3,1,upgrade
I00203,Financials,2016,A,A,0,0,0,0,5,5,0,unchanged
I00204,Energy,2016,BB,BB,0,0,0,0,3,3,0,unchanged
I00205,Healthcare,2016,CCC,CCC,0,0,0,0,1,1,0,unchanged
I00206,Industrials,2016,A,A,0,0,0,0,5,5,0,unchanged
I00207,Retail,2016,BBB,BBB,0,0,0,0,4,4,0,unchanged
I00208,Healthcare,2016,BBB,BBB,0,0,0,0,4,4,0,unchanged
I00209,Utilities,2016,B,B,0,0,0,0,2,2,0,unchanged
I00210,Telecom,2016,BBB,BBB,0,0,0,0,4,4,0,unchanged
I00211,Healthcare,2016,BBB,BBB,0,0,0,0,4,4,0,unchanged
I00212,Healthcare,2016,B,BB,1,0,0,-1,2,3,1,upgrade
I00213,Retail,2016,AA,AA,0,0,0,0,6,6,0,unchanged
I00214,Energy,2016,A,A,0,0,0,0,5,5,0,unchanged
I00215,Energy,2016,A,A,0,0,0,0,5,5,0,unchanged
I00216,Technology,2016,A,A,0,0,0,0,5,5,0,unchanged
I00217,Consumer,2016,B,B,0,0,0,0,2,2,0,unchanged
I00218,Telecom,2016,BB,BB,0,0,0,0,3,3,0,unchanged
I00219,Telecom,2016,A,A,0,0,0,0,5,5,0,unchanged
I00220,Utilities,2016,A,A,0,0,0,0,5,5,0,unchanged
I00221,Retail,2016,B,BB,1,0,0,-1,2,3,1,upgrade
I00224,Financials,2016,A,A,0,0,0,0,5,5,0,unchanged
I00225,Financials,2016,AA,AA,0,0,0,0,6,6,0,unchanged
I00226,Industrials,2016,B,B,0,0,0,0,2,2,0,unchanged
I00227,Technology,2016,B,B,0,0,0,0,2,2,0,unchanged
I00228,Utilities,2016,BBB,A,1,0,0,-1,4,5,1,upgrade
I00229,Telecom,2016,BBB,BBB,0,0,0,0,4,4,0,unchanged
I00230,Industrials,2016,BBB,BBB,0,0,0,0,4,4,0,unchanged
I00231,Retail,2016,A,A,0,0,0,0,5,5,0,unchanged
I00232,Industrials,2016,CCC,CCC,0,0,0,0,1,1,0,unchanged
I00233,Healthcare,2016,BB,B,0,1,0,1,3,2,-1,downgrade
I00234,Real_Estate,2016,BBB,A,1,0,0,-1,4,5,1,upgrade
I00235,Healthcare,2016,BB,BB,0,0,0,0,3,3,0,unchanged
I00236,Healthcare,2016,BBB,BBB,0,0,0,0,4,4,0,unchanged
I00237,Financials,2016,AA,AA,0,0,0,0,6,6,0,unchanged
I00238,Healthcare,2016,CCC,CCC,0,0,0,0,1,1,0,unchanged
I00239,Industrials,2016,A,A,0,0,0,0,5,5,0,unchanged
I00240,Real_Estate,2016,A,A,0,0,0,0,5,5,0,unchanged
I00241,Healthcare,2016,A,A,0,0,0,0,5,5,0,unchanged
I00242,Telecom,2016,B,B,0,0,0,0,2,2,0,unchanged
I00243,Telecom,2016,BBB,BBB,0,0,0,0,4,4,0,unchanged
I00244,Real_Estate,2016,B,B,0,0,0,0,2,2,0,unchanged
I00245,Telecom,2016,BB,BB,0,0,0,0,3,3,0,unchanged
I00246,Technology,2016,BB,BB,0,0,0,0,3,3,0,unchanged
I00247,Industrials,2016,BB,BB,0,0,0,0,3,3,0,unchanged
I00248,Telecom,2016,A,A,0,0,0,0,5,5,0,unchanged
I00249,Technology,2016,BB,D,0,0,1,3,3,0,-3,default
I00250,Industrials,2016,AA,AA,0,0,0,0,6,6,0,unchanged
I00251,Consumer,2016,BBB,BBB,0,0,0,0,4,4,0,unchanged
I00252,Utilities,2016,BBB,BBB,0,0,0,0,4,4,0,unchanged
I00253,Telecom,2016,AA,AA,0,0,0,0,6,6,0,unchanged
I00254,Real_Estate,2016,BB,BB,0,0,0,0,3,3,0,unchanged
I00255,Consumer,2016,BB,B,0,1,0,1,3,2,-1,downgrade
I00256,Telecom,2016,A,BBB,0,1,0,1,5,4,-1,downgrade
I00257,Utilities,2016,BB,BB,0,0,0,0,3,3,0,unchanged
I00258,Real_Estate,2016,A,A,0,0,0,0,5,5,0,unchanged
I00259,Telecom,2016,B,B,0,0,0,0,2,2,0,unchanged
I00260,Healthcare,2016,B,B,0,0,0,0,2,2,0,unchanged
I00261,Utilities,2016,A,A,0,0,0,0,5,5,0,unchanged
I00262,Technology,2016,AAA,AAA,0,0,0,0,7,7,0,unchanged
I00263,Energy,2016,BB,BB,0,0,0,0,3,3,0,unchanged
I00264,Telecom,2016,AAA,AAA,0,0,0,0,7,7,0,unchanged
I00265,Real_Estate,2016,BBB,BBB,0,0,0,0,4,4,0,unchanged
I00266,Real_Estate,2016,BB,BB,0,0,0,0,3,3,0,unchanged
I00267,Healthcare,2016,BBB,A,1,0,0,-1,4,5,1,upgrade
I00268,Telecom,2016,AA,AA,0,0,0,0,6,6,0,unchanged
I00270,Utilities,2016,BBB,BB,0,1,0,1,4,3,-1,downgrade
I00271,Retail,2016,BB,BB,0,0,0,0,3,3,0,unchanged
I00272,Consumer,2016,BB,BB,0,0,0,0,3,3,0,unchanged
I00273,Energy,2016,A,BBB,0,1,0,1,5,4,-1,downgrade
I00274,Consumer,2016,B,B,0,0,0,0,2,2,0,unchanged
I00275,Financials,2016,B,B,0,0,0,0,2,2,0,unchanged
I00276,Financials,2016,B,B,0,0,0,0,2,2,0,unchanged
I00277,Retail,2016,BBB,BBB,0,0,0,0,4,4,0,unchanged
I00278,Retail,2016,BB,B,0,1,0,1,3,2,-1,downgrade
I00279,Financials,2016,BB,BB,0,0,0,0,3,3,0,unchanged
I00280,Utilities,2016,AA,AA,0,0,0,0,6,6,0,unchanged
I00281,Utilities,2016,AAA,AAA,0,0,0,0,7,7,0,unchanged
I00282,Healthcare,2016,BB,B,0,1,0,1,3,2,-1,downgrade
I00283,Healthcare,2016,AA,AA,0,0,0,0,6,6,0,unchanged
I00284,Healthcare,2016,CCC,CCC,0,0,0,0,1,1,0,unchanged
I00285,Energy,2016,BBB,BBB,0,0,0,0,4,4,0,unchanged
I00287,Energy,2016,BBB,BBB,0,0,0,0,4,4,0,unchanged
I00288,Technology,2016,BB,BBB,1,0,0,-1,3,4,1,upgrade
I00289,Industrials,2016,BBB,BBB,0,0,0,0,4,4,0,unchanged
I00290,Retail,2016,BB,BB,0,0,0,0,3,3,0,unchanged
I00291,Energy,2016,AA,AA,0,0,0,0,6,6,0,unchanged
I00292,Energy,2016,BBB,BBB,0,0,0,0,4,4,0,unchanged
I00293,Industrials,2016,A,A,0,0,0,0,5,5,0,unchanged
I00294,Financials,2016,BBB,BBB,0,0,0,0,4,4,0,unchanged
I00295,Financials,2016,A,BBB,0,1,0,1,5,4,-1,downgrade
I00296,Technology,2016,BB,BB,0,0,0,0,3,3,0,unchanged
I00297,Telecom,2016,BB,BBB,1,0,0,-1,3,4,1,upgrade
I00298,Utilities,2016,BBB,BBB,0,0,0,0,4,4,0,unchanged
I00299,Financials,2016,A,A,0,0,0,0,5,5,0,unchanged
I00300,Real_Estate,2016,BB,BB,0,0,0,0,3,3,0,unchanged
I00301,Healthcare,2016,BB,B,0,1,0,1,3,2,-1,downgrade
I00302,Utilities,2016,BBB,BBB,0,0,0,0,4,4,0,unchanged
I00303,Financials,2016,AA,AA,0,0,0,0,6,6,0,unchanged
I00304,Financials,2016,A,A,0,0,0,0,5,5,0,unchanged
I00305,Consumer,2016,BB,B,0,1,0,1,3,2,-1,downgrade
I00306,Telecom,2016,CCC,CCC,0,0,0,0,1,1,0,unchanged
I00308,Real_Estate,2016,BBB,BBB,0,0,0,0,4,4,0,unchanged
I00309,Energy,2016,A,A,0,0,0,0,5,5,0,unchanged
I00310,Healthcare,2016,A,A,0,0,0,0,5,5,0,unchanged
I00311,Real_Estate,2016,B,B,0,0,0,0,2,2,0,unchanged
I00312,Technology,2016,BBB,BBB,0,0,0,0,4,4,0,unchanged
I00313,Consumer,2016,A,A,0,0,0,0,5,5,0,unchanged
I00314,Industrials,2016,AAA,AAA,0,0,0,0,7,7,0,unchanged
I00315,Industrials,2016,BB,BB,0,0,0,0,3,3,0,unchanged
I00316,Technology,2016,BB,BB,0,0,0,0,3,3,0,unchanged
I00318,Energy,2016,B,B,0,0,0,0,2,2,0,unchanged
I00319,Financials,2016,AA,AA,0,0,0,0,6,6,0,unchanged
I00320,Consumer,2016,BBB,BBB,0,0,0,0,4,4,0,unchanged
I00321,Healthcare,2016,A,A,0,0,0,0,5,5,0,unchanged
I00322,Technology,2016,B,B,0,0,0,0,2,2,0,unchanged
I00323,Utilities,2016,CCC,D,0,0,1,1,1,0,-1,default
I00324,Financials,2016,B,B,0,0,0,0,2,2,0,unchanged
I00325,Retail,2016,BBB,A,1,0,0,-1,4,5,1,upgrade
I00326,Telecom,2016,BBB,BBB,0,0,0,0,4,4,0,unchanged
I00327,Utilities,2016,A,A,0,0,0,0,5,5,0,unchanged
I00328,Real_Estate,2016,BBB,A,1,0,0,-1,4,5,1,upgrade
I00329,Technology,2016,AA,AA,0,0,0,0,6,6,0,unchanged
I00330,Industrials,2016,BBB,BBB,0,0,0,0,4,4,0,unchanged
I00331,Utilities,2016,CCC,CCC,0,0,0,0,1,1,0,unchanged
I00332,Telecom,2016,BB,BB,0,0,0,0,3,3,0,unchanged
I00333,Consumer,2016,BB,BB,0,0,0,0,3,3,0,unchanged
I00334,Utilities,2016,BBB,BBB,0,0,0,0,4,4,0,unchanged
I00335,Utilities,2016,BB,BB,0,0,0,0,3,3,0,unchanged
I00336,Utilities,2016,B,B,0,0,0,0,2,2,0,unchanged
I00337,Financials,2016,AA,AA,0,0,0,0,6,6,0,unchanged
I00338,Financials,2016,BBB,BBB,0,0,0,0,4,4,0,unchanged
I00339,Retail,2016,BBB,BBB,0,0,0,0,4,4,0,unchanged
I00340,Real_Estate,2016,BB,BB,0,0,0,0,3,3,0,unchanged
I00341,Financials,2016,BBB,BBB,0,0,0,0,4,4,0,unchanged
I00342,Technology,2016,BBB,BBB,0,0,0,0,4,4,0,unchanged
I00343,Consumer,2016,BB,B,0,1,0,1,3,2,-1,downgrade
I00344,Energy,2016,AA,AA,0,0,0,0,6,6,0,unchanged
I00345,Utilities,2016,BB,BB,0,0,0,0,3,3,0,unchanged
I00346,Industrials,2016,BB,B,0,1,0,1,3,2,-1,downgrade
I00347,Financials,2016,B,B,0,0,0,0,2,2,0,unchanged
I00348,Retail,2016,BBB,BBB,0,0,0,0,4,4,0,unchanged
I00349,Utilities,2016,BBB,BBB,0,0,0,0,4,4,0,unchanged
I00350,Healthcare,2016,B,B,0,0,0,0,2,2,0,unchanged
I00351,Technology,2016,AA,AA,0,0,0,0,6,6,0,unchanged
I00352,Utilities,2016,A,A,0,0,0,0,5,5,0,unchanged
I00353,Retail,2016,BB,BB,0,0,0,0,3,3,0,unchanged
I00354,Healthcare,2016,AA,AA,0,0,0,0,6,6,0,unchanged
I00355,Healthcare,2016,BB,BB,0,0,0,0,3,3,0,unchanged
I00356,Healthcare,2016,AA,AA,0,0,0,0,6,6,0,unchanged
I00357,Industrials,2016,A,A,0,0,0,0,5,5,0,unchanged
I00359,Consumer,2016,A,A,0,0,0,0,5,5,0,unchanged
I00360,Real_Estate,2016,B,B,0,0,0,0,2,2,0,unchanged
I00361,Healthcare,2016,BB,B,0,1,0,1,3,2,-1,downgrade
I00362,Industrials,2016,BBB,BBB,0,0,0,0,4,4,0,unchanged
I00363,Energy,2016,BBB,BBB,0,0,0,0,4,4,0,unchanged
I00364,Telecom,2016,B,D,0,0,1,2,2,0,-2,default
I00366,Energy,2016,BB,BB,0,0,0,0,3,3,0,unchanged
I00367,Utilities,2016,BBB,BBB,0,0,0,0,4,4,0,unchanged
I00368,Healthcare,2016,BBB,BBB,0,0,0,0,4,4,0,unchanged
I00369,Healthcare,2016,BBB,BBB,0,0,0,0,4,4,0,unchanged
I00370,Utilities,2016,BBB,BBB,0,0,0,0,4,4,0,unchanged
I00371,Technology,2016,A,A,0,0,0,0,5,5,0,unchanged
I00372,Energy,2016,B,B,0,0,0,0,2,2,0,unchanged
I00373,Energy,2016,A,BB,0,1,0,2,5,3,-2,downgrade
I00374,Utilities,2016,BB,BB,0,0,0,0,3,3,0,unchanged
I00375,Retail,2016,BBB,A,1,0,0,-1,4,5,1,upgrade
I00376,Industrials,2016,BB,BB,0,0,0,0,3,3,0,unchanged
I00377,Energy,2016,A,A,0,0,0,0,5,5,0,unchanged
I00378,Technology,2016,B,B,0,0,0,0,2,2,0,unchanged
I00379,Healthcare,2016,AA,AA,0,0,0,0,6,6,0,unchanged
I00380,Financials,2016,A,A,0,0,0,0,5,5,0,unchanged
I00381,Telecom,2016,A,A,0,0,0,0,5,5,0,unchanged
I00382,Energy,2016,BB,BB,0,0,0,0,3,3,0,unchanged
I00383,Financials,2016,B,B,0,0,0,0,2,2,0,unchanged
I00384,Healthcare,2016,BB,BB,0,0,0,0,3,3,0,unchanged
I00385,Industrials,2016,AAA,AAA,0,0,0,0,7,7,0,unchanged
I00386,Real_Estate,2016,BBB,BBB,0,0,0,0,4,4,0,unchanged
I00387,Financials,2016,BB,BBB,1,0,0,-1,3,4,1,upgrade
I00388,Retail,2016,B,B,0,0,0,0,2,2,0,unchanged
I00389,Healthcare,2016,B,B,0,0,0,0,2,2,0,unchanged
I00390,Consumer,2016,B,B,0,0,0,0,2,2,0,unchanged
I00391,Technology,2016,AA,AA,0,0,0,0,6,6,0,unchanged
I00392,Healthcare,2016,BBB,BBB,0,0,0,0,4,4,0,unchanged
I00393,Industrials,2016,BB,BB,0,0,0,0,3,3,0,unchanged
I00394,Technology,2016,BB,BB,0,0,0,0,3,3,0,unchanged
I00395,Healthcare,2016,BBB,BBB,0,0,0,0,4,4,0,unchanged
I00396,Industrials,2016,B,BB,1,0,0,-1,2,3,1,upgrade
I00397,Energy,2016,BB,AA,1,0,0,-3,3,6,3,upgrade
I00398,Retail,2016,AA,AA,0,0,0,0,6,6,0,unchanged
I00399,Technology,2016,BBB,BBB,0,0,0,0,4,4,0,unchanged
I00400,Industrials,2016,BBB,BBB,0,0,0,0,4,4,0,unchanged
I00401,Utilities,2016,B,B,0,0,0,0,2,2,0,unchanged
I00402,Retail,2016,CCC,D,0,0,1,1,1,0,-1,default
I00403,Energy,2016,B,B,0,0,0,0,2,2,0,unchanged
I00404,Industrials,2016,BB,B,0,1,0,1,3,2,-1,downgrade
I00405,Retail,2016,B,B,0,0,0,0,2,2,0,unchanged
I00406,Financials,2016,B,B,0,0,0,0,2,2,0,unchanged
I00407,Energy,2016,A,A,0,0,0,0,5,5,0,unchanged
I00408,Financials,2016,BB,BB,0,0,0,0,3,3,0,unchanged
I00409,Technology,2016,A,A,0,0,0,0,5,5,0,unchanged
I00410,Energy,2016,BB,B,0,1,0,1,3,2,-1,downgrade
I00411,Retail,2016,BB,BB,0,0,0,0,3,3,0,unchanged
I00412,Industrials,2016,A,A,0,0,0,0,5,5,0,unchanged
I00414,Real_Estate,2016,B,B,0,0,0,0,2,2,0,unchanged
I00415,Healthcare,2016,CCC,CCC,0,0,0,0,1,1,0,unchanged
I00416,Energy,2016,BBB,BBB,0,0,0,0,4,4,0,unchanged
I00417,Consumer,2016,B,B,0,0,0,0,2,2,0,unchanged
I00418,Industrials,2016,CCC,D,0,0,1,1,1,0,-1,default
I00419,Industrials,2016,BBB,A,1,0,0,-1,4,5,1,upgrade
I00420,Telecom,2016,BBB,BBB,0,0,0,0,4,4,0,unchanged
I00421,Retail,2016,AA,A,0,1,0,1,6,5,-1,downgrade
I00422,Healthcare,2016,B,B,0,0,0,0,2,2,0,unchanged
I00423,Industrials,2016,B,D,0,0,1,2,2,0,-2,default
I00424,Telecom,2016,AA,AA,0,0,0,0,6,6,0,unchanged
I00425,Healthcare,2016,BB,BB,0,0,0,0,3,3,0,unchanged
I00426,Telecom,2016,BB,BB,0,0,0,0,3,3,0,unchanged
I00427,Financials,2016,BB,BB,0,0,0,0,3,3,0,unchanged
I00428,Retail,2016,AA,AA,0,0,0,0,6,6,0,unchanged
I00429,Industrials,2016,BBB,BBB,0,0,0,0,4,4,0,unchanged
I00430,Financials,2016,BBB,BBB,0,0,0,0,4,4,0,unchanged
I00431,Financials,2016,CCC,CCC,0,0,0,0,1,1,0,unchanged
I00432,Financials,2016,BB,B,0,1,0,1,3,2,-1,downgrade
I00433,Real_Estate,2016,A,A,0,0,0,0,5,5,0,unchanged
I00434,Consumer,2016,BB,BB,0,0,0,0,3,3,0,unchanged
I00435,Retail,2016,B,B,0,0,0,0,2,2,0,unchanged
I00436,Healthcare,2016,B,D,0,0,1,2,2,0,-2,default
I00437,Technology,2016,BB,CCC,0,1,0,2,3,1,-2,downgrade
I00438,Financials,2016,BB,BB,0,0,0,0,3,3,0,unchanged
I00439,Real_Estate,2016,CCC,D,0,0,1,1,1,0,-1,default
I00440,Energy,2016,AA,AA,0,0,0,0,6,6,0,unchanged
I00441,Industrials,2016,BBB,BBB,0,0,0,0,4,4,0,unchanged
I00442,Consumer,2016,BBB,BBB,0,0,0,0,4,4,0,unchanged
I00443,Retail,2016,B,B,0,0,0,0,2,2,0,unchanged
I00444,Financials,2016,BB,BB,0,0,0,0,3,3,0,unchanged
I00445,Industrials,2016,BBB,BBB,0,0,0,0,4,4,0,unchanged
I00446,Financials,2016,B,B,0,0,0,0,2,2,0,unchanged
I00447,Retail,2016,A,A,0,0,0,0,5,5,0,unchanged
I00448,Energy,2016,CCC,B,1,0,0,-1,1,2,1,upgrade
I00449,Consumer,2016,CCC,D,0,0,1,1,1,0,-1,default
I00450,Healthcare,2016,B,B,0,0,0,0,2,2,0,unchanged
I00451,Energy,2016,AAA,AAA,0,0,0,0,7,7,0,unchanged
I00452,Industrials,2016,A,BBB,0,1,0,1,5,4,-1,downgrade
I00453,Energy,2016,BBB,BBB,0,0,0,0,4,4,0,unchanged
I00454,Financials,2016,BBB,BBB,0,0,0,0,4,4,0,unchanged
I00455,Financials,2016,BB,BB,0,0,0,0,3,3,0,unchanged
I00456,Healthcare,2016,CCC,D,0,0,1,1,1,0,-1,default
I00457,Industrials,2016,BB,BB,0,0,0,0,3,3,0,unchanged
I00458,Telecom,2016,BB,BB,0,0,0,0,3,3,0,unchanged
I00459,Financials,2016,CCC,D,0,0,1,1,1,0,-1,default
I00460,Telecom,2016,AAA,AAA,0,0,0,0,7,7,0,unchanged
I00461,Energy,2016,BB,BB,0,0,0,0,3,3,0,unchanged
I00462,Real_Estate,2016,A,A,0,0,0,0,5,5,0,unchanged
I00463,Financials,2016,BBB,BBB,0,0,0,0,4,4,0,unchanged
I00464,Healthcare,2016,A,A,0,0,0,0,5,5,0,unchanged
I00465,Energy,2016,AAA,AAA,0,0,0,0,7,7,0,unchanged
I00466,Energy,2016,BBB,BBB,0,0,0,0,4,4,0,unchanged
I00467,Financials,2016,A,A,0,0,0,0,5,5,0,unchanged
I00468,Technology,2016,A,A,0,0,0,0,5,5,0,unchanged
I00469,Real_Estate,2016,AA,AA,0,0,0,0,6,6,0,unchanged
I00470,Financials,2016,BBB,BBB,0,0,0,0,4,4,0,unchanged
I00471,Energy,2016,B,B,0,0,0,0,2,2,0,unchanged
I00472,Retail,2016,B,B,0,0,0,0,2,2,0,unchanged
I00473,Industrials,2016,B,B,0,0,0,0,2,2,0,unchanged
I00474,Technology,2016,B,B,0,0,0,0,2,2,0,unchanged
I00475,Telecom,2016,BBB,BBB,0,0,0,0,4,4,0,unchanged
I00476,Utilities,2016,BBB,BBB,0,0,0,0,4,4,0,unchanged
I00477,Technology,2016,BBB,A,1,0,0,-1,4,5,1,upgrade
I00478,Healthcare,2016,BBB,BBB,0,0,0,0,4,4,0,unchanged
I00479,Consumer,2016,BBB,BBB,0,0,0,0,4,4,0,unchanged
I00480,Industrials,2016,A,A,0,0,0,0,5,5,0,unchanged
I00481,Consumer,2016,CCC,D,0,0,1,1,1,0,-1,default
I00482,Telecom,2016,BBB,BBB,0,0,0,0,4,4,0,unchanged
I00483,Utilities,2016,CCC,CCC,0,0,0,0,1,1,0,unchanged
I00484,Real_Estate,2016,BBB,BBB,0,0,0,0,4,4,0,unchanged
I00485,Consumer,2016,BBB,BBB,0,0,0,0,4,4,0,unchanged
I00486,Utilities,2016,BB,BB,0,0,0,0,3,3,0,unchanged
I00487,Consumer,2016,BBB,BBB,0,0,0,0,4,4,0,unchanged
I00488,Utilities,2016,BBB,BBB,0,0,0,0,4,4,0,unchanged
I00489,Industrials,2016,CCC,B,1,0,0,-1,1,2,1,upgrade
I00490,Utilities,2016,A,A,0,0,0,0,5,5,0,unchanged
I00491,Utilities,2016,BB,BB,0,0,0,0,3,3,0,unchanged
I00492,Financials,2016,BB,BB,0,0,0,0,3,3,0,unchanged
I00493,Industrials,2016,BB,BB,0,0,0,0,3,3,0,unchanged
I00494,Utilities,2016,BB,BB,0,0,0,0,3,3,0,unchanged
I00495,Financials,2016,BBB,BBB,0,0,0,0,4,4,0,unchanged
I00496,Energy,2016,BBB,BBB,0,0,0,0,4,4,0,unchanged
I00497,Industrials,2016,B,B,0,0,0,0,2,2,0,unchanged
I00498,Utilities,2016,BBB,BBB,0,0,0,0,4,4,0,unchanged
I00499,Real_Estate,2016,BB,BB,0,0,0,0,3,3,0,unchanged
I00500,Financials,2016,CCC,CCC,0,0,0,0,1,1,0,unchanged
I00501,Real_Estate,2016,B,D,0,0,1,2,2,0,-2,default
I00502,Consumer,2016,AA,AA,0,0,0,0,6,6,0,unchanged
I00503,Telecom,2016,BBB,A,1,0,0,-1,4,5,1,upgrade
I00504,Retail,2016,CCC,CCC,0,0,0,0,1,1,0,unchanged
I00505,Financials,2016,B,B,0,0,0,0,2,2,0,unchanged
I00506,Utilities,2016,BB,BB,0,0,0,0,3,3,0,unchanged
I00507,Real_Estate,2016,A,A,0,0,0,0,5,5,0,unchanged
I00508,Industrials,2016,A,A,0,0,0,0,5,5,0,unchanged
I00509,Real_Estate,2016,BB,BB,0,0,0,0,3,3,0,unchanged
I00510,Consumer,2016,BB,BB,0,0,0,0,3,3,0,unchanged
I00511,Consumer,2016,B,B,0,0,0,0,2,2,0,unchanged
I00512,Financials,2016,BB,BB,0,0,0,0,3,3,0,unchanged
I00513,Financials,2016,AA,AA,0,0,0,0,6,6,0,unchanged
I00514,Technology,2016,CCC,B,1,0,0,-1,1,2,1,upgrade
I00515,Retail,2016,B,B,0,0,0,0,2,2,0,unchanged
I00516,Consumer,2016,B,CCC,0,1,0,1,2,1,-1,downgrade
I00517,Retail,2016,A,A,0,0,0,0,5,5,0,unchanged
I00518,Industrials,2016,BBB,BBB,0,0,0,0,4,4,0,unchanged
I00519,Telecom,2016,AA,A,0,1,0,1,6,5,-1,downgrade
I00520,Telecom,2016,BB,BB,0,0,0,0,3,3,0,unchanged
I00521,Telecom,2016,BB,B,0,1,0,1,3,2,-1,downgrade
I00522,Utilities,2016,A,A,0,0,0,0,5,5,0,unchanged
I00523,Utilities,2016,BBB,BBB,0,0,0,0,4,4,0,unchanged
I00524,Healthcare,2016,B,CCC,0,1,0,1,2,1,-1,downgrade
I00525,Industrials,2016,CCC,B,1,0,0,-1,1,2,1,upgrade
I00526,Utilities,2016,B,B,0,0,0,0,2,2,0,unchanged
I00527,Real_Estate,2016,BB,BB,0,0,0,0,3,3,0,unchanged
I00528,Real_Estate,2016,BBB,BBB,0,0,0,0,4,4,0,unchanged
I00529,Telecom,2016,BBB,BB,0,1,0,1,4,3,-1,downgrade
I00530,Healthcare,2016,B,B,0,0,0,0,2,2,0,unchanged
I00531,Technology,2016,AA,AA,0,0,0,0,6,6,0,unchanged
I00532,Consumer,2016,BBB,BBB,0,0,0,0,4,4,0,unchanged
I00533,Financials,2016,B,B,0,0,0,0,2,2,0,unchanged
I00534,Utilities,2016,BBB,BBB,0,0,0,0,4,4,0,unchanged
I00535,Healthcare,2016,A,A,0,0,0,0,5,5,0,unchanged
I00536,Financials,2016,BBB,BBB,0,0,0,0,4,4,0,unchanged
I00537,Financials,2016,B,B,0,0,0,0,2,2,0,unchanged
I00538,Retail,2016,B,B,0,0,0,0,2,2,0,unchanged
I00539,Telecom,2016,B,B,0,0,0,0,2,2,0,unchanged
I00540,Retail,2016,BB,BB,0,0,0,0,3,3,0,unchanged
I00541,Telecom,2016,CCC,CCC,0,0,0,0,1,1,0,unchanged
I00542,Financials,2016,AA,AA,0,0,0,0,6,6,0,unchanged
I00543,Energy,2016,B,B,0,0,0,0,2,2,0,unchanged
I00544,Healthcare,2016,CCC,CCC,0,0,0,0,1,1,0,unchanged
I00545,Utilities,2016,BBB,BBB,0,0,0,0,4,4,0,unchanged
I00546,Financials,2016,CCC,D,0,0,1,1,1,0,-1,default
I00547,Real_Estate,2016,AA,AA,0,0,0,0,6,6,0,unchanged
I00548,Real_Estate,2016,AA,AA,0,0,0,0,6,6,0,unchanged
I00549,Financials,2016,BB,BB,0,0,0,0,3,3,0,unchanged
I00550,Consumer,2016,BBB,BBB,0,0,0,0,4,4,0,unchanged
I00551,Real_Estate,2016,BBB,BBB,0,0,0,0,4,4,0,unchanged
I00552,Retail,2016,BB,BB,0,0,0,0,3,3,0,unchanged
I00553,Healthcare,2016,AA,AA,0,0,0,0,6,6,0,unchanged
I00554,Consumer,2016,B,B,0,0,0,0,2,2,0,unchanged
I00555,Consumer,2016,AA,AA,0,0,0,0,6,6,0,unchanged
I00556,Consumer,2016,A,BBB,0,1,0,1,5,4,-1,downgrade
I00557,Financials,2016,A,A,0,0,0,0,5,5,0,unchanged
I00558,Real_Estate,2016,B,B,0,0,0,0,2,2,0,unchanged
I00559,Telecom,2016,A,A,0,0,0,0,5,5,0,unchanged
I00560,Consumer,2016,A,A,0,0,0,0,5,5,0,unchanged
I00561,Financials,2016,AA,AA,0,0,0,0,6,6,0,unchanged
I00562,Financials,2016,B,B,0,0,0,0,2,2,0,unchanged
I00563,Telecom,2016,BB,B,0,1,0,1,3,2,-1,downgrade
I00564,Telecom,2016,BBB,BBB,0,0,0,0,4,4,0,unchanged
I00565,Technology,2016,A,BBB,0,1,0,1,5,4,-1,downgrade
I00566,Healthcare,2016,BBB,BBB,0,0,0,0,4,4,0,unchanged
I00567,Industrials,2016,A,A,0,0,0,0,5,5,0,unchanged
I00568,Consumer,2016,BB,BB,0,0,0,0,3,3,0,unchanged
I00569,Healthcare,2016,AA,AA,0,0,0,0,6,6,0,unchanged
I00570,Retail,2016,CCC,D,0,0,1,1,1,0,-1,default
I00571,Real_Estate,2016,A,A,0,0,0,0,5,5,0,unchanged
I00572,Energy,2016,BBB,BBB,0,0,0,0,4,4,0,unchanged
I00573,Industrials,2016,BB,BB,0,0,0,0,3,3,0,unchanged
I00574,Industrials,2016,A,A,0,0,0,0,5,5,0,unchanged
I00575,Retail,2016,BB,BB,0,0,0,0,3,3,0,unchanged
I00576,Industrials,2016,BB,BB,0,0,0,0,3,3,0,unchanged
I00577,Industrials,2016,BB,BB,0,0,0,0,3,3,0,unchanged
I00578,Industrials,2016,A,A,0,0,0,0,5,5,0,unchanged
I00579,Energy,2016,AA,AA,0,0,0,0,6,6,0,unchanged
I00580,Industrials,2016,A,A,0,0,0,0,5,5,0,unchanged
I00581,Retail,2016,BB,BB,0,0,0,0,3,3,0,unchanged
I00582,Healthcare,2016,BBB,BBB,0,0,0,0,4,4,0,unchanged
I00583,Financials,2016,CCC,CCC,0,0,0,0,1,1,0,unchanged
I00584,Retail,2016,BBB,A,1,0,0,-1,4,5,1,upgrade
I00585,Utilities,2016,BBB,BBB,0,0,0,0,4,4,0,unchanged
I00586,Healthcare,2016,A,AA,1,0,0,-1,5,6,1,upgrade
I00587,Consumer,2016,B,B,0,0,0,0,2,2,0,unchanged
I00588,Financials,2016,A,A,0,0,0,0,5,5,0,unchanged
I00589,Technology,2016,BB,BBB,1,0,0,-1,3,4,1,upgrade
I00590,Healthcare,2016,AA,AA,0,0,0,0,6,6,0,unchanged
I00591,Real_Estate,2016,AA,AA,0,0,0,0,6,6,0,unchanged
I00592,Healthcare,2016,AAA,AAA,0,0,0,0,7,7,0,unchanged
I00593,Energy,2016,A,A,0,0,0,0,5,5,0,unchanged
I00594,Healthcare,2016,BBB,BBB,0,0,0,0,4,4,0,unchanged
I00595,Utilities,2016,BBB,BBB,0,0,0,0,4,4,0,unchanged
I00596,Real_Estate,2016,A,A,0,0,0,0,5,5,0,unchanged
I00597,Utilities,2016,BBB,A,1,0,0,-1,4,5,1,upgrade
I00598,Healthcare,2016,BBB,BBB,0,0,0,0,4,4,0,unchanged
I00599,Healthcare,2016,AA,AA,0,0,0,0,6,6,0,unchanged
I00600,Energy,2016,BB,BBB,1,0,0,-1,3,4,1,upgrade
I00601,Utilities,2016,BB,BB,0,0,0,0,3,3,0,unchanged
I00602,Consumer,2016,AA,AA,0,0,0,0,6,6,0,unchanged
I00603,Financials,2016,AA,AA,0,0,0,0,6,6,0,unchanged
I00604,Technology,2016,A,A,0,0,0,0,5,5,0,unchanged
I00605,Telecom,2016,A,A,0,0,0,0,5,5,0,unchanged
I00606,Real_Estate,2016,B,B,0,0,0,0,2,2,0,unchanged
I00607,Retail,2016,BB,B,0,1,0,1,3,2,-1,downgrade
I00608,Industrials,2016,BBB,BBB,0,0,0,0,4,4,0,unchanged
I00609,Utilities,2016,AAA,AAA,0,0,0,0,7,7,0,unchanged
I00610,Utilities,2016,BB,A,1,0,0,-2,3,5,2,upgrade
I00611,Consumer,2016,BBB,BB,0,1,0,1,4,3,-1,downgrade
I00612,Technology,2016,A,A,0,0,0,0,5,5,0,unchanged
I00613,Technology,2016,A,A,0,0,0,0,5,5,0,unchanged
I00614,Industrials,2016,BBB,BBB,0,0,0,0,4,4,0,unchanged
I00615,Healthcare,2016,CCC,CCC,0,0,0,0,1,1,0,unchanged
I00616,Telecom,2016,BBB,BBB,0,0,0,0,4,4,0,unchanged
I00617,Industrials,2016,B,B,0,0,0,0,2,2,0,unchanged
I00618,Retail,2016,B,B,0,0,0,0,2,2,0,unchanged
I00619,Utilities,2016,A,A,0,0,0,0,5,5,0,unchanged
I00620,Healthcare,2016,BBB,A,1,0,0,-1,4,5,1,upgrade
I00621,Technology,2016,BBB,BBB,0,0,0,0,4,4,0,unchanged
I00622,Retail,2016,B,B,0,0,0,0,2,2,0,unchanged
I00623,Healthcare,2016,CCC,D,0,0,1,1,1,0,-1,default
I00625,Telecom,2016,BB,BB,0,0,0,0,3,3,0,unchanged
I00626,Utilities,2016,BBB,BBB,0,0,0,0,4,4,0,unchanged
I00627,Technology,2016,AA,AA,0,0,0,0,6,6,0,unchanged
I00628,Telecom,2016,BBB,BBB,0,0,0,0,4,4,0,unchanged
I00629,Industrials,2016,A,A,0,0,0,0,5,5,0,unchanged
I00630,Energy,2016,BBB,BBB,0,0,0,0,4,4,0,unchanged
I00631,Utilities,2016,BB,BB,0,0,0,0,3,3,0,unchanged
I00632,Industrials,2016,AA,AA,0,0,0,0,6,6,0,unchanged
I00633,Retail,2016,BB,BB,0,0,0,0,3,3,0,unchanged
I00635,Consumer,2016,BBB,BBB,0,0,0,0,4,4,0,unchanged
I00636,Consumer,2016,BBB,BBB,0,0,0,0,4,4,0,unchanged
I00637,Consumer,2016,A,A,0,0,0,0,5,5,0,unchanged
I00638,Technology,2016,BB,BBB,1,0,0,-1,3,4,1,upgrade
I00639,Telecom,2016,B,B,0,0,0,0,2,2,0,unchanged
I00640,Telecom,2016,BBB,BBB,0,0,0,0,4,4,0,unchanged
I00641,Consumer,2016,BBB,BBB,0,0,0,0,4,4,0,unchanged
I00642,Industrials,2016,BB,BBB,1,0,0,-1,3,4,1,upgrade
I00643,Industrials,2016,AA,AA,0,0,0,0,6,6,0,unchanged
I00644,Utilities,2016,BBB,BBB,0,0,0,0,4,4,0,unchanged
I00645,Retail,2016,B,D,0,0,1,2,2,0,-2,default
I00646,Industrials,2016,BBB,BBB,0,0,0,0,4,4,0,unchanged
I00647,Real_Estate,2016,BB,BB,0,0,0,0,3,3,0,unchanged
I00648,Financials,2016,A,A,0,0,0,0,5,5,0,unchanged
I00649,Energy,2016,BBB,BBB,0,0,0,0,4,4,0,unchanged
I00650,Utilities,2016,CCC,CCC,0,0,0,0,1,1,0,unchanged
I00651,Utilities,2016,A,A,0,0,0,0,5,5,0,unchanged
I00652,Technology,2016,BBB,BBB,0,0,0,0,4,4,0,unchanged
I00653,Telecom,2016,BB,BB,0,0,0,0,3,3,0,unchanged
I00654,Financials,2016,BB,BB,0,0,0,0,3,3,0,unchanged
I00655,Healthcare,2016,BBB,BBB,0,0,0,0,4,4,0,unchanged
I00656,Financials,2016,BBB,BBB,0,0,0,0,4,4,0,unchanged
I00657,Consumer,2016,B,B,0,0,0,0,2,2,0,unchanged
I00658,Telecom,2016,BBB,BBB,0,0,0,0,4,4,0,unchanged
I00659,Telecom,2016,A,BBB,0,1,0,1,5,4,-1,downgrade
I00660,Industrials,2016,B,B,0,0,0,0,2,2,0,unchanged
I00661,Healthcare,2016,BBB,BBB,0,0,0,0,4,4,0,unchanged
I00662,Real_Estate,2016,B,B,0,0,0,0,2,2,0,unchanged
I00663,Technology,2016,AA,AA,0,0,0,0,6,6,0,unchanged
I00664,Healthcare,2016,A,A,0,0,0,0,5,5,0,unchanged
I00665,Financials,2016,BBB,BBB,0,0,0,0,4,4,0,unchanged
I00666,Telecom,2016,B,B,0,0,0,0,2,2,0,unchanged
I00667,Healthcare,2016,BBB,BBB,0,0,0,0,4,4,0,unchanged
I00668,Retail,2016,A,A,0,0,0,0,5,5,0,unchanged
I00669,Real_Estate,2016,A,A,0,0,0,0,5,5,0,unchanged
I00670,Healthcare,2016,A,A,0,0,0,0,5,5,0,unchanged
I00671,Retail,2016,A,A,0,0,0,0,5,5,0,unchanged
I00672,Retail,2016,B,B,0,0,0,0,2,2,0,unchanged
I00673,Healthcare,2016,BBB,BBB,0,0,0,0,4,4,0,unchanged
I00674,Retail,2016,BB,BB,0,0,0,0,3,3,0,unchanged
I00675,Telecom,2016,BB,BB,0,0,0,0,3,3,0,unchanged
I00676,Retail,2016,B,CCC,0,1,0,1,2,1,-1,downgrade
I00677,Healthcare,2016,BBB,A,1,0,0,-1,4,5,1,upgrade
I00678,Real_Estate,2016,BBB,BBB,0,0,0,0,4,4,0,unchanged
I00679,Consumer,2016,AA,AA,0,0,0,0,6,6,0,unchanged
I00680,Healthcare,2016,BB,BB,0,0,0,0,3,3,0,unchanged
I00681,Energy,2016,B,B,0,0,0,0,2,2,0,unchanged
I00682,Industrials,2016,BB,BB,0,0,0,0,3,3,0,unchanged
I00683,Utilities,2016,BB,BB,0,0,0,0,3,3,0,unchanged
I00684,Real_Estate,2016,A,A,0,0,0,0,5,5,0,unchanged
I00685,Real_Estate,2016,BB,BB,0,0,0,0,3,3,0,unchanged
I00686,Utilities,2016,B,B,0,0,0,0,2,2,0,unchanged
I00687,Telecom,2016,A,A,0,0,0,0,5,5,0,unchanged
I00688,Financials,2016,A,A,0,0,0,0,5,5,0,unchanged
I00690,Real_Estate,2016,CCC,D,0,0,1,1,1,0,-1,default
I00691,Healthcare,2016,B,B,0,0,0,0,2,2,0,unchanged
I00692,Retail,2016,BB,BB,0,0,0,0,3,3,0,unchanged
I00693,Financials,2016,BB,BB,0,0,0,0,3,3,0,unchanged
I00694,Financials,2016,A,A,0,0,0,0,5,5,0,unchanged
I00695,Real_Estate,2016,BBB,BBB,0,0,0,0,4,4,0,unchanged
I00696,Healthcare,2016,AAA,AAA,0,0,0,0,7,7,0,unchanged
I00697,Financials,2016,AA,AA,0,0,0,0,6,6,0,unchanged
I00698,Financials,2016,BB,BB,0,0,0,0,3,3,0,unchanged
I00699,Energy,2016,BB,BB,0,0,0,0,3,3,0,unchanged
I00700,Real_Estate,2016,BB,BB,0,0,0,0,3,3,0,unchanged
I00701,Technology,2016,B,B,0,0,0,0,2,2,0,unchanged
I00702,Telecom,2016,BBB,BBB,0,0,0,0,4,4,0,unchanged
I00703,Healthcare,2016,A,A,0,0,0,0,5,5,0,unchanged
I00704,Technology,2016,BBB,BBB,0,0,0,0,4,4,0,unchanged
I00705,Retail,2016,BBB,BBB,0,0,0,0,4,4,0,unchanged
I00706,Industrials,2016,B,B,0,0,0,0,2,2,0,unchanged
I00707,Financials,2016,A,A,0,0,0,0,5,5,0,unchanged
I00708,Financials,2016,AA,AA,0,0,0,0,6,6,0,unchanged
I00709,Consumer,2016,CCC,B,1,0,0,-1,1,2,1,upgrade
I00710,Financials,2016,BBB,BBB,0,0,0,0,4,4,0,unchanged
I00711,Telecom,2016,A,A,0,0,0,0,5,5,0,unchanged
I00712,Retail,2016,BB,BB,0,0,0,0,3,3,0,unchanged
I00713,Utilities,2016,CCC,D,0,0,1,1,1,0,-1,default
I00714,Technology,2016,A,A,0,0,0,0,5,5,0,unchanged
I00715,Healthcare,2016,BBB,BBB,0,0,0,0,4,4,0,unchanged
I00716,Energy,2016,BB,BB,0,0,0,0,3,3,0,unchanged
I00717,Technology,2016,A,A,0,0,0,0,5,5,0,unchanged
I00718,Retail,2016,A,A,0,0,0,0,5,5,0,unchanged
I00719,Consumer,2016,AA,A,0,1,0,1,6,5,-1,downgrade
I00720,Telecom,2016,BBB,A,1,0,0,-1,4,5,1,upgrade
I00721,Utilities,2016,BB,BB,0,0,0,0,3,3,0,unchanged
I00722,Financials,2016,B,B,0,0,0,0,2,2,0,unchanged
I00723,Industrials,2016,CCC,CCC,0,0,0,0,1,1,0,unchanged
I00724,Consumer,2016,BBB,BBB,0,0,0,0,4,4,0,unchanged
I00725,Healthcare,2016,AA,AA,0,0,0,0,6,6,0,unchanged
I00726,Healthcare,2016,AA,AA,0,0,0,0,6,6,0,unchanged
I00727,Consumer,2016,B,B,0,0,0,0,2,2,0,unchanged
I00728,Energy,2016,BBB,BBB,0,0,0,0,4,4,0,unchanged
I00729,Telecom,2016,BBB,BBB,0,0,0,0,4,4,0,unchanged
I00730,Healthcare,2016,B,B,0,0,0,0,2,2,0,unchanged
I00731,Utilities,2016,AAA,AA,0,1,0,1,7,6,-1,downgrade
I00732,Consumer,2016,BB,BB,0,0,0,0,3,3,0,unchanged
I00733,Energy,2016,BB,BB,0,0,0,0,3,3,0,unchanged
I00734,Utilities,2016,BB,B,0,1,0,1,3,2,-1,downgrade
I00735,Real_Estate,2016,B,B,0,0,0,0,2,2,0,unchanged
I00736,Healthcare,2016,BB,BB,0,0,0,0,3,3,0,unchanged
I00738,Healthcare,2016,BB,BB,0,0,0,0,3,3,0,unchanged
I00739,Telecom,2016,BB,B,0,1,0,1,3,2,-1,downgrade
I00740,Healthcare,2016,CCC,B,1,0,0,-1,1,2,1,upgrade
I00741,Industrials,2016,B,B,0,0,0,0,2,2,0,unchanged
I00742,Consumer,2016,A,A,0,0,0,0,5,5,0,unchanged
I00743,Industrials,2016,A,B,0,1,0,3,5,2,-3,downgrade
I00744,Real_Estate,2016,CCC,B,1,0,0,-1,1,2,1,upgrade
I00745,Energy,2016,BBB,BBB,0,0,0,0,4,4,0,unchanged
I00746,Financials,2016,B,B,0,0,0,0,2,2,0,unchanged
I00747,Energy,2016,BBB,BBB,0,0,0,0,4,4,0,unchanged
I00748,Utilities,2016,BBB,BBB,0,0,0,0,4,4,0,unchanged
I00749,Telecom,2016,B,B,0,0,0,0,2,2,0,unchanged
I00750,Technology,2016,AA,AA,0,0,0,0,6,6,0,unchanged
I00751,Real_Estate,2016,A,A,0,0,0,0,5,5,0,unchanged
I00752,Retail,2016,AA,AA,0,0,0,0,6,6,0,unchanged
I00753,Industrials,2016,AA,AA,0,0,0,0,6,6,0,unchanged
I00754,Real_Estate,2016,A,A,0,0,0,0,5,5,0,unchanged
I00755,Retail,2016,A,A,0,0,0,0,5,5,0,unchanged
I00756,Financials,2016,BB,BB,0,0,0,0,3,3,0,unchanged
I00757,Industrials,2016,B,B,0,0,0,0,2,2,0,unchanged
I00758,Consumer,2016,BBB,BBB,0,0,0,0,4,4,0,unchanged
I00759,Telecom,2016,BBB,BBB,0,0,0,0,4,4,0,unchanged
I00760,Retail,2016,CCC,CCC,0,0,0,0,1,1,0,unchanged
I00761,Telecom,2016,A,BBB,0,1,0,1,5,4,-1,downgrade
I00762,Retail,2016,BBB,BBB,0,0,0,0,4,4,0,unchanged
I00763,Utilities,2016,B,B,0,0,0,0,2,2,0,unchanged
I00764,Technology,2016,BB,BB,0,0,0,0,3,3,0,unchanged
I00765,Industrials,2016,AA,AA,0,0,0,0,6,6,0,unchanged
I00766,Industrials,2016,A,A,0,0,0,0,5,5,0,unchanged
I00767,Telecom,2016,B,B,0,0,0,0,2,2,0,unchanged
I00768,Energy,2016,A,A,0,0,0,0,5,5,0,unchanged
I00769,Retail,2016,BBB,BBB,0,0,0,0,4,4,0,unchanged
I00770,Retail,2016,BBB,BBB,0,0,0,0,4,4,0,unchanged
I00771,Financials,2016,BB,BBB,1,0,0,-1,3,4,1,upgrade
I00772,Technology,2016,BBB,BBB,0,0,0,0,4,4,0,unchanged
I00773,Industrials,2016,AA,AA,0,0,0,0,6,6,0,unchanged
I00774,Financials,2016,BBB,BBB,0,0,0,0,4,4,0,unchanged
I00775,Financials,2016,A,A,0,0,0,0,5,5,0,unchanged
I00776,Consumer,2016,AA,AA,0,0,0,0,6,6,0,unchanged
I00777,Utilities,2016,BB,BB,0,0,0,0,3,3,0,unchanged
I00778,Financials,2016,BBB,BBB,0,0,0,0,4,4,0,unchanged
I00779,Financials,2016,A,A,0,0,0,0,5,5,0,unchanged
I00780,Consumer,2016,AAA,AAA,0,0,0,0,7,7,0,unchanged
I00781,Industrials,2016,B,BB,1,0,0,-1,2,3,1,upgrade
I00782,Telecom,2016,A,BBB,0,1,0,1,5,4,-1,downgrade
I00783,Utilities,2016,BB,BB,0,0,0,0,3,3,0,unchanged
I00784,Financials,2016,B,B,0,0,0,0,2,2,0,unchanged
I00785,Consumer,2016,B,B,0,0,0,0,2,2,0,unchanged
I00786,Healthcare,2016,AAA,AAA,0,0,0,0,7,7,0,unchanged
I00787,Industrials,2016,A,A,0,0,0,0,5,5,0,unchanged
I00788,Real_Estate,2016,BB,BB,0,0,0,0,3,3,0,unchanged
I00789,Utilities,2016,AAA,AAA,0,0,0,0,7,7,0,unchanged
I00790,Retail,2016,B,BB,1,0,0,-1,2,3,1,upgrade
I00791,Energy,2016,BBB,BBB,0,0,0,0,4,4,0,unchanged
I00792,Real_Estate,2016,AA,AA,0,0,0,0,6,6,0,unchanged
I00793,Consumer,2016,AAA,AA,0,1,0,1,7,6,-1,downgrade
I00794,Energy,2016,BB,BB,0,0,0,0,3,3,0,unchanged
I00795,Consumer,2016,A,A,0,0,0,0,5,5,0,unchanged
I00797,Telecom,2016,B,B,0,0,0,0,2,2,0,unchanged
I00798,Consumer,2016,BBB,BBB,0,0,0,0,4,4,0,unchanged
I00799,Industrials,2016,A,A,0,0,0,0,5,5,0,unchanged
I00800,Real_Estate,2016,B,B,0,0,0,0,2,2,0,unchanged
I00801,Telecom,2016,BB,BB,0,0,0,0,3,3,0,unchanged
I00802,Industrials,2016,BBB,BBB,0,0,0,0,4,4,0,unchanged
I00803,Retail,2016,AAA,AAA,0,0,0,0,7,7,0,unchanged
I00804,Healthcare,2016,A,A,0,0,0,0,5,5,0,unchanged
I00805,Real_Estate,2016,CCC,CCC,0,0,0,0,1,1,0,unchanged
I00806,Financials,2016,BB,B,0,1,0,1,3,2,-1,downgrade
I00807,Consumer,2016,BB,BB,0,0,0,0,3,3,0,unchanged
I00808,Energy,2016,BBB,BBB,0,0,0,0,4,4,0,unchanged
I00809,Healthcare,2016,B,B,0,0,0,0,2,2,0,unchanged
I00810,Technology,2016,BBB,BBB,0,0,0,0,4,4,0,unchanged
I00811,Telecom,2016,A,A,0,0,0,0,5,5,0,unchanged
I00812,Utilities,2016,A,A,0,0,0,0,5,5,0,unchanged
I00813,Real_Estate,2016,A,A,0,0,0,0,5,5,0,unchanged
I00814,Financials,2016,BB,BB,0,0,0,0,3,3,0,unchanged
I00816,Telecom,2016,BB,B,0,1,0,1,3,2,-1,downgrade
I00817,Utilities,2016,B,B,0,0,0,0,2,2,0,unchanged
I00818,Real_Estate,2016,B,B,0,0,0,0,2,2,0,unchanged
I00819,Real_Estate,2016,BBB,BBB,0,0,0,0,4,4,0,unchanged
I00820,Real_Estate,2016,BB,BB,0,0,0,0,3,3,0,unchanged
I00821,Consumer,2016,BBB,BBB,0,0,0,0,4,4,0,unchanged
I00822,Consumer,2016,BBB,BBB,0,0,0,0,4,4,0,unchanged
I00823,Consumer,2016,A,A,0,0,0,0,5,5,0,unchanged
I00824,Consumer,2016,BB,BB,0,0,0,0,3,3,0,unchanged
I00825,Consumer,2016,CCC,CCC,0,0,0,0,1,1,0,unchanged
I00826,Energy,2016,AA,AA,0,0,0,0,6,6,0,unchanged
I00827,Retail,2016,CCC,D,0,0,1,1,1,0,-1,default
I00828,Consumer,2016,A,A,0,0,0,0,5,5,0,unchanged
I00829,Industrials,2016,BB,BB,0,0,0,0,3,3,0,unchanged
I00830,Financials,2016,B,B,0,0,0,0,2,2,0,unchanged
I00831,Consumer,2016,BBB,BBB,0,0,0,0,4,4,0,unchanged
I00832,Telecom,2016,BBB,BBB,0,0,0,0,4,4,0,unchanged
I00833,Real_Estate,2016,AA,AA,0,0,0,0,6,6,0,unchanged
I00834,Industrials,2016,AAA,AAA,0,0,0,0,7,7,0,unchanged
I00835,Telecom,2016,AA,AA,0,0,0,0,6,6,0,unchanged
I00836,Financials,2016,A,A,0,0,0,0,5,5,0,unchanged
I00837,Utilities,2016,BB,BB,0,0,0,0,3,3,0,unchanged
I00838,Financials,2016,AA,AA,0,0,0,0,6,6,0,unchanged
I00839,Energy,2016,BBB,BBB,0,0,0,0,4,4,0,unchanged
I00840,Industrials,2016,B,B,0,0,0,0,2,2,0,unchanged
I00841,Industrials,2016,CCC,B,1,0,0,-1,1,2,1,upgrade
I00842,Retail,2016,AAA,AAA,0,0,0,0,7,7,0,unchanged
I00843,Industrials,2016,A,A,0,0,0,0,5,5,0,unchanged
I00844,Utilities,2016,CCC,CCC,0,0,0,0,1,1,0,unchanged
I00845,Industrials,2016,AA,AA,0,0,0,0,6,6,0,unchanged
I00846,Utilities,2016,BB,BB,0,0,0,0,3,3,0,unchanged
I00847,Financials,2016,B,B,0,0,0,0,2,2,0,unchanged
I00848,Technology,2016,AA,AA,0,0,0,0,6,6,0,unchanged
I00850,Utilities,2016,BBB,A,1,0,0,-1,4,5,1,upgrade
I00851,Industrials,2016,BBB,BBB,0,0,0,0,4,4,0,unchanged
I00852,Technology,2016,B,B,0,0,0,0,2,2,0,unchanged
I00853,Retail,2016,BB,BB,0,0,0,0,3,3,0,unchanged
I00854,Financials,2016,B,BB,1,0,0,-1,2,3,1,upgrade
I00855,Financials,2016,AA,AA,0,0,0,0,6,6,0,unchanged
I00856,Technology,2016,B,B,0,0,0,0,2,2,0,unchanged
I00857,Consumer,2016,BBB,BBB,0,0,0,0,4,4,0,unchanged
I00858,Consumer,2016,BBB,BBB,0,0,0,0,4,4,0,unchanged
I00859,Technology,2016,BBB,BBB,0,0,0,0,4,4,0,unchanged
I00860,Real_Estate,2016,CCC,CCC,0,0,0,0,1,1,0,unchanged
I00861,Utilities,2016,CCC,CCC,0,0,0,0,1,1,0,unchanged
I00862,Retail,2016,B,B,0,0,0,0,2,2,0,unchanged
I00863,Technology,2016,BBB,BBB,0,0,0,0,4,4,0,unchanged
I00864,Real_Estate,2016,BBB,BBB,0,0,0,0,4,4,0,unchanged
I00865,Consumer,2016,A,A,0,0,0,0,5,5,0,unchanged
I00866,Utilities,2016,A,A,0,0,0,0,5,5,0,unchanged
I00867,Energy,2016,BBB,BBB,0,0,0,0,4,4,0,unchanged
I00868,Retail,2016,A,A,0,0,0,0,5,5,0,unchanged
I00869,Retail,2016,B,B,0,0,0,0,2,2,0,unchanged
I00870,Energy,2016,B,B,0,0,0,0,2,2,0,unchanged
I00871,Real_Estate,2016,BBB,BBB,0,0,0,0,4,4,0,unchanged
I00872,Telecom,2016,B,B,0,0,0,0,2,2,0,unchanged
I00873,Financials,2016,BBB,BBB,0,0,0,0,4,4,0,unchanged
I00874,Financials,2016,B,B,0,0,0,0,2,2,0,unchanged
I00875,Industrials,2016,BBB,A,1,0,0,-1,4,5,1,upgrade
I00876,Energy,2016,B,B,0,0,0,0,2,2,0,unchanged
I00877,Real_Estate,2016,BBB,BBB,0,0,0,0,4,4,0,unchanged
I00878,Financials,2016,A,A,0,0,0,0,5,5,0,unchanged
I00879,Industrials,2016,AA,A,0,1,0,1,6,5,-1,downgrade
I00880,Retail,2016,BBB,BBB,0,0,0,0,4,4,0,unchanged
I00881,Energy,2016,BB,BB,0,0,0,0,3,3,0,unchanged
I00882,Financials,2016,BB,B,0,1,0,1,3,2,-1,downgrade
I00883,Real_Estate,2016,B,B,0,0,0,0,2,2,0,unchanged
I00884,Telecom,2016,AA,AA,0,0,0,0,6,6,0,unchanged
I00885,Technology,2016,A,A,0,0,0,0,5,5,0,unchanged
I00886,Telecom,2016,BB,B,0,1,0,1,3,2,-1,downgrade
I00887,Technology,2016,BBB,BBB,0,0,0,0,4,4,0,unchanged
I00888,Technology,2016,BBB,BBB,0,0,0,0,4,4,0,unchanged
I00889,Retail,2016,A,A,0,0,0,0,5,5,0,unchanged
I00890,Energy,2016,A,A,0,0,0,0,5,5,0,unchanged
I00891,Industrials,2016,BBB,BBB,0,0,0,0,4,4,0,unchanged
I00892,Energy,2016,A,A,0,0,0,0,5,5,0,unchanged
I00893,Real_Estate,2016,BB,BB,0,0,0,0,3,3,0,unchanged
I00894,Energy,2016,A,A,0,0,0,0,5,5,0,unchanged
I00895,Real_Estate,2016,CCC,CCC,0,0,0,0,1,1,0,unchanged
I00896,Telecom,2016,CCC,CCC,0,0,0,0,1,1,0,unchanged
I00897,Real_Estate,2016,AA,AA,0,0,0,0,6,6,0,unchanged
I00898,Retail,2016,BBB,BBB,0,0,0,0,4,4,0,unchanged
I00899,Telecom,2016,BBB,BBB,0,0,0,0,4,4,0,unchanged
I00900,Industrials,2016,BB,BB,0,0,0,0,3,3,0,unchanged
I00901,Energy,2016,B,B,0,0,0,0,2,2,0,unchanged
I00902,Healthcare,2016,BBB,BBB,0,0,0,0,4,4,0,unchanged
I00903,Consumer,2016,BB,BB,0,0,0,0,3,3,0,unchanged
I00904,Technology,2016,B,B,0,0,0,0,2,2,0,unchanged
I00905,Technology,2016,BB,B,0,1,0,1,3,2,-1,downgrade
I00906,Financials,2016,BB,BB,0,0,0,0,3,3,0,unchanged
I00907,Healthcare,2016,BBB,BBB,0,0,0,0,4,4,0,unchanged
I00908,Financials,2016,A,A,0,0,0,0,5,5,0,unchanged
I00909,Telecom,2016,BB,BB,0,0,0,0,3,3,0,unchanged
I00910,Energy,2016,BBB,BBB,0,0,0,0,4,4,0,unchanged
I00911,Retail,2016,AA,AA,0,0,0,0,6,6,0,unchanged
I00912,Real_Estate,2016,BB,B,0,1,0,1,3,2,-1,downgrade
I00913,Industrials,2016,BBB,BB,0,1,0,1,4,3,-1,downgrade
I00914,Telecom,2016,BB,BB,0,0,0,0,3,3,0,unchanged
I00915,Technology,2016,AAA,AAA,0,0,0,0,7,7,0,unchanged
I00916,Energy,2016,A,A,0,0,0,0,5,5,0,unchanged
I00917,Industrials,2016,A,A,0,0,0,0,5,5,0,unchanged
I00918,Energy,2016,BBB,BB,0,1,0,1,4,3,-1,downgrade
I00919,Consumer,2016,B,D,0,0,1,2,2,0,-2,default
I00920,Energy,2016,A,A,0,0,0,0,5,5,0,unchanged
I00921,Financials,2016,AA,AA,0,0,0,0,6,6,0,unchanged
I00922,Telecom,2016,BBB,BB,0,1,0,1,4,3,-1,downgrade
I00923,Consumer,2016,BBB,BBB,0,0,0,0,4,4,0,unchanged
I00924,Healthcare,2016,BBB,BBB,0,0,0,0,4,4,0,unchanged
I00925,Utilities,2016,AA,AA,0,0,0,0,6,6,0,unchanged
I00926,Utilities,2016,CCC,CCC,0,0,0,0,1,1,0,unchanged
I00927,Energy,2016,BBB,BBB,0,0,0,0,4,4,0,unchanged
I00928,Consumer,2016,BBB,A,1,0,0,-1,4,5,1,upgrade
I00929,Industrials,2016,B,B,0,0,0,0,2,2,0,unchanged
I00930,Real_Estate,2016,A,A,0,0,0,0,5,5,0,unchanged
I00931,Technology,2016,BB,BB,0,0,0,0,3,3,0,unchanged
I00932,Real_Estate,2016,AA,AA,0,0,0,0,6,6,0,unchanged
I00933,Telecom,2016,BBB,BBB,0,0,0,0,4,4,0,unchanged
I00934,Telecom,2016,A,A,0,0,0,0,5,5,0,unchanged
I00935,Technology,2016,BB,BB,0,0,0,0,3,3,0,unchanged
I00936,Energy,2016,BBB,BBB,0,0,0,0,4,4,0,unchanged
I00937,Industrials,2016,BB,BBB,1,0,0,-1,3,4,1,upgrade
I00938,Telecom,2016,B,B,0,0,0,0,2,2,0,unchanged
I00939,Technology,2016,A,A,0,0,0,0,5,5,0,unchanged
I00940,Financials,2016,AA,AA,0,0,0,0,6,6,0,unchanged
I00941,Energy,2016,CCC,CCC,0,0,0,0,1,1,0,unchanged
I00942,Technology,2016,CCC,CCC,0,0,0,0,1,1,0,unchanged
I00943,Real_Estate,2016,BB,BB,0,0,0,0,3,3,0,unchanged
I00944,Healthcare,2016,B,CCC,0,1,0,1,2,1,-1,downgrade
I00945,Industrials,2016,BBB,BBB,0,0,0,0,4,4,0,unchanged
I00946,Utilities,2016,BB,BB,0,0,0,0,3,3,0,unchanged
I00947,Telecom,2016,A,BBB,0,1,0,1,5,4,-1,downgrade
I00948,Technology,2016,BB,BB,0,0,0,0,3,3,0,unchanged
I00949,Financials,2016,BBB,BBB,0,0,0,0,4,4,0,unchanged
I00950,Telecom,2016,B,B,0,0,0,0,2,2,0,unchanged
I00951,Real_Estate,2016,A,A,0,0,0,0,5,5,0,unchanged
I00952,Technology,2016,CCC,CCC,0,0,0,0,1,1,0,unchanged
I00953,Real_Estate,2016,B,B,0,0,0,0,2,2,0,unchanged
I00954,Healthcare,2016,A,A,0,0,0,0,5,5,0,unchanged
I00955,Real_Estate,2016,B,B,0,0,0,0,2,2,0,unchanged
I00956,Consumer,2016,BB,BB,0,0,0,0,3,3,0,unchanged
I00957,Healthcare,2016,BBB,BBB,0,0,0,0,4,4,0,unchanged
I00958,Healthcare,2016,BBB,BBB,0,0,0,0,4,4,0,unchanged
I00959,Utilities,2016,BBB,BBB,0,0,0,0,4,4,0,unchanged
I00960,Industrials,2016,BB,B,0,1,0,1,3,2,-1,downgrade
I00961,Telecom,2016,BB,BB,0,0,0,0,3,3,0,unchanged
I00962,Healthcare,2016,AA,AA,0,0,0,0,6,6,0,unchanged
I00963,Utilities,2016,A,A,0,0,0,0,5,5,0,unchanged
I00964,Financials,2016,BBB,BBB,0,0,0,0,4,4,0,unchanged
I00965,Consumer,2016,A,B,0,1,0,3,5,2,-3,downgrade
I00966,Healthcare,2016,BBB,BBB,0,0,0,0,4,4,0,unchanged
I00967,Retail,2016,B,B,0,0,0,0,2,2,0,unchanged
I00968,Healthcare,2016,AA,AA,0,0,0,0,6,6,0,unchanged
I00969,Financials,2016,B,B,0,0,0,0,2,2,0,unchanged
I00970,Real_Estate,2016,BBB,BBB,0,0,0,0,4,4,0,unchanged
I00971,Real_Estate,2016,B,B,0,0,0,0,2,2,0,unchanged
I00972,Utilities,2016,BBB,BBB,0,0,0,0,4,4,0,unchanged
I00973,Energy,2016,A,A,0,0,0,0,5,5,0,unchanged
I00974,Healthcare,2016,A,BBB,0,1,0,1,5,4,-1,downgrade
I00975,Real_Estate,2016,BBB,BBB,0,0,0,0,4,4,0,unchanged
I00976,Consumer,2016,CCC,CCC,0,0,0,0,1,1,0,unchanged
I00977,Industrials,2016,AA,AA,0,0,0,0,6,6,0,unchanged
I00978,Utilities,2016,BB,BB,0,0,0,0,3,3,0,unchanged
I00979,Retail,2016,CCC,CCC,0,0,0,0,1,1,0,unchanged
I00980,Financials,2016,AA,AA,0,0,0,0,6,6,0,unchanged
I00981,Financials,2016,BBB,BBB,0,0,0,0,4,4,0,unchanged
I00982,Telecom,2016,BBB,BB,0,1,0,1,4,3,-1,downgrade
I00983,Industrials,2016,BB,BB,0,0,0,0,3,3,0,unchanged
I00984,Consumer,2016,AA,AA,0,0,0,0,6,6,0,unchanged
I00985,Energy,2016,A,A,0,0,0,0,5,5,0,unchanged
I00986,Industrials,2016,BBB,BBB,0,0,0,0,4,4,0,unchanged
I00987,Healthcare,2016,BB,BB,0,0,0,0,3,3,0,unchanged
I00988,Real_Estate,2016,B,BB,1,0,0,-1,2,3,1,upgrade
I00989,Industrials,2016,A,A,0,0,0,0,5,5,0,unchanged
I00990,Energy,2016,AA,AA,0,0,0,0,6,6,0,unchanged
I00992,Technology,2016,BB,BB,0,0,0,0,3,3,0,unchanged
I00993,Retail,2016,BB,BB,0,0,0,0,3,3,0,unchanged
I00994,Healthcare,2016,B,D,0,0,1,2,2,0,-2,default
I00995,Utilities,2016,B,BB,1,0,0,-1,2,3,1,upgrade
I00996,Real_Estate,2016,B,B,0,0,0,0,2,2,0,unchanged
I00997,Energy,2016,AAA,AAA,0,0,0,0,7,7,0,unchanged
I00998,Healthcare,2016,BBB,BBB,0,0,0,0,4,4,0,unchanged
I00999,Healthcare,2016,BBB,BBB,0,0,0,0,4,4,0,unchanged
I01000,Retail,2016,BB,B,0,1,0,1,3,2,-1,downgrade
I01001,Telecom,2016,B,B,0,0,0,0,2,2,0,unchanged
I01002,Real_Estate,2016,BB,BB,0,0,0,0,3,3,0,unchanged
I01003,Telecom,2016,BBB,BBB,0,0,0,0,4,4,0,unchanged
I01004,Financials,2016,BBB,BBB,0,0,0,0,4,4,0,unchanged
I01005,Industrials,2016,B,B,0,0,0,0,2,2,0,unchanged
I01006,Real_Estate,2016,CCC,B,1,0,0,-1,1,2,1,upgrade
I01007,Technology,2016,CCC,B,1,0,0,-1,1,2,1,upgrade
I01008,Retail,2016,CCC,B,1,0,0,-1,1,2,1,upgrade
I01009,Consumer,2016,A,A,0,0,0,0,5,5,0,unchanged
I01010,Energy,2016,BBB,BBB,0,0,0,0,4,4,0,unchanged
I01011,Energy,2016,AA,AA,0,0,0,0,6,6,0,unchanged
I01012,Consumer,2016,B,B,0,0,0,0,2,2,0,unchanged
I01013,Technology,2016,A,A,0,0,0,0,5,5,0,unchanged
I01014,Healthcare,2016,BBB,BBB,0,0,0,0,4,4,0,unchanged
I01015,Energy,2016,BBB,BBB,0,0,0,0,4,4,0,unchanged
I01016,Consumer,2016,AAA,AA,0,1,0,1,7,6,-1,downgrade
I01017,Retail,2016,BBB,BBB,0,0,0,0,4,4,0,unchanged
I01018,Healthcare,2016,AA,AA,0,0,0,0,6,6,0,unchanged
I01020,Financials,2016,BBB,BBB,0,0,0,0,4,4,0,unchanged
I01021,Utilities,2016,A,AA,1,0,0,-1,5,6,1,upgrade
I01022,Utilities,2016,BBB,BBB,0,0,0,0,4,4,0,unchanged
I01023,Healthcare,2016,BBB,BBB,0,0,0,0,4,4,0,unchanged
I01024,Technology,2016,BBB,BBB,0,0,0,0,4,4,0,unchanged
I01025,Utilities,2016,B,B,0,0,0,0,2,2,0,unchanged
I01026,Energy,2016,CCC,D,0,0,1,1,1,0,-1,default
I01027,Real_Estate,2016,AA,AA,0,0,0,0,6,6,0,unchanged
I01028,Energy,2016,CCC,CCC,0,0,0,0,1,1,0,unchanged
I01029,Utilities,2016,BBB,BBB,0,0,0,0,4,4,0,unchanged
I01030,Technology,2016,CCC,CCC,0,0,0,0,1,1,0,unchanged
I01031,Utilities,2016,BBB,BBB,0,0,0,0,4,4,0,unchanged
I01032,Financials,2016,BB,BB,0,0,0,0,3,3,0,unchanged
I01034,Energy,2016,A,BBB,0,1,0,1,5,4,-1,downgrade
I01035,Technology,2016,B,B,0,0,0,0,2,2,0,unchanged
I01036,Telecom,2016,BB,BB,0,0,0,0,3,3,0,unchanged
I01038,Real_Estate,2016,A,A,0,0,0,0,5,5,0,unchanged
I01039,Energy,2016,BBB,BBB,0,0,0,0,4,4,0,unchanged
I01040,Telecom,2016,AAA,AAA,0,0,0,0,7,7,0,unchanged
I01041,Telecom,2016,BBB,BBB,0,0,0,0,4,4,0,unchanged
I01042,Utilities,2016,AA,AA,0,0,0,0,6,6,0,unchanged
I01043,Retail,2016,B,B,0,0,0,0,2,2,0,unchanged
I01044,Telecom,2016,A,A,0,0,0,0,5,5,0,unchanged
I01045,Technology,2016,BB,BBB,1,0,0,-1,3,4,1,upgrade
I01046,Financials,2016,BB,B,0,1,0,1,3,2,-1,downgrade
I01047,Consumer,2016,A,A,0,0,0,0,5,5,0,unchanged
I01048,Retail,2016,BB,BB,0,0,0,0,3,3,0,unchanged
I01049,Retail,2016,AA,A,0,1,0,1,6,5,-1,downgrade
I01050,Utilities,2016,BBB,BBB,0,0,0,0,4,4,0,unchanged
I01051,Retail,2016,BBB,BBB,0,0,0,0,4,4,0,unchanged
I01053,Retail,2016,BBB,BBB,0,0,0,0,4,4,0,unchanged
I01054,Energy,2016,AA,AA,0,0,0,0,6,6,0,unchanged
I01055,Energy,2016,AAA,AAA,0,0,0,0,7,7,0,unchanged
I01056,Telecom,2016,BB,BB,0,0,0,0,3,3,0,unchanged
I01057,Energy,2016,BB,BB,0,0,0,0,3,3,0,unchanged
I01058,Retail,2016,BB,BB,0,0,0,0,3,3,0,unchanged
I01059,Retail,2016,BBB,BBB,0,0,0,0,4,4,0,unchanged
I01060,Financials,2016,BBB,BBB,0,0,0,0,4,4,0,unchanged
I01061,Industrials,2016,BBB,BBB,0,0,0,0,4,4,0,unchanged
I01062,Energy,2016,BBB,BBB,0,0,0,0,4,4,0,unchanged
I01063,Consumer,2016,CCC,CCC,0,0,0,0,1,1,0,unchanged
I01064,Utilities,2016,B,B,0,0,0,0,2,2,0,unchanged
I01065,Healthcare,2016,BBB,BBB,0,0,0,0,4,4,0,unchanged
I01066,Consumer,2016,BBB,BBB,0,0,0,0,4,4,0,unchanged
I01067,Healthcare,2016,BB,BB,0,0,0,0,3,3,0,unchanged
I01068,Real_Estate,2016,CCC,CCC,0,0,0,0,1,1,0,unchanged
I01069,Telecom,2016,BBB,BBB,0,0,0,0,4,4,0,unchanged
I01070,Telecom,2016,BB,BBB,1,0,0,-1,3,4,1,upgrade
I01071,Retail,2016,BB,BBB,1,0,0,-1,3,4,1,upgrade
I01072,Technology,2016,BBB,BBB,0,0,0,0,4,4,0,unchanged
I01073,Real_Estate,2016,BBB,BBB,0,0,0,0,4,4,0,unchanged
I01074,Industrials,2016,AAA,AA,0,1,0,1,7,6,-1,downgrade
I01075,Energy,2016,BBB,BBB,0,0,0,0,4,4,0,unchanged
I01076,Industrials,2016,BB,BB,0,0,0,0,3,3,0,unchanged
I01077,Technology,2016,BB,BB,0,0,0,0,3,3,0,unchanged
I01078,Telecom,2016,CCC,CCC,0,0,0,0,1,1,0,unchanged
I01079,Healthcare,2016,BB,BB,0,0,0,0,3,3,0,unchanged
I01080,Technology,2016,BB,BB,0,0,0,0,3,3,0,unchanged
I01081,Healthcare,2016,BBB,BBB,0,0,0,0,4,4,0,unchanged
I01082,Technology,2016,A,A,0,0,0,0,5,5,0,unchanged
I01083,Healthcare,2016,AA,AA,0,0,0,0,6,6,0,unchanged
I01084,Retail,2016,BBB,BBB,0,0,0,0,4,4,0,unchanged
I01085,Consumer,2016,BBB,BBB,0,0,0,0,4,4,0,unchanged
I01086,Industrials,2016,BB,BB,0,0,0,0,3,3,0,unchanged
I01087,Utilities,2016,B,B,0,0,0,0,2,2,0,unchanged
I01088,Real_Estate,2016,A,A,0,0,0,0,5,5,0,unchanged
I01089,Real_Estate,2016,BB,B,0,1,0,1,3,2,-1,downgrade
I01090,Financials,2016,BB,BB,0,0,0,0,3,3,0,unchanged
I01091,Consumer,2016,A,A,0,0,0,0,5,5,0,unchanged
I01092,Consumer,2016,BB,B,0,1,0,1,3,2,-1,downgrade
I01093,Real_Estate,2016,BBB,BBB,0,0,0,0,4,4,0,unchanged
I01094,Technology,2016,A,A,0,0,0,0,5,5,0,unchanged
I01095,Industrials,2016,AA,AA,0,0,0,0,6,6,0,unchanged
I01096,Real_Estate,2016,A,A,0,0,0,0,5,5,0,unchanged
I01097,Healthcare,2016,BB,BB,0,0,0,0,3,3,0,unchanged
I01098,Telecom,2016,BBB,BBB,0,0,0,0,4,4,0,unchanged
I01099,Telecom,2016,A,A,0,0,0,0,5,5,0,unchanged
I01100,Retail,2016,BBB,BBB,0,0,0,0,4,4,0,unchanged
I01101,Industrials,2016,BBB,CCC,0,1,0,3,4,1,-3,downgrade
I01102,Retail,2016,BBB,A,1,0,0,-1,4,5,1,upgrade
I01103,Healthcare,2016,B,CCC,0,1,0,1,2,1,-1,downgrade
I01104,Healthcare,2016,BBB,BBB,0,0,0,0,4,4,0,unchanged
I01105,Technology,2016,BBB,BBB,0,0,0,0,4,4,0,unchanged
I01106,Industrials,2016,BB,BB,0,0,0,0,3,3,0,unchanged
I01107,Consumer,2016,CCC,CCC,0,0,0,0,1,1,0,unchanged
I01108,Real_Estate,2016,BB,BB,0,0,0,0,3,3,0,unchanged
I01109,Industrials,2016,BBB,BBB,0,0,0,0,4,4,0,unchanged
I01110,Energy,2016,A,A,0,0,0,0,5,5,0,unchanged
I01111,Financials,2016,B,B,0,0,0,0,2,2,0,unchanged
I01112,Technology,2016,A,A,0,0,0,0,5,5,0,unchanged
I01113,Healthcare,2016,B,B,0,0,0,0,2,2,0,unchanged
I01114,Industrials,2016,BB,BB,0,0,0,0,3,3,0,unchanged
I01115,Telecom,2016,BBB,BBB,0,0,0,0,4,4,0,unchanged
I01116,Real_Estate,2016,BB,BB,0,0,0,0,3,3,0,unchanged
I01117,Energy,2016,A,A,0,0,0,0,5,5,0,unchanged
I01118,Consumer,2016,BBB,BBB,0,0,0,0,4,4,0,unchanged
I01119,Retail,2016,BB,BB,0,0,0,0,3,3,0,unchanged
I01120,Real_Estate,2016,BBB,BBB,0,0,0,0,4,4,0,unchanged
I01121,Energy,2016,A,A,0,0,0,0,5,5,0,unchanged
I01122,Telecom,2016,BB,B,0,1,0,1,3,2,-1,downgrade
I01123,Technology,2016,B,B,0,0,0,0,2,2,0,unchanged
I01124,Energy,2016,BB,BB,0,0,0,0,3,3,0,unchanged
I01125,Financials,2016,BBB,A,1,0,0,-1,4,5,1,upgrade
I01126,Financials,2016,BBB,BBB,0,0,0,0,4,4,0,unchanged
I01127,Industrials,2016,B,B,0,0,0,0,2,2,0,unchanged
I01128,Technology,2016,BBB,BBB,0,0,0,0,4,4,0,unchanged
I01129,Retail,2016,BBB,BBB,0,0,0,0,4,4,0,unchanged
I01130,Healthcare,2016,BBB,BBB,0,0,0,0,4,4,0,unchanged
I01131,Energy,2016,CCC,CCC,0,0,0,0,1,1,0,unchanged
I01132,Energy,2016,CCC,CCC,0,0,0,0,1,1,0,unchanged
I01133,Industrials,2016,A,A,0,0,0,0,5,5,0,unchanged
I01134,Energy,2016,BBB,BBB,0,0,0,0,4,4,0,unchanged
I01135,Energy,2016,AA,BBB,0,1,0,2,6,4,-2,downgrade
I01136,Energy,2016,BBB,BBB,0,0,0,0,4,4,0,unchanged
I01137,Telecom,2016,AA,AA,0,0,0,0,6,6,0,unchanged
I01138,Technology,2016,BBB,BBB,0,0,0,0,4,4,0,unchanged
I01139,Consumer,2016,BB,BB,0,0,0,0,3,3,0,unchanged
I01140,Technology,2016,CCC,CCC,0,0,0,0,1,1,0,unchanged
I01141,Financials,2016,BBB,BB,0,1,0,1,4,3,-1,downgrade
I01142,Financials,2016,AA,AA,0,0,0,0,6,6,0,unchanged
I01143,Financials,2016,CCC,CCC,0,0,0,0,1,1,0,unchanged
I01144,Real_Estate,2016,B,B,0,0,0,0,2,2,0,unchanged
I01145,Retail,2016,B,B,0,0,0,0,2,2,0,unchanged
I01146,Utilities,2016,BBB,BBB,0,0,0,0,4,4,0,unchanged
I01147,Energy,2016,BB,BB,0,0,0,0,3,3,0,unchanged
I01148,Technology,2016,BB,B,0,1,0,1,3,2,-1,downgrade
I01149,Utilities,2016,B,B,0,0,0,0,2,2,0,unchanged
I01151,Energy,2016,BB,BB,0,0,0,0,3,3,0,unchanged
I01152,Consumer,2016,BBB,BBB,0,0,0,0,4,4,0,unchanged
I01153,Technology,2016,A,A,0,0,0,0,5,5,0,unchanged
I01154,Financials,2016,BBB,BBB,0,0,0,0,4,4,0,unchanged
I01155,Financials,2016,BBB,BBB,0,0,0,0,4,4,0,unchanged
I01156,Energy,2016,A,A,0,0,0,0,5,5,0,unchanged
I01158,Energy,2016,B,B,0,0,0,0,2,2,0,unchanged
I01159,Energy,2016,A,A,0,0,0,0,5,5,0,unchanged
I01160,Healthcare,2016,B,D,0,0,1,2,2,0,-2,default
I01162,Industrials,2016,BB,BB,0,0,0,0,3,3,0,unchanged
I01163,Utilities,2016,B,B,0,0,0,0,2,2,0,unchanged
I01164,Retail,2016,AA,AA,0,0,0,0,6,6,0,unchanged
I01165,Real_Estate,2016,BB,BB,0,0,0,0,3,3,0,unchanged
I01166,Telecom,2016,BBB,BB,0,1,0,1,4,3,-1,downgrade
I01167,Retail,2016,A,A,0,0,0,0,5,5,0,unchanged
I01168,Energy,2016,A,A,0,0,0,0,5,5,0,unchanged
I01169,Energy,2016,CCC,CCC,0,0,0,0,1,1,0,unchanged
I01170,Utilities,2016,A,A,0,0,0,0,5,5,0,unchanged
I01171,Industrials,2016,A,A,0,0,0,0,5,5,0,unchanged
I01172,Industrials,2016,BBB,BBB,0,0,0,0,4,4,0,unchanged
I01173,Consumer,2016,B,B,0,0,0,0,2,2,0,unchanged
I01174,Utilities,2016,AA,AA,0,0,0,0,6,6,0,unchanged
I01175,Consumer,2016,BBB,A,1,0,0,-1,4,5,1,upgrade
I01176,Technology,2016,AAA,AAA,0,0,0,0,7,7,0,unchanged
I01177,Consumer,2016,BB,BB,0,0,0,0,3,3,0,unchanged
I01178,Financials,2016,A,A,0,0,0,0,5,5,0,unchanged
I01179,Financials,2016,AA,AA,0,0,0,0,6,6,0,unchanged
I01180,Financials,2016,BB,BB,0,0,0,0,3,3,0,unchanged
I01181,Real_Estate,2016,BB,BB,0,0,0,0,3,3,0,unchanged
I01182,Technology,2016,BB,BB,0,0,0,0,3,3,0,unchanged
I01183,Financials,2016,B,B,0,0,0,0,2,2,0,unchanged
I01184,Financials,2016,BBB,BBB,0,0,0,0,4,4,0,unchanged
I01185,Healthcare,2016,BBB,BBB,0,0,0,0,4,4,0,unchanged
I01186,Financials,2016,A,A,0,0,0,0,5,5,0,unchanged
I01188,Retail,2016,BB,B,0,1,0,1,3,2,-1,downgrade
I01189,Energy,2016,B,B,0,0,0,0,2,2,0,unchanged
I01190,Energy,2016,BB,BB,0,0,0,0,3,3,0,unchanged
I01191,Financials,2016,A,A,0,0,0,0,5,5,0,unchanged
I01193,Healthcare,2016,BB,B,0,1,0,1,3,2,-1,downgrade
I01194,Financials,2016,BBB,BBB,0,0,0,0,4,4,0,unchanged
I01195,Energy,2016,BBB,BBB,0,0,0,0,4,4,0,unchanged
I01196,Healthcare,2016,B,B,0,0,0,0,2,2,0,unchanged
I01197,Healthcare,2016,AAA,AAA,0,0,0,0,7,7,0,unchanged
I01198,Telecom,2016,B,B,0,0,0,0,2,2,0,unchanged
I01199,Healthcare,2016,BBB,BBB,0,0,0,0,4,4,0,unchanged
I01200,Consumer,2016,BB,BB,0,0,0,0,3,3,0,unchanged
I01201,Real_Estate,2016,A,A,0,0,0,0,5,5,0,unchanged
I01202,Utilities,2016,A,A,0,0,0,0,5,5,0,unchanged
I01203,Retail,2016,B,B,0,0,0,0,2,2,0,unchanged
I01204,Utilities,2016,BBB,BBB,0,0,0,0,4,4,0,unchanged
I01205,Energy,2016,BB,BB,0,0,0,0,3,3,0,unchanged
I01206,Retail,2016,AA,AA,0,0,0,0,6,6,0,unchanged
I01207,Healthcare,2016,A,A,0,0,0,0,5,5,0,unchanged
I01208,Real_Estate,2016,BBB,BBB,0,0,0,0,4,4,0,unchanged
I01209,Industrials,2016,B,B,0,0,0,0,2,2,0,unchanged
I01210,Energy,2016,BB,BBB,1,0,0,-1,3,4,1,upgrade
I01211,Financials,2016,AA,AA,0,0,0,0,6,6,0,unchanged
I01212,Technology,2016,BB,BB,0,0,0,0,3,3,0,unchanged
I01213,Healthcare,2016,BBB,BBB,0,0,0,0,4,4,0,unchanged
I01214,Consumer,2016,BB,BB,0,0,0,0,3,3,0,unchanged
I01215,Healthcare,2016,BB,BB,0,0,0,0,3,3,0,unchanged
I01216,Energy,2016,BB,BBB,1,0,0,-1,3,4,1,upgrade
I01217,Healthcare,2016,BB,BB,0,0,0,0,3,3,0,unchanged
I01218,Energy,2016,BB,BBB,1,0,0,-1,3,4,1,upgrade
I01219,Energy,2016,BBB,BBB,0,0,0,0,4,4,0,unchanged
I01220,Healthcare,2016,A,A,0,0,0,0,5,5,0,unchanged
I01221,Consumer,2016,CCC,D,0,0,1,1,1,0,-1,default
I01222,Technology,2016,A,A,0,0,0,0,5,5,0,unchanged
I01224,Industrials,2016,A,AAA,1,0,0,-2,5,7,2,upgrade
I01225,Healthcare,2016,AA,AA,0,0,0,0,6,6,0,unchanged
I01226,Consumer,2016,BBB,BB,0,1,0,1,4,3,-1,downgrade
I01227,Financials,2016,A,A,0,0,0,0,5,5,0,unchanged
I01228,Financials,2016,AA,AA,0,0,0,0,6,6,0,unchanged
I01229,Technology,2016,BBB,BBB,0,0,0,0,4,4,0,unchanged
I01230,Healthcare,2016,BBB,A,1,0,0,-1,4,5,1,upgrade
I01231,Energy,2016,B,B,0,0,0,0,2,2,0,unchanged
I01233,Utilities,2016,BBB,BBB,0,0,0,0,4,4,0,unchanged
I01234,Real_Estate,2016,CCC,CCC,0,0,0,0,1,1,0,unchanged
I01235,Real_Estate,2016,B,B,0,0,0,0,2,2,0,unchanged
I01236,Telecom,2016,BBB,BBB,0,0,0,0,4,4,0,unchanged
I01238,Retail,2016,BBB,BBB,0,0,0,0,4,4,0,unchanged
I01239,Energy,2016,BB,BB,0,0,0,0,3,3,0,unchanged
I01240,Energy,2016,B,B,0,0,0,0,2,2,0,unchanged
I01241,Healthcare,2016,BBB,BBB,0,0,0,0,4,4,0,unchanged
I01242,Retail,2016,BBB,BBB,0,0,0,0,4,4,0,unchanged
I01243,Consumer,2016,A,A,0,0,0,0,5,5,0,unchanged
I01244,Telecom,2016,B,B,0,0,0,0,2,2,0,unchanged
I01245,Retail,2016,A,A,0,0,0,0,5,5,0,unchanged
I01246,Retail,2016,BBB,B,0,1,0,2,4,2,-2,downgrade
I01247,Retail,2016,AA,AA,0,0,0,0,6,6,0,unchanged
I01248,Healthcare,2016,BB,BB,0,0,0,0,3,3,0,unchanged
I01249,Energy,2016,BB,BB,0,0,0,0,3,3,0,unchanged
I01250,Utilities,2016,CCC,D,0,0,1,1,1,0,-1,default
I01251,Utilities,2016,BB,BB,0,0,0,0,3,3,0,unchanged
I01252,Retail,2016,BB,BB,0,0,0,0,3,3,0,unchanged
I01253,Industrials,2016,AAA,AAA,0,0,0,0,7,7,0,unchanged
I01254,Telecom,2016,BB,BB,0,0,0,0,3,3,0,unchanged
I01255,Real_Estate,2016,BBB,BBB,0,0,0,0,4,4,0,unchanged
I01256,Retail,2016,BBB,BBB,0,0,0,0,4,4,0,unchanged
I01257,Energy,2016,A,A,0,0,0,0,5,5,0,unchanged
I01258,Industrials,2016,A,A,0,0,0,0,5,5,0,unchanged
I01259,Energy,2016,BBB,A,1,0,0,-1,4,5,1,upgrade
I01260,Industrials,2016,AAA,AAA,0,0,0,0,7,7,0,unchanged
I01261,Telecom,2016,BB,BB,0,0,0,0,3,3,0,unchanged
I01262,Industrials,2016,BBB,BBB,0,0,0,0,4,4,0,unchanged
I01263,Consumer,2016,BB,BB,0,0,0,0,3,3,0,unchanged
I01264,Energy,2016,B,B,0,0,0,0,2,2,0,unchanged
I01265,Telecom,2016,AA,AA,0,0,0,0,6,6,0,unchanged
I01266,Utilities,2016,AAA,AAA,0,0,0,0,7,7,0,unchanged
I01267,Real_Estate,2016,B,B,0,0,0,0,2,2,0,unchanged
I01268,Energy,2016,B,B,0,0,0,0,2,2,0,unchanged
I01269,Consumer,2016,BB,BB,0,0,0,0,3,3,0,unchanged
I01270,Energy,2016,BBB,BBB,0,0,0,0,4,4,0,unchanged
I01271,Healthcare,2016,A,A,0,0,0,0,5,5,0,unchanged
I01272,Telecom,2016,BB,BBB,1,0,0,-1,3,4,1,upgrade
I01273,Healthcare,2016,A,A,0,0,0,0,5,5,0,unchanged
I01274,Healthcare,2016,A,AA,1,0,0,-1,5,6,1,upgrade
I01275,Utilities,2016,A,A,0,0,0,0,5,5,0,unchanged
I01276,Utilities,2016,A,A,0,0,0,0,5,5,0,unchanged
I01277,Retail,2016,B,CCC,0,1,0,1,2,1,-1,downgrade
I01278,Healthcare,2016,BB,BB,0,0,0,0,3,3,0,unchanged
I01279,Financials,2016,BBB,BBB,0,0,0,0,4,4,0,unchanged
I01280,Industrials,2016,B,B,0,0,0,0,2,2,0,unchanged
I01281,Healthcare,2016,AA,AA,0,0,0,0,6,6,0,unchanged
I01282,Retail,2016,BB,BB,0,0,0,0,3,3,0,unchanged
I01283,Telecom,2016,A,A,0,0,0,0,5,5,0,unchanged
I01284,Technology,2016,BB,B,0,1,0,1,3,2,-1,downgrade
I01285,Retail,2016,B,B,0,0,0,0,2,2,0,unchanged
I01286,Telecom,2016,A,A,0,0,0,0,5,5,0,unchanged
I01287,Financials,2016,A,A,0,0,0,0,5,5,0,unchanged
I01288,Financials,2016,A,A,0,0,0,0,5,5,0,unchanged
I01289,Industrials,2016,A,A,0,0,0,0,5,5,0,unchanged
I01290,Retail,2016,B,B,0,0,0,0,2,2,0,unchanged
I01291,Financials,2016,A,A,0,0,0,0,5,5,0,unchanged
I01292,Utilities,2016,BB,BB,0,0,0,0,3,3,0,unchanged
I01294,Telecom,2016,B,B,0,0,0,0,2,2,0,unchanged
I01295,Healthcare,2016,A,A,0,0,0,0,5,5,0,unchanged
I01296,Telecom,2016,BB,BB,0,0,0,0,3,3,0,unchanged
I01297,Retail,2016,AA,AA,0,0,0,0,6,6,0,unchanged
I01298,Telecom,2016,A,A,0,0,0,0,5,5,0,unchanged
I01299,Healthcare,2016,A,AA,1,0,0,-1,5,6,1,upgrade
I01301,Telecom,2016,B,BB,1,0,0,-1,2,3,1,upgrade
I01302,Consumer,2016,CCC,CCC,0,0,0,0,1,1,0,unchanged
I01303,Technology,2016,BBB,BBB,0,0,0,0,4,4,0,unchanged
I01304,Telecom,2016,BB,BB,0,0,0,0,3,3,0,unchanged
I01305,Retail,2016,BB,BB,0,0,0,0,3,3,0,unchanged
I01306,Industrials,2016,BB,BB,0,0,0,0,3,3,0,unchanged
I01307,Real_Estate,2016,AA,AA,0,0,0,0,6,6,0,unchanged
I01308,Financials,2016,BBB,BBB,0,0,0,0,4,4,0,unchanged
I01309,Technology,2016,B,B,0,0,0,0,2,2,0,unchanged
I01310,Industrials,2016,BBB,BBB,0,0,0,0,4,4,0,unchanged
I01311,Telecom,2016,A,A,0,0,0,0,5,5,0,unchanged
I01312,Consumer,2016,BB,BBB,1,0,0,-1,3,4,1,upgrade
I01313,Consumer,2016,BBB,BBB,0,0,0,0,4,4,0,unchanged
I01314,Industrials,2016,BBB,BBB,0,0,0,0,4,4,0,unchanged
I01315,Energy,2016,BBB,BBB,0,0,0,0,4,4,0,unchanged
I01316,Financials,2016,B,B,0,0,0,0,2,2,0,unchanged
I01317,Consumer,2016,BB,B,0,1,0,1,3,2,-1,downgrade
I01319,Retail,2016,B,B,0,0,0,0,2,2,0,unchanged
I01320,Healthcare,2016,BB,BB,0,0,0,0,3,3,0,unchanged
I01321,Healthcare,2016,AAA,AAA,0,0,0,0,7,7,0,unchanged
I01322,Real_Estate,2016,CCC,D,0,0,1,1,1,0,-1,default
I01323,Consumer,2016,AA,AA,0,0,0,0,6,6,0,unchanged
I01324,Real_Estate,2016,A,A,0,0,0,0,5,5,0,unchanged
I01325,Real_Estate,2016,CCC,D,0,0,1,1,1,0,-1,default
I01326,Retail,2016,B,B,0,0,0,0,2,2,0,unchanged
I01327,Utilities,2016,BBB,BBB,0,0,0,0,4,4,0,unchanged
I01328,Technology,2016,A,A,0,0,0,0,5,5,0,unchanged
I01329,Industrials,2016,BBB,BBB,0,0,0,0,4,4,0,unchanged
I01330,Telecom,2016,A,A,0,0,0,0,5,5,0,unchanged
I01331,Healthcare,2016,BBB,BBB,0,0,0,0,4,4,0,unchanged
I01332,Utilities,2016,CCC,D,0,0,1,1,1,0,-1,default
I01333,Healthcare,2016,B,B,0,0,0,0,2,2,0,unchanged
I01334,Retail,2016,BBB,BBB,0,0,0,0,4,4,0,unchanged
I01335,Telecom,2016,A,A,0,0,0,0,5,5,0,unchanged
I01336,Real_Estate,2016,B,B,0,0,0,0,2,2,0,unchanged
I01337,Telecom,2016,AAA,AAA,0,0,0,0,7,7,0,unchanged
I01338,Healthcare,2016,BB,BB,0,0,0,0,3,3,0,unchanged
I01339,Industrials,2016,A,A,0,0,0,0,5,5,0,unchanged
I01340,Energy,2016,BB,BB,0,0,0,0,3,3,0,unchanged
I01342,Energy,2016,BBB,BBB,0,0,0,0,4,4,0,unchanged
I01343,Healthcare,2016,BB,D,0,0,1,3,3,0,-3,default
I01344,Telecom,2016,AAA,AAA,0,0,0,0,7,7,0,unchanged
I01345,Telecom,2016,BBB,BBB,0,0,0,0,4,4,0,unchanged
I01346,Consumer,2016,B,B,0,0,0,0,2,2,0,unchanged
I01347,Technology,2016,B,BB,1,0,0,-1,2,3,1,upgrade
I01348,Energy,2016,BBB,BBB,0,0,0,0,4,4,0,unchanged
I01349,Technology,2016,BBB,BBB,0,0,0,0,4,4,0,unchanged
I01350,Industrials,2016,B,B,0,0,0,0,2,2,0,unchanged
I01351,Financials,2016,A,A,0,0,0,0,5,5,0,unchanged
I01352,Real_Estate,2016,BB,A,1,0,0,-2,3,5,2,upgrade
I01353,Healthcare,2016,BBB,BBB,0,0,0,0,4,4,0,unchanged
I01354,Telecom,2016,A,A,0,0,0,0,5,5,0,unchanged
I01355,Technology,2016,B,D,0,0,1,2,2,0,-2,default
I01356,Utilities,2016,BB,A,1,0,0,-2,3,5,2,upgrade
I01357,Financials,2016,BBB,BB,0,1,0,1,4,3,-1,downgrade
I01358,Technology,2016,BBB,BBB,0,0,0,0,4,4,0,unchanged
I01360,Healthcare,2016,CCC,CCC,0,0,0,0,1,1,0,unchanged
I01361,Consumer,2016,CCC,D,0,0,1,1,1,0,-1,default
I01362,Energy,2016,A,A,0,0,0,0,5,5,0,unchanged
I01363,Financials,2016,BBB,BBB,0,0,0,0,4,4,0,unchanged
I01364,Real_Estate,2016,AA,AA,0,0,0,0,6,6,0,unchanged
I01365,Financials,2016,BBB,BBB,0,0,0,0,4,4,0,unchanged
I01366,Consumer,2016,BB,BB,0,0,0,0,3,3,0,unchanged
I01367,Energy,2016,CCC,CCC,0,0,0,0,1,1,0,unchanged
I01368,Retail,2016,BBB,BBB,0,0,0,0,4,4,0,unchanged
I01369,Healthcare,2016,BB,BB,0,0,0,0,3,3,0,unchanged
I01370,Energy,2016,B,B,0,0,0,0,2,2,0,unchanged
I01372,Utilities,2016,A,A,0,0,0,0,5,5,0,unchanged
I01373,Consumer,2016,BB,B,0,1,0,1,3,2,-1,downgrade
I01374,Technology,2016,A,A,0,0,0,0,5,5,0,unchanged
I01375,Utilities,2016,BB,BBB,1,0,0,-1,3,4,1,upgrade
I01376,Real_Estate,2016,BBB,BBB,0,0,0,0,4,4,0,unchanged
I01377,Industrials,2016,AA,AA,0,0,0,0,6,6,0,unchanged
I01378,Healthcare,2016,CCC,D,0,0,1,1,1,0,-1,default
I01379,Retail,2016,A,A,0,0,0,0,5,5,0,unchanged
I01380,Energy,2016,BB,BB,0,0,0,0,3,3,0,unchanged
I01381,Healthcare,2016,BBB,BB,0,1,0,1,4,3,-1,downgrade
I01382,Industrials,2016,A,A,0,0,0,0,5,5,0,unchanged
I01383,Consumer,2016,BBB,BBB,0,0,0,0,4,4,0,unchanged
I01384,Energy,2016,AA,AA,0,0,0,0,6,6,0,unchanged
I01385,Technology,2016,BB,BB,0,0,0,0,3,3,0,unchanged
I01386,Healthcare,2016,BB,BB,0,0,0,0,3,3,0,unchanged
I01387,Retail,2016,BB,BB,0,0,0,0,3,3,0,unchanged
I01388,Telecom,2016,A,A,0,0,0,0,5,5,0,unchanged
I01389,Utilities,2016,CCC,CCC,0,0,0,0,1,1,0,unchanged
I01390,Real_Estate,2016,BB,BB,0,0,0,0,3,3,0,unchanged
I01391,Technology,2016,BB,BB,0,0,0,0,3,3,0,unchanged
I01392,Real_Estate,2016,AAA,AAA,0,0,0,0,7,7,0,unchanged
I01393,Industrials,2016,A,A,0,0,0,0,5,5,0,unchanged
I01394,Industrials,2016,A,A,0,0,0,0,5,5,0,unchanged
I01395,Telecom,2016,A,A,0,0,0,0,5,5,0,unchanged
I01396,Financials,2016,AA,AA,0,0,0,0,6,6,0,unchanged
I01397,Healthcare,2016,BB,BB,0,0,0,0,3,3,0,unchanged
I01398,Telecom,2016,BBB,BBB,0,0,0,0,4,4,0,unchanged
I01399,Real_Estate,2016,A,A,0,0,0,0,5,5,0,unchanged
I01400,Retail,2016,AAA,AAA,0,0,0,0,7,7,0,unchanged
I01401,Technology,2016,BBB,BBB,0,0,0,0,4,4,0,unchanged
I01402,Industrials,2016,BBB,BBB,0,0,0,0,4,4,0,unchanged
I01403,Telecom,2016,AA,AA,0,0,0,0,6,6,0,unchanged
I01404,Industrials,2016,BBB,BBB,0,0,0,0,4,4,0,unchanged
I01405,Utilities,2016,BB,BB,0,0,0,0,3,3,0,unchanged
I01406,Real_Estate,2016,BB,BB,0,0,0,0,3,3,0,unchanged
I01407,Financials,2016,BB,BB,0,0,0,0,3,3,0,unchanged
I01408,Healthcare,2016,B,B,0,0,0,0,2,2,0,unchanged
I01409,Industrials,2016,B,B,0,0,0,0,2,2,0,unchanged
I01410,Technology,2016,BBB,BBB,0,0,0,0,4,4,0,unchanged
I01411,Energy,2016,A,A,0,0,0,0,5,5,0,unchanged
I01412,Industrials,2016,BB,BB,0,0,0,0,3,3,0,unchanged
I01413,Real_Estate,2016,BB,BB,0,0,0,0,3,3,0,unchanged
I01414,Consumer,2016,BBB,BB,0,1,0,1,4,3,-1,downgrade
I01415,Technology,2016,BBB,BBB,0,0,0,0,4,4,0,unchanged
I01416,Healthcare,2016,BBB,BBB,0,0,0,0,4,4,0,unchanged
I01417,Healthcare,2016,A,A,0,0,0,0,5,5,0,unchanged
I01418,Technology,2016,BB,BB,0,0,0,0,3,3,0,unchanged
I01419,Financials,2016,AA,AA,0,0,0,0,6,6,0,unchanged
I01420,Real_Estate,2016,B,B,0,0,0,0,2,2,0,unchanged
I01421,Utilities,2016,BBB,BBB,0,0,0,0,4,4,0,unchanged
I01422,Real_Estate,2016,A,BBB,0,1,0,1,5,4,-1,downgrade
I01423,Technology,2016,B,B,0,0,0,0,2,2,0,unchanged
I01424,Utilities,2016,AA,AA,0,0,0,0,6,6,0,unchanged
I01425,Telecom,2016,B,B,0,0,0,0,2,2,0,unchanged
I01426,Real_Estate,2016,BBB,BBB,0,0,0,0,4,4,0,unchanged
I01427,Utilities,2016,AA,AA,0,0,0,0,6,6,0,unchanged
I01428,Financials,2016,AA,AA,0,0,0,0,6,6,0,unchanged
I01430,Energy,2016,CCC,CCC,0,0,0,0,1,1,0,unchanged
I01431,Energy,2016,BB,BB,0,0,0,0,3,3,0,unchanged
I01432,Consumer,2016,AA,AA,0,0,0,0,6,6,0,unchanged
I01433,Industrials,2016,B,D,0,0,1,2,2,0,-2,default
I01434,Healthcare,2016,BBB,BBB,0,0,0,0,4,4,0,unchanged
I01435,Industrials,2016,B,B,0,0,0,0,2,2,0,unchanged
I01436,Industrials,2016,BBB,BBB,0,0,0,0,4,4,0,unchanged
I01437,Healthcare,2016,BBB,BBB,0,0,0,0,4,4,0,unchanged
I01438,Technology,2016,BB,A,1,0,0,-2,3,5,2,upgrade
I01439,Energy,2016,AA,AA,0,0,0,0,6,6,0,unchanged
I01440,Telecom,2016,BBB,BBB,0,0,0,0,4,4,0,unchanged
I01441,Energy,2016,A,A,0,0,0,0,5,5,0,unchanged
I01442,Energy,2016,BB,BB,0,0,0,0,3,3,0,unchanged
I01443,Utilities,2016,A,A,0,0,0,0,5,5,0,unchanged
I01444,Real_Estate,2016,BBB,BBB,0,0,0,0,4,4,0,unchanged
I01445,Technology,2016,B,D,0,0,1,2,2,0,-2,default
I01446,Healthcare,2016,BB,BB,0,0,0,0,3,3,0,unchanged
I01447,Technology,2016,A,A,0,0,0,0,5,5,0,unchanged
I01448,Retail,2016,BB,BB,0,0,0,0,3,3,0,unchanged
I01449,Telecom,2016,BB,D,0,0,1,3,3,0,-3,default
I01450,Real_Estate,2016,B,B,0,0,0,0,2,2,0,unchanged
I01451,Telecom,2016,CCC,CCC,0,0,0,0,1,1,0,unchanged
I01452,Energy,2016,BB,BB,0,0,0,0,3,3,0,unchanged
I01453,Consumer,2016,A,A,0,0,0,0,5,5,0,unchanged
I01454,Real_Estate,2016,B,CCC,0,1,0,1,2,1,-1,downgrade
I01455,Technology,2016,BBB,BBB,0,0,0,0,4,4,0,unchanged
I01456,Telecom,2016,BBB,BBB,0,0,0,0,4,4,0,unchanged
I01457,Industrials,2016,BBB,B,0,1,0,2,4,2,-2,downgrade
I01458,Healthcare,2016,BB,BB,0,0,0,0,3,3,0,unchanged
I01459,Industrials,2016,A,A,0,0,0,0,5,5,0,unchanged
I01460,Retail,2016,BB,B,0,1,0,1,3,2,-1,downgrade
I01461,Retail,2016,BB,BB,0,0,0,0,3,3,0,unchanged
I01462,Consumer,2016,BB,BB,0,0,0,0,3,3,0,unchanged
I01463,Real_Estate,2016,B,B,0,0,0,0,2,2,0,unchanged
I01464,Consumer,2016,BBB,BBB,0,0,0,0,4,4,0,unchanged
I01465,Consumer,2016,AA,AA,0,0,0,0,6,6,0,unchanged
I01466,Real_Estate,2016,BBB,BBB,0,0,0,0,4,4,0,unchanged
I01467,Retail,2016,B,B,0,0,0,0,2,2,0,unchanged
I01468,Retail,2016,BB,BB,0,0,0,0,3,3,0,unchanged
I01469,Utilities,2016,CCC,CCC,0,0,0,0,1,1,0,unchanged
I01470,Real_Estate,2016,A,A,0,0,0,0,5,5,0,unchanged
I01471,Energy,2016,BBB,BBB,0,0,0,0,4,4,0,unchanged
I01472,Telecom,2016,BBB,BBB,0,0,0,0,4,4,0,unchanged
I01473,Financials,2016,BBB,BBB,0,0,0,0,4,4,0,unchanged
I01474,Healthcare,2016,BBB,BB,0,1,0,1,4,3,-1,downgrade
I01475,Retail,2016,A,A,0,0,0,0,5,5,0,unchanged
I01476,Retail,2016,BBB,BBB,0,0,0,0,4,4,0,unchanged
I01477,Industrials,2016,CCC,CCC,0,0,0,0,1,1,0,unchanged
I01478,Retail,2016,B,B,0,0,0,0,2,2,0,unchanged
I01479,Energy,2016,B,B,0,0,0,0,2,2,0,unchanged
I01480,Telecom,2016,A,A,0,0,0,0,5,5,0,unchanged
I01481,Energy,2016,BB,BB,0,0,0,0,3,3,0,unchanged
I01482,Industrials,2016,BBB,BBB,0,0,0,0,4,4,0,unchanged
I01483,Technology,2016,B,B,0,0,0,0,2,2,0,unchanged
I01484,Telecom,2016,BB,BB,0,0,0,0,3,3,0,unchanged
I01485,Utilities,2016,B,B,0,0,0,0,2,2,0,unchanged
I01486,Industrials,2016,BBB,BBB,0,0,0,0,4,4,0,unchanged
I01487,Energy,2016,A,A,0,0,0,0,5,5,0,unchanged
I01488,Industrials,2016,A,A,0,0,0,0,5,5,0,unchanged
I01489,Industrials,2016,BBB,BBB,0,0,0,0,4,4,0,unchanged
I01490,Energy,2016,A,A,0,0,0,0,5,5,0,unchanged
I01491,Real_Estate,2016,BB,BBB,1,0,0,-1,3,4,1,upgrade
I01492,Real_Estate,2016,B,B,0,0,0,0,2,2,0,unchanged
I01493,Telecom,2016,AA,AA,0,0,0,0,6,6,0,unchanged
I01494,Financials,2016,A,BBB,0,1,0,1,5,4,-1,downgrade
I01495,Financials,2016,AAA,AA,0,1,0,1,7,6,-1,downgrade
I01496,Healthcare,2016,BBB,A,1,0,0,-1,4,5,1,upgrade
I01497,Healthcare,2016,A,A,0,0,0,0,5,5,0,unchanged
I01498,Real_Estate,2016,BBB,BBB,0,0,0,0,4,4,0,unchanged
I01499,Healthcare,2016,BBB,BB,0,1,0,1,4,3,-1,downgrade
I01500,Financials,2016,BBB,BBB,0,0,0,0,4,4,0,unchanged
I01501,Telecom,2016,BB,BB,0,0,0,0,3,3,0,unchanged
I01502,Retail,2016,BBB,BBB,0,0,0,0,4,4,0,unchanged
I01503,Healthcare,2016,A,A,0,0,0,0,5,5,0,unchanged
I01504,Healthcare,2016,BB,BB,0,0,0,0,3,3,0,unchanged
I01505,Real_Estate,2016,BBB,BBB,0,0,0,0,4,4,0,unchanged
I01506,Financials,2016,BBB,BBB,0,0,0,0,4,4,0,unchanged
I01507,Telecom,2016,BBB,BBB,0,0,0,0,4,4,0,unchanged
I01508,Consumer,2016,BBB,BBB,0,0,0,0,4,4,0,unchanged
I01509,Financials,2016,BBB,BBB,0,0,0,0,4,4,0,unchanged
I01510,Telecom,2016,AA,AA,0,0,0,0,6,6,0,unchanged
I01511,Utilities,2016,CCC,CCC,0,0,0,0,1,1,0,unchanged
I01512,Utilities,2016,BB,BB,0,0,0,0,3,3,0,unchanged
I01513,Telecom,2016,BBB,BBB,0,0,0,0,4,4,0,unchanged
I01514,Industrials,2016,BB,BB,0,0,0,0,3,3,0,unchanged
I01515,Healthcare,2016,A,A,0,0,0,0,5,5,0,unchanged
I01516,Industrials,2016,BBB,BBB,0,0,0,0,4,4,0,unchanged
I01517,Healthcare,2016,B,BB,1,0,0,-1,2,3,1,upgrade
I01518,Energy,2016,B,B,0,0,0,0,2,2,0,unchanged
I01519,Real_Estate,2016,BB,BB,0,0,0,0,3,3,0,unchanged
I01520,Utilities,2016,CCC,CCC,0,0,0,0,1,1,0,unchanged
I01521,Technology,2016,BBB,BBB,0,0,0,0,4,4,0,unchanged
I01522,Technology,2016,BBB,BBB,0,0,0,0,4,4,0,unchanged
I01523,Industrials,2016,B,B,0,0,0,0,2,2,0,unchanged
I01524,Telecom,2016,A,A,0,0,0,0,5,5,0,unchanged
I01525,Utilities,2016,BB,BB,0,0,0,0,3,3,0,unchanged
I01526,Financials,2016,A,A,0,0,0,0,5,5,0,unchanged
I01527,Real_Estate,2016,BB,BB,0,0,0,0,3,3,0,unchanged
I01528,Utilities,2016,AA,AA,0,0,0,0,6,6,0,unchanged
I01529,Telecom,2016,BBB,BBB,0,0,0,0,4,4,0,unchanged
I01530,Healthcare,2016,A,A,0,0,0,0,5,5,0,unchanged
I01531,Telecom,2016,CCC,CCC,0,0,0,0,1,1,0,unchanged
I01532,Real_Estate,2016,CCC,D,0,0,1,1,1,0,-1,default
I01533,Financials,2016,A,A,0,0,0,0,5,5,0,unchanged
I01534,Energy,2016,BBB,BB,0,1,0,1,4,3,-1,downgrade
I01535,Utilities,2016,CCC,CCC,0,0,0,0,1,1,0,unchanged
I01536,Energy,2016,BB,CCC,0,1,0,2,3,1,-2,downgrade
I01537,Healthcare,2016,A,A,0,0,0,0,5,5,0,unchanged
I01538,Energy,2016,AA,A,0,1,0,1,6,5,-1,downgrade
I01539,Consumer,2016,BB,BB,0,0,0,0,3,3,0,unchanged
I01540,Consumer,2016,BB,BBB,1,0,0,-1,3,4,1,upgrade
I01541,Consumer,2016,BBB,BBB,0,0,0,0,4,4,0,unchanged
I01542,Financials,2016,BB,BB,0,0,0,0,3,3,0,unchanged
I01543,Industrials,2016,A,BBB,0,1,0,1,5,4,-1,downgrade
I01544,Consumer,2016,B,B,0,0,0,0,2,2,0,unchanged
I01545,Healthcare,2016,AAA,AAA,0,0,0,0,7,7,0,unchanged
I01547,Utilities,2016,BBB,BBB,0,0,0,0,4,4,0,unchanged
I01548,Industrials,2016,BB,BB,0,0,0,0,3,3,0,unchanged
I01549,Consumer,2016,BBB,BBB,0,0,0,0,4,4,0,unchanged
I01550,Retail,2016,B,BB,1,0,0,-1,2,3,1,upgrade
I01551,Technology,2016,A,A,0,0,0,0,5,5,0,unchanged
I01552,Financials,2016,AA,AA,0,0,0,0,6,6,0,unchanged
I01553,Telecom,2016,BBB,BBB,0,0,0,0,4,4,0,unchanged
I01554,Retail,2016,CCC,CCC,0,0,0,0,1,1,0,unchanged
I01555,Energy,2016,BB,B,0,1,0,1,3,2,-1,downgrade
I01556,Healthcare,2016,BB,BB,0,0,0,0,3,3,0,unchanged
I01557,Real_Estate,2016,BBB,BBB,0,0,0,0,4,4,0,unchanged
I01558,Technology,2016,BBB,BBB,0,0,0,0,4,4,0,unchanged
I01559,Energy,2016,BB,BB,0,0,0,0,3,3,0,unchanged
I01560,Industrials,2016,CCC,CCC,0,0,0,0,1,1,0,unchanged
I01561,Utilities,2016,B,B,0,0,0,0,2,2,0,unchanged
I01562,Industrials,2016,BBB,BBB,0,0,0,0,4,4,0,unchanged
I01563,Technology,2016,BB,BB,0,0,0,0,3,3,0,unchanged
I01564,Real_Estate,2016,BB,BB,0,0,0,0,3,3,0,unchanged
I01565,Retail,2016,A,A,0,0,0,0,5,5,0,unchanged
I01566,Financials,2016,B,B,0,0,0,0,2,2,0,unchanged
I01567,Energy,2016,B,B,0,0,0,0,2,2,0,unchanged
I01568,Technology,2016,BB,BBB,1,0,0,-1,3,4,1,upgrade
I01569,Consumer,2016,AA,AAA,1,0,0,-1,6,7,1,upgrade
I01571,Consumer,2016,BBB,BB,0,1,0,1,4,3,-1,downgrade
I01572,Utilities,2016,A,A,0,0,0,0,5,5,0,unchanged
I01573,Retail,2016,AA,AA,0,0,0,0,6,6,0,unchanged
I01574,Telecom,2016,CCC,D,0,0,1,1,1,0,-1,default
I01575,Utilities,2016,A,A,0,0,0,0,5,5,0,unchanged
I01577,Financials,2016,BB,BB,0,0,0,0,3,3,0,unchanged
I01578,Industrials,2016,BB,BB,0,0,0,0,3,3,0,unchanged
I01579,Industrials,2016,AA,AA,0,0,0,0,6,6,0,unchanged
I01580,Financials,2016,A,A,0,0,0,0,5,5,0,unchanged
I01581,Financials,2016,BB,BB,0,0,0,0,3,3,0,unchanged
I01582,Utilities,2016,AA,AA,0,0,0,0,6,6,0,unchanged
I01583,Industrials,2016,CCC,CCC,0,0,0,0,1,1,0,unchanged
I01584,Technology,2016,BB,BB,0,0,0,0,3,3,0,unchanged
I01585,Financials,2016,B,B,0,0,0,0,2,2,0,unchanged
I01586,Utilities,2016,A,A,0,0,0,0,5,5,0,unchanged
I01587,Healthcare,2016,BBB,BBB,0,0,0,0,4,4,0,unchanged
I01588,Real_Estate,2016,BB,B,0,1,0,1,3,2,-1,downgrade
I01589,Telecom,2016,BB,BBB,1,0,0,-1,3,4,1,upgrade
I01590,Telecom,2016,BBB,BBB,0,0,0,0,4,4,0,unchanged
I01591,Financials,2016,BB,BB,0,0,0,0,3,3,0,unchanged
I01592,Technology,2016,BBB,BBB,0,0,0,0,4,4,0,unchanged
I01593,Utilities,2016,B,B,0,0,0,0,2,2,0,unchanged
I01594,Real_Estate,2016,B,BB,1,0,0,-1,2,3,1,upgrade
I01595,Energy,2016,BB,BBB,1,0,0,-1,3,4,1,upgrade
I01596,Consumer,2016,A,A,0,0,0,0,5,5,0,unchanged
I01597,Retail,2016,A,A,0,0,0,0,5,5,0,unchanged
I01598,Consumer,2016,BBB,BBB,0,0,0,0,4,4,0,unchanged
I01599,Industrials,2016,AA,AA,0,0,0,0,6,6,0,unchanged
I01600,Retail,2016,BB,B,0,1,0,1,3,2,-1,downgrade
I01601,Financials,2016,B,B,0,0,0,0,2,2,0,unchanged
I01602,Healthcare,2016,AAA,AAA,0,0,0,0,7,7,0,unchanged
I01603,Healthcare,2016,AAA,AAA,0,0,0,0,7,7,0,unchanged
I01604,Industrials,2016,BB,BB,0,0,0,0,3,3,0,unchanged
I01605,Energy,2016,BB,BBB,1,0,0,-1,3,4,1,upgrade
I01606,Technology,2016,A,A,0,0,0,0,5,5,0,unchanged
I01607,Utilities,2016,A,A,0,0,0,0,5,5,0,unchanged
I01608,Energy,2016,A,BBB,0,1,0,1,5,4,-1,downgrade
I01609,Real_Estate,2016,BB,BB,0,0,0,0,3,3,0,unchanged
I01610,Industrials,2016,BBB,BBB,0,0,0,0,4,4,0,unchanged
I01611,Consumer,2016,CCC,CCC,0,0,0,0,1,1,0,unchanged
I01612,Industrials,2016,BB,BB,0,0,0,0,3,3,0,unchanged
I01613,Industrials,2016,B,CCC,0,1,0,1,2,1,-1,downgrade
I01614,Technology,2016,BB,BB,0,0,0,0,3,3,0,unchanged
I01615,Consumer,2016,BBB,BBB,0,0,0,0,4,4,0,unchanged
I01616,Real_Estate,2016,B,B,0,0,0,0,2,2,0,unchanged
I01617,Industrials,2016,BB,BB,0,0,0,0,3,3,0,unchanged
I01618,Retail,2016,B,B,0,0,0,0,2,2,0,unchanged
I01619,Technology,2016,BB,BBB,1,0,0,-1,3,4,1,upgrade
I01620,Healthcare,2016,BBB,BBB,0,0,0,0,4,4,0,unchanged
I01621,Industrials,2016,BBB,BBB,0,0,0,0,4,4,0,unchanged
I01622,Financials,2016,B,CCC,0,1,0,1,2,1,-1,downgrade
I01623,Energy,2016,A,A,0,0,0,0,5,5,0,unchanged
I01624,Energy,2016,BBB,BBB,0,0,0,0,4,4,0,unchanged
I01625,Real_Estate,2016,CCC,D,0,0,1,1,1,0,-1,default
I01626,Energy,2016,B,B,0,0,0,0,2,2,0,unchanged
I01627,Financials,2016,AA,AA,0,0,0,0,6,6,0,unchanged
I01628,Real_Estate,2016,B,B,0,0,0,0,2,2,0,unchanged
I01629,Real_Estate,2016,AA,AA,0,0,0,0,6,6,0,unchanged
I01630,Telecom,2016,BB,BB,0,0,0,0,3,3,0,unchanged
I01631,Technology,2016,AAA,AAA,0,0,0,0,7,7,0,unchanged
I01632,Healthcare,2016,CCC,BBB,1,0,0,-3,1,4,3,upgrade
I01633,Financials,2016,BBB,BBB,0,0,0,0,4,4,0,unchanged
I01634,Telecom,2016,BBB,BBB,0,0,0,0,4,4,0,unchanged
I01635,Telecom,2016,B,B,0,0,0,0,2,2,0,unchanged
I01636,Technology,2016,BB,BB,0,0,0,0,3,3,0,unchanged
I01637,Financials,2016,BBB,BBB,0,0,0,0,4,4,0,unchanged
I01638,Utilities,2016,BBB,BBB,0,0,0,0,4,4,0,unchanged
I01639,Energy,2016,BBB,BBB,0,0,0,0,4,4,0,unchanged
I01640,Technology,2016,B,CCC,0,1,0,1,2,1,-1,downgrade
I01641,Industrials,2016,BB,BBB,1,0,0,-1,3,4,1,upgrade
I01642,Consumer,2016,A,A,0,0,0,0,5,5,0,unchanged
I01643,Utilities,2016,BBB,BBB,0,0,0,0,4,4,0,unchanged
I01645,Industrials,2016,BB,BB,0,0,0,0,3,3,0,unchanged
I01646,Healthcare,2016,BBB,BBB,0,0,0,0,4,4,0,unchanged
I01648,Retail,2016,BB,BB,0,0,0,0,3,3,0,unchanged
I01649,Financials,2016,A,A,0,0,0,0,5,5,0,unchanged
I01650,Technology,2016,BBB,BBB,0,0,0,0,4,4,0,unchanged
I01651,Retail,2016,B,B,0,0,0,0,2,2,0,unchanged
I01652,Energy,2016,A,A,0,0,0,0,5,5,0,unchanged
I01653,Industrials,2016,BBB,BBB,0,0,0,0,4,4,0,unchanged
I01654,Retail,2016,CCC,B,1,0,0,-1,1,2,1,upgrade
I01656,Healthcare,2016,BB,BB,0,0,0,0,3,3,0,unchanged
I01657,Retail,2016,B,B,0,0,0,0,2,2,0,unchanged
I01658,Energy,2016,CCC,CCC,0,0,0,0,1,1,0,unchanged
I01659,Technology,2016,A,A,0,0,0,0,5,5,0,unchanged
I01660,Industrials,2016,A,A,0,0,0,0,5,5,0,unchanged
I01661,Utilities,2016,BB,BB,0,0,0,0,3,3,0,unchanged
I01662,Industrials,2016,B,B,0,0,0,0,2,2,0,unchanged
I01663,Industrials,2016,BB,B,0,1,0,1,3,2,-1,downgrade
I01664,Telecom,2016,BB,B,0,1,0,1,3,2,-1,downgrade
I01665,Retail,2016,BBB,BBB,0,0,0,0,4,4,0,unchanged
I01666,Consumer,2016,BB,BB,0,0,0,0,3,3,0,unchanged
I01667,Healthcare,2016,BBB,BBB,0,0,0,0,4,4,0,unchanged
I01668,Energy,2016,BB,BB,0,0,0,0,3,3,0,unchanged
I01669,Real_Estate,2016,A,BBB,0,1,0,1,5,4,-1,downgrade
I01670,Retail,2016,A,A,0,0,0,0,5,5,0,unchanged
I01671,Technology,2016,BBB,BBB,0,0,0,0,4,4,0,unchanged
I01672,Consumer,2016,AA,AA,0,0,0,0,6,6,0,unchanged
I01673,Real_Estate,2016,B,B,0,0,0,0,2,2,0,unchanged
I01674,Utilities,2016,BB,A,1,0,0,-2,3,5,2,upgrade
I01675,Retail,2016,BB,BB,0,0,0,0,3,3,0,unchanged
I01676,Telecom,2016,AA,AA,0,0,0,0,6,6,0,unchanged
I01677,Utilities,2016,BBB,BBB,0,0,0,0,4,4,0,unchanged
I01678,Real_Estate,2016,AAA,AAA,0,0,0,0,7,7,0,unchanged
I01679,Telecom,2016,BBB,BB,0,1,0,1,4,3,-1,downgrade
I01680,Financials,2016,BB,BB,0,0,0,0,3,3,0,unchanged
I01681,Healthcare,2016,AA,AA,0,0,0,0,6,6,0,unchanged
I01682,Real_Estate,2016,BB,BBB,1,0,0,-1,3,4,1,upgrade
I01683,Technology,2016,A,A,0,0,0,0,5,5,0,unchanged
I01684,Healthcare,2016,BB,BB,0,0,0,0,3,3,0,unchanged
I01685,Telecom,2016,BBB,BBB,0,0,0,0,4,4,0,unchanged
I01686,Utilities,2016,AA,AA,0,0,0,0,6,6,0,unchanged
I01687,Real_Estate,2016,A,A,0,0,0,0,5,5,0,unchanged
I01688,Energy,2016,A,A,0,0,0,0,5,5,0,unchanged
I01689,Retail,2016,A,A,0,0,0,0,5,5,0,unchanged
I01690,Energy,2016,CCC,D,0,0,1,1,1,0,-1,default
I01691,Consumer,2016,A,A,0,0,0,0,5,5,0,unchanged
I01692,Energy,2016,BBB,BBB,0,0,0,0,4,4,0,unchanged
I01693,Healthcare,2016,AA,AA,0,0,0,0,6,6,0,unchanged
I01694,Consumer,2016,BBB,BBB,0,0,0,0,4,4,0,unchanged
I01695,Financials,2016,B,B,0,0,0,0,2,2,0,unchanged
I01696,Technology,2016,A,BBB,0,1,0,1,5,4,-1,downgrade
I01697,Telecom,2016,BBB,BBB,0,0,0,0,4,4,0,unchanged
I01698,Energy,2016,BB,BB,0,0,0,0,3,3,0,unchanged
I01699,Retail,2016,A,A,0,0,0,0,5,5,0,unchanged
I01700,Industrials,2016,BB,BB,0,0,0,0,3,3,0,unchanged
I01701,Industrials,2016,A,A,0,0,0,0,5,5,0,unchanged
I01702,Technology,2016,B,B,0,0,0,0,2,2,0,unchanged
I01703,Energy,2016,BB,CCC,0,1,0,2,3,1,-2,downgrade
I01704,Industrials,2016,A,A,0,0,0,0,5,5,0,unchanged
I01705,Energy,2016,A,A,0,0,0,0,5,5,0,unchanged
I01706,Consumer,2016,BBB,BBB,0,0,0,0,4,4,0,unchanged
I01707,Retail,2016,A,A,0,0,0,0,5,5,0,unchanged
I01708,Consumer,2016,BBB,BBB,0,0,0,0,4,4,0,unchanged
I01709,Technology,2016,B,B,0,0,0,0,2,2,0,unchanged
I01710,Utilities,2016,AA,AA,0,0,0,0,6,6,0,unchanged
I01711,Telecom,2016,B,B,0,0,0,0,2,2,0,unchanged
I01712,Utilities,2016,BB,B,0,1,0,1,3,2,-1,downgrade
I01713,Telecom,2016,BBB,BBB,0,0,0,0,4,4,0,unchanged
I01714,Financials,2016,AA,AA,0,0,0,0,6,6,0,unchanged
I01715,Industrials,2016,A,A,0,0,0,0,5,5,0,unchanged
I01716,Industrials,2016,A,A,0,0,0,0,5,5,0,unchanged
I01717,Technology,2016,BBB,BBB,0,0,0,0,4,4,0,unchanged
I01718,Consumer,2016,B,B,0,0,0,0,2,2,0,unchanged
I01719,Healthcare,2016,BBB,BBB,0,0,0,0,4,4,0,unchanged
I01720,Consumer,2016,B,D,0,0,1,2,2,0,-2,default
I01721,Telecom,2016,B,B,0,0,0,0,2,2,0,unchanged
I01722,Technology,2016,B,B,0,0,0,0,2,2,0,unchanged
I01723,Utilities,2016,B,B,0,0,0,0,2,2,0,unchanged
I01724,Energy,2016,BB,BBB,1,0,0,-1,3,4,1,upgrade
I01725,Energy,2016,CCC,CCC,0,0,0,0,1,1,0,unchanged
I01726,Financials,2016,BBB,BBB,0,0,0,0,4,4,0,unchanged
I01727,Industrials,2016,BBB,BBB,0,0,0,0,4,4,0,unchanged
I01728,Healthcare,2016,AA,AA,0,0,0,0,6,6,0,unchanged
I01729,Financials,2016,BBB,BB,0,1,0,1,4,3,-1,downgrade
I01730,Technology,2016,BBB,BBB,0,0,0,0,4,4,0,unchanged
I01731,Technology,2016,BBB,BBB,0,0,0,0,4,4,0,unchanged
I01732,Industrials,2016,BBB,BBB,0,0,0,0,4,4,0,unchanged
I01733,Energy,2016,BB,B,0,1,0,1,3,2,-1,downgrade
I01734,Consumer,2016,AA,AA,0,0,0,0,6,6,0,unchanged
I01735,Retail,2016,BBB,BBB,0,0,0,0,4,4,0,unchanged
I01736,Utilities,2016,A,A,0,0,0,0,5,5,0,unchanged
I01737,Industrials,2016,A,A,0,0,0,0,5,5,0,unchanged
I01738,Energy,2016,B,B,0,0,0,0,2,2,0,unchanged
I01739,Healthcare,2016,A,BBB,0,1,0,1,5,4,-1,downgrade
I01740,Industrials,2016,AA,AA,0,0,0,0,6,6,0,unchanged
I01741,Financials,2016,A,A,0,0,0,0,5,5,0,unchanged
I01743,Utilities,2016,BBB,BBB,0,0,0,0,4,4,0,unchanged
I01744,Technology,2016,BB,BB,0,0,0,0,3,3,0,unchanged
I01745,Retail,2016,CCC,CCC,0,0,0,0,1,1,0,unchanged
I01746,Telecom,2016,A,A,0,0,0,0,5,5,0,unchanged
I01747,Retail,2016,B,B,0,0,0,0,2,2,0,unchanged
I01748,Telecom,2016,AA,AA,0,0,0,0,6,6,0,unchanged
I01749,Telecom,2016,BB,B,0,1,0,1,3,2,-1,downgrade
I01750,Utilities,2016,AA,AA,0,0,0,0,6,6,0,unchanged
I01751,Utilities,2016,B,B,0,0,0,0,2,2,0,unchanged
I01752,Utilities,2016,CCC,CCC,0,0,0,0,1,1,0,unchanged
I01753,Real_Estate,2016,A,A,0,0,0,0,5,5,0,unchanged
I01754,Technology,2016,AAA,AAA,0,0,0,0,7,7,0,unchanged
I01755,Consumer,2016,BB,BB,0,0,0,0,3,3,0,unchanged
I01756,Technology,2016,B,B,0,0,0,0,2,2,0,unchanged
I01757,Financials,2016,A,A,0,0,0,0,5,5,0,unchanged
I01758,Retail,2016,BB,BB,0,0,0,0,3,3,0,unchanged
I01759,Financials,2016,A,A,0,0,0,0,5,5,0,unchanged
I01760,Energy,2016,A,A,0,0,0,0,5,5,0,unchanged
I01761,Financials,2016,BBB,BBB,0,0,0,0,4,4,0,unchanged
I01762,Industrials,2016,BBB,BBB,0,0,0,0,4,4,0,unchanged
I01763,Technology,2016,B,B,0,0,0,0,2,2,0,unchanged
I01764,Retail,2016,AA,AA,0,0,0,0,6,6,0,unchanged
I01765,Utilities,2016,BBB,A,1,0,0,-1,4,5,1,upgrade
I01766,Telecom,2016,AA,AA,0,0,0,0,6,6,0,unchanged
I01767,Telecom,2016,B,B,0,0,0,0,2,2,0,unchanged
I01768,Financials,2016,BBB,BBB,0,0,0,0,4,4,0,unchanged
I01769,Healthcare,2016,B,B,0,0,0,0,2,2,0,unchanged
I01770,Utilities,2016,A,A,0,0,0,0,5,5,0,unchanged
I01771,Real_Estate,2016,AA,AA,0,0,0,0,6,6,0,unchanged
I01772,Retail,2016,BB,CCC,0,1,0,2,3,1,-2,downgrade
I01773,Retail,2016,A,A,0,0,0,0,5,5,0,unchanged
I01774,Telecom,2016,BB,BB,0,0,0,0,3,3,0,unchanged
I01775,Financials,2016,B,B,0,0,0,0,2,2,0,unchanged
I01776,Retail,2016,A,A,0,0,0,0,5,5,0,unchanged
I01777,Real_Estate,2016,B,B,0,0,0,0,2,2,0,unchanged
I01778,Retail,2016,B,B,0,0,0,0,2,2,0,unchanged
I01779,Utilities,2016,A,A,0,0,0,0,5,5,0,unchanged
I01780,Industrials,2016,AA,AA,0,0,0,0,6,6,0,unchanged
I01781,Real_Estate,2016,AA,AA,0,0,0,0,6,6,0,unchanged
I01782,Retail,2016,BB,BB,0,0,0,0,3,3,0,unchanged
I01783,Utilities,2016,CCC,D,0,0,1,1,1,0,-1,default
I01784,Technology,2016,BBB,BBB,0,0,0,0,4,4,0,unchanged
I01785,Healthcare,2016,BBB,BBB,0,0,0,0,4,4,0,unchanged
I01786,Industrials,2016,BB,B,0,1,0,1,3,2,-1,downgrade
I01787,Healthcare,2016,BB,BB,0,0,0,0,3,3,0,unchanged
I01788,Retail,2016,BBB,BBB,0,0,0,0,4,4,0,unchanged
I01789,Consumer,2016,CCC,CCC,0,0,0,0,1,1,0,unchanged
I01790,Real_Estate,2016,BBB,BBB,0,0,0,0,4,4,0,unchanged
I01791,Retail,2016,AA,AA,0,0,0,0,6,6,0,unchanged
I01792,Industrials,2016,BBB,BBB,0,0,0,0,4,4,0,unchanged
I01793,Utilities,2016,CCC,CCC,0,0,0,0,1,1,0,unchanged
I01794,Healthcare,2016,BBB,BB,0,1,0,1,4,3,-1,downgrade
I01795,Financials,2016,CCC,CCC,0,0,0,0,1,1,0,unchanged
I01796,Telecom,2016,A,A,0,0,0,0,5,5,0,unchanged
I01797,Real_Estate,2016,A,AA,1,0,0,-1,5,6,1,upgrade
I01798,Technology,2016,A,A,0,0,0,0,5,5,0,unchanged
I01799,Utilities,2016,AAA,AAA,0,0,0,0,7,7,0,unchanged
I01800,Financials,2016,BBB,BBB,0,0,0,0,4,4,0,unchanged
I01801,Real_Estate,2016,BBB,BBB,0,0,0,0,4,4,0,unchanged
I01802,Energy,2016,BBB,BBB,0,0,0,0,4,4,0,unchanged
I01803,Energy,2016,BB,BB,0,0,0,0,3,3,0,unchanged
I01804,Energy,2016,BB,BB,0,0,0,0,3,3,0,unchanged
I01805,Real_Estate,2016,CCC,D,0,0,1,1,1,0,-1,default
I01806,Healthcare,2016,BB,BBB,1,0,0,-1,3,4,1,upgrade
I01807,Energy,2016,BBB,BBB,0,0,0,0,4,4,0,unchanged
I01808,Utilities,2016,BB,BB,0,0,0,0,3,3,0,unchanged
I01809,Consumer,2016,BBB,BBB,0,0,0,0,4,4,0,unchanged
I01810,Technology,2016,B,B,0,0,0,0,2,2,0,unchanged
I01811,Telecom,2016,BB,BB,0,0,0,0,3,3,0,unchanged
I01812,Technology,2016,BB,BB,0,0,0,0,3,3,0,unchanged
I01813,Industrials,2016,BB,D,0,0,1,3,3,0,-3,default
I01814,Retail,2016,BBB,A,1,0,0,-1,4,5,1,upgrade
I01816,Technology,2016,B,B,0,0,0,0,2,2,0,unchanged
I01817,Utilities,2016,B,B,0,0,0,0,2,2,0,unchanged
I01818,Technology,2016,BBB,BBB,0,0,0,0,4,4,0,unchanged
I01819,Industrials,2016,BBB,BBB,0,0,0,0,4,4,0,unchanged
I01820,Financials,2016,BBB,BBB,0,0,0,0,4,4,0,unchanged
I01821,Technology,2016,BB,BB,0,0,0,0,3,3,0,unchanged
I01822,Consumer,2016,BB,BB,0,0,0,0,3,3,0,unchanged
I01823,Energy,2016,BB,BB,0,0,0,0,3,3,0,unchanged
I01824,Industrials,2016,B,B,0,0,0,0,2,2,0,unchanged
I01825,Utilities,2016,BB,BB,0,0,0,0,3,3,0,unchanged
I01826,Technology,2016,A,A,0,0,0,0,5,5,0,unchanged
I01827,Healthcare,2016,BBB,BBB,0,0,0,0,4,4,0,unchanged
I01828,Consumer,2016,BBB,BBB,0,0,0,0,4,4,0,unchanged
I01829,Utilities,2016,BBB,BBB,0,0,0,0,4,4,0,unchanged
I01830,Industrials,2016,BBB,BBB,0,0,0,0,4,4,0,unchanged
I01831,Financials,2016,BBB,BBB,0,0,0,0,4,4,0,unchanged
I01832,Energy,2016,B,B,0,0,0,0,2,2,0,unchanged
I01833,Utilities,2016,BBB,BBB,0,0,0,0,4,4,0,unchanged
I01834,Energy,2016,BBB,BBB,0,0,0,0,4,4,0,unchanged
I01835,Financials,2016,A,A,0,0,0,0,5,5,0,unchanged
I01836,Financials,2016,BBB,BB,0,1,0,1,4,3,-1,downgrade
I01837,Consumer,2016,AA,AA,0,0,0,0,6,6,0,unchanged
I01838,Industrials,2016,A,A,0,0,0,0,5,5,0,unchanged
I01839,Healthcare,2016,B,B,0,0,0,0,2,2,0,unchanged
I01840,Utilities,2016,CCC,D,0,0,1,1,1,0,-1,default
I01841,Retail,2016,AAA,AAA,0,0,0,0,7,7,0,unchanged
I01842,Retail,2016,AAA,AAA,0,0,0,0,7,7,0,unchanged
I01843,Industrials,2016,B,B,0,0,0,0,2,2,0,unchanged
I01844,Retail,2016,BBB,BBB,0,0,0,0,4,4,0,unchanged
I01845,Telecom,2016,BB,B,0,1,0,1,3,2,-1,downgrade
I01846,Technology,2016,A,A,0,0,0,0,5,5,0,unchanged
I01847,Healthcare,2016,BBB,BBB,0,0,0,0,4,4,0,unchanged
I01848,Industrials,2016,B,BB,1,0,0,-1,2,3,1,upgrade
I01849,Industrials,2016,B,B,0,0,0,0,2,2,0,unchanged
I01850,Financials,2016,BB,BB,0,0,0,0,3,3,0,unchanged
I01851,Real_Estate,2016,BBB,BBB,0,0,0,0,4,4,0,unchanged
I01852,Utilities,2016,BBB,A,1,0,0,-1,4,5,1,upgrade
I01853,Utilities,2016,BB,BB,0,0,0,0,3,3,0,unchanged
I01854,Utilities,2016,A,A,0,0,0,0,5,5,0,unchanged
I01855,Consumer,2016,BBB,BBB,0,0,0,0,4,4,0,unchanged
I01856,Consumer,2016,A,A,0,0,0,0,5,5,0,unchanged
I01857,Healthcare,2016,BBB,BBB,0,0,0,0,4,4,0,unchanged
I01858,Industrials,2016,BB,BB,0,0,0,0,3,3,0,unchanged
I01859,Technology,2016,CCC,CCC,0,0,0,0,1,1,0,unchanged
I01860,Telecom,2016,A,A,0,0,0,0,5,5,0,unchanged
I01861,Telecom,2016,A,A,0,0,0,0,5,5,0,unchanged
I01862,Utilities,2016,A,A,0,0,0,0,5,5,0,unchanged
I01863,Telecom,2016,BB,BB,0,0,0,0,3,3,0,unchanged
I01864,Telecom,2016,BBB,BBB,0,0,0,0,4,4,0,unchanged
I01865,Retail,2016,A,A,0,0,0,0,5,5,0,unchanged
I01866,Technology,2016,BBB,BBB,0,0,0,0,4,4,0,unchanged
I01867,Telecom,2016,BBB,BBB,0,0,0,0,4,4,0,unchanged
I01868,Industrials,2016,AA,A,0,1,0,1,6,5,-1,downgrade
I01869,Utilities,2016,BBB,BBB,0,0,0,0,4,4,0,unchanged
I01870,Consumer,2016,BBB,BBB,0,0,0,0,4,4,0,unchanged
I01871,Technology,2016,AAA,AAA,0,0,0,0,7,7,0,unchanged
I01872,Industrials,2016,AAA,AA,0,1,0,1,7,6,-1,downgrade
I01873,Technology,2016,BB,BBB,1,0,0,-1,3,4,1,upgrade
I01875,Energy,2016,BBB,BBB,0,0,0,0,4,4,0,unchanged
I01876,Energy,2016,BBB,BBB,0,0,0,0,4,4,0,unchanged
I01877,Telecom,2016,AA,AA,0,0,0,0,6,6,0,unchanged
I01878,Real_Estate,2016,AA,AA,0,0,0,0,6,6,0,unchanged
I01879,Telecom,2016,B,B,0,0,0,0,2,2,0,unchanged
I01880,Real_Estate,2016,BB,BB,0,0,0,0,3,3,0,unchanged
I01881,Healthcare,2016,CCC,CCC,0,0,0,0,1,1,0,unchanged
I01882,Industrials,2016,BBB,BBB,0,0,0,0,4,4,0,unchanged
I01883,Utilities,2016,B,B,0,0,0,0,2,2,0,unchanged
I01884,Retail,2016,BBB,BBB,0,0,0,0,4,4,0,unchanged
I01885,Energy,2016,BBB,BBB,0,0,0,0,4,4,0,unchanged
I01886,Financials,2016,BB,BB,0,0,0,0,3,3,0,unchanged
I01887,Utilities,2016,BBB,BBB,0,0,0,0,4,4,0,unchanged
I01888,Financials,2016,BB,BB,0,0,0,0,3,3,0,unchanged
I01889,Industrials,2016,A,A,0,0,0,0,5,5,0,unchanged
I01890,Industrials,2016,AAA,AAA,0,0,0,0,7,7,0,unchanged
I01891,Real_Estate,2016,BBB,BBB,0,0,0,0,4,4,0,unchanged
I01892,Utilities,2016,BBB,BB,0,1,0,1,4,3,-1,downgrade
I01893,Real_Estate,2016,CCC,CCC,0,0,0,0,1,1,0,unchanged
I01894,Industrials,2016,B,B,0,0,0,0,2,2,0,unchanged
I01895,Consumer,2016,AAA,AAA,0,0,0,0,7,7,0,unchanged
I01896,Consumer,2016,BB,BB,0,0,0,0,3,3,0,unchanged
I01897,Financials,2016,B,B,0,0,0,0,2,2,0,unchanged
I01898,Telecom,2016,BBB,BBB,0,0,0,0,4,4,0,unchanged
I01899,Retail,2016,BB,BB,0,0,0,0,3,3,0,unchanged
I01901,Energy,2016,AA,AA,0,0,0,0,6,6,0,unchanged
I01902,Industrials,2016,B,CCC,0,1,0,1,2,1,-1,downgrade
I01903,Utilities,2016,A,A,0,0,0,0,5,5,0,unchanged
I01904,Industrials,2016,BB,A,1,0,0,-2,3,5,2,upgrade
I01905,Telecom,2016,BBB,BBB,0,0,0,0,4,4,0,unchanged
I01906,Healthcare,2016,AA,AA,0,0,0,0,6,6,0,unchanged
I01907,Technology,2016,B,B,0,0,0,0,2,2,0,unchanged
I01908,Healthcare,2016,AA,AA,0,0,0,0,6,6,0,unchanged
I01909,Retail,2016,A,BBB,0,1,0,1,5,4,-1,downgrade
I01910,Retail,2016,BBB,BB,0,1,0,1,4,3,-1,downgrade
I01911,Telecom,2016,AA,AA,0,0,0,0,6,6,0,unchanged
I01912,Healthcare,2016,BBB,BBB,0,0,0,0,4,4,0,unchanged
I01913,Real_Estate,2016,BBB,BBB,0,0,0,0,4,4,0,unchanged
I01914,Consumer,2016,BB,BB,0,0,0,0,3,3,0,unchanged
I01915,Financials,2016,BBB,BBB,0,0,0,0,4,4,0,unchanged
I01916,Real_Estate,2016,CCC,B,1,0,0,-1,1,2,1,upgrade
I01917,Financials,2016,CCC,CCC,0,0,0,0,1,1,0,unchanged
I01918,Retail,2016,AA,AA,0,0,0,0,6,6,0,unchanged
I01919,Telecom,2016,B,B,0,0,0,0,2,2,0,unchanged
I01920,Healthcare,2016,CCC,D,0,0,1,1,1,0,-1,default
I01921,Consumer,2016,CCC,B,1,0,0,-1,1,2,1,upgrade
I01922,Healthcare,2016,BBB,BBB,0,0,0,0,4,4,0,unchanged
I01923,Healthcare,2016,B,B,0,0,0,0,2,2,0,unchanged
I01924,Energy,2016,CCC,CCC,0,0,0,0,1,1,0,unchanged
I01925,Utilities,2016,BB,BB,0,0,0,0,3,3,0,unchanged
I01926,Healthcare,2016,A,A,0,0,0,0,5,5,0,unchanged
I01927,Telecom,2016,BB,BBB,1,0,0,-1,3,4,1,upgrade
I01928,Consumer,2016,BB,BB,0,0,0,0,3,3,0,unchanged
I01929,Industrials,2016,AA,AA,0,0,0,0,6,6,0,unchanged
I01930,Financials,2016,BBB,BBB,0,0,0,0,4,4,0,unchanged
I01931,Telecom,2016,BB,BB,0,0,0,0,3,3,0,unchanged
I01932,Consumer,2016,B,B,0,0,0,0,2,2,0,unchanged
I01933,Real_Estate,2016,BB,B,0,1,0,1,3,2,-1,downgrade
I01934,Consumer,2016,B,B,0,0,0,0,2,2,0,unchanged
I01935,Industrials,2016,BBB,A,1,0,0,-1,4,5,1,upgrade
I01936,Retail,2016,BBB,BBB,0,0,0,0,4,4,0,unchanged
I01937,Healthcare,2016,CCC,D,0,0,1,1,1,0,-1,default
I01938,Energy,2016,BBB,BBB,0,0,0,0,4,4,0,unchanged
I01939,Financials,2016,AA,AA,0,0,0,0,6,6,0,unchanged
I01940,Technology,2016,B,B,0,0,0,0,2,2,0,unchanged
I01941,Technology,2016,BB,BB,0,0,0,0,3,3,0,unchanged
I01942,Financials,2016,BBB,BBB,0,0,0,0,4,4,0,unchanged
I01943,Healthcare,2016,AA,AA,0,0,0,0,6,6,0,unchanged
I01944,Financials,2016,BBB,BBB,0,0,0,0,4,4,0,unchanged
I01945,Financials,2016,A,A,0,0,0,0,5,5,0,unchanged
I01947,Consumer,2016,BBB,BBB,0,0,0,0,4,4,0,unchanged
I01948,Financials,2016,B,B,0,0,0,0,2,2,0,unchanged
I01949,Real_Estate,2016,BBB,BBB,0,0,0,0,4,4,0,unchanged
I01950,Real_Estate,2016,AA,AA,0,0,0,0,6,6,0,unchanged
I01951,Utilities,2016,BBB,BBB,0,0,0,0,4,4,0,unchanged
I01952,Financials,2016,B,D,0,0,1,2,2,0,-2,default
I01953,Energy,2016,BBB,BBB,0,0,0,0,4,4,0,unchanged
I01954,Industrials,2016,AA,AAA,1,0,0,-1,6,7,1,upgrade
I01955,Energy,2016,BB,BB,0,0,0,0,3,3,0,unchanged
I01956,Retail,2016,BB,BB,0,0,0,0,3,3,0,unchanged
I01957,Consumer,2016,BB,BB,0,0,0,0,3,3,0,unchanged
I01960,Utilities,2016,CCC,BB,1,0,0,-2,1,3,2,upgrade
I01961,Healthcare,2016,BBB,BB,0,1,0,1,4,3,-1,downgrade
I01962,Consumer,2016,BB,B,0,1,0,1,3,2,-1,downgrade
I01963,Energy,2016,BB,BB,0,0,0,0,3,3,0,unchanged
I01964,Retail,2016,BBB,BBB,0,0,0,0,4,4,0,unchanged
I01965,Consumer,2016,AA,AA,0,0,0,0,6,6,0,unchanged
I01966,Utilities,2016,BBB,BBB,0,0,0,0,4,4,0,unchanged
I01967,Industrials,2016,BBB,BBB,0,0,0,0,4,4,0,unchanged
I01968,Healthcare,2016,BBB,BBB,0,0,0,0,4,4,0,unchanged
I01969,Consumer,2016,BB,BB,0,0,0,0,3,3,0,unchanged
I01970,Consumer,2016,BB,BB,0,0,0,0,3,3,0,unchanged
I01971,Retail,2016,BB,BB,0,0,0,0,3,3,0,unchanged
I01973,Utilities,2016,A,BBB,0,1,0,1,5,4,-1,downgrade
I01974,Retail,2016,BBB,BB,0,1,0,1,4,3,-1,downgrade
I01975,Utilities,2016,A,A,0,0,0,0,5,5,0,unchanged
I01976,Technology,2016,BBB,BBB,0,0,0,0,4,4,0,unchanged
I01977,Healthcare,2016,BB,BB,0,0,0,0,3,3,0,unchanged
I01978,Telecom,2016,BBB,BBB,0,0,0,0,4,4,0,unchanged
I01979,Financials,2016,A,A,0,0,0,0,5,5,0,unchanged
I01980,Consumer,2016,A,A,0,0,0,0,5,5,0,unchanged
I01981,Retail,2016,A,A,0,0,0,0,5,5,0,unchanged
I01982,Industrials,2016,BB,BB,0,0,0,0,3,3,0,unchanged
I01983,Technology,2016,B,B,0,0,0,0,2,2,0,unchanged
I01984,Industrials,2016,BBB,BBB,0,0,0,0,4,4,0,unchanged
I01985,Technology,2016,AA,AA,0,0,0,0,6,6,0,unchanged
I01986,Consumer,2016,BBB,BBB,0,0,0,0,4,4,0,unchanged
I01987,Retail,2016,B,B,0,0,0,0,2,2,0,unchanged
I01988,Healthcare,2016,BBB,BBB,0,0,0,0,4,4,0,unchanged
I01989,Industrials,2016,A,A,0,0,0,0,5,5,0,unchanged
I01990,Financials,2016,BBB,BBB,0,0,0,0,4,4,0,unchanged
I01991,Real_Estate,2016,B,B,0,0,0,0,2,2,0,unchanged
I01992,Utilities,2016,CCC,B,1,0,0,-1,1,2,1,upgrade
I01993,Energy,2016,BB,BB,0,0,0,0,3,3,0,unchanged
I01994,Real_Estate,2016,BBB,BBB,0,0,0,0,4,4,0,unchanged
I01995,Real_Estate,2016,BB,BB,0,0,0,0,3,3,0,unchanged
I01996,Energy,2016,A,A,0,0,0,0,5,5,0,unchanged
I01997,Utilities,2016,BBB,BBB,0,0,0,0,4,4,0,unchanged
I01998,Telecom,2016,BB,BB,0,0,0,0,3,3,0,unchanged
I01999,Consumer,2016,BBB,BBB,0,0,0,0,4,4,0,unchanged
I02000,Financials,2016,A,A,0,0,0,0,5,5,0,unchanged
I00001,Consumer,2017,A,A,0,0,0,0,5,5,0,unchanged
I00002,Industrials,2017,A,BBB,0,1,0,1,5,4,-1,downgrade
I00003,Industrials,2017,BB,BB,0,0,0,0,3,3,0,unchanged
I00004,Industrials,2017,BBB,BBB,0,0,0,0,4,4,0,unchanged
I00005,Real_Estate,2017,A,A,0,0,0,0,5,5,0,unchanged
I00006,Financials,2017,B,B,0,0,0,0,2,2,0,unchanged
I00007,Utilities,2017,BB,BBB,1,0,0,-1,3,4,1,upgrade
I00008,Healthcare,2017,BBB,BBB,0,0,0,0,4,4,0,unchanged
I00009,Consumer,2017,BBB,BBB,0,0,0,0,4,4,0,unchanged
I00010,Real_Estate,2017,AA,AA,0,0,0,0,6,6,0,unchanged
I00011,Healthcare,2017,BBB,BBB,0,0,0,0,4,4,0,unchanged
I00012,Retail,2017,BB,BBB,1,0,0,-1,3,4,1,upgrade
I00014,Telecom,2017,BB,BB,0,0,0,0,3,3,0,unchanged
I00015,Telecom,2017,B,B,0,0,0,0,2,2,0,unchanged
I00016,Healthcare,2017,CCC,CCC,0,0,0,0,1,1,0,unchanged
I00017,Retail,2017,CCC,CCC,0,0,0,0,1,1,0,unchanged
I00018,Consumer,2017,BB,BB,0,0,0,0,3,3,0,unchanged
I00019,Utilities,2017,A,A,0,0,0,0,5,5,0,unchanged
I00020,Healthcare,2017,CCC,B,1,0,0,-1,1,2,1,upgrade
I00021,Financials,2017,BB,BB,0,0,0,0,3,3,0,unchanged
I00022,Consumer,2017,B,D,0,0,1,2,2,0,-2,default
I00025,Retail,2017,AAA,AAA,0,0,0,0,7,7,0,unchanged
I00027,Healthcare,2017,B,D,0,0,1,2,2,0,-2,default
I00028,Telecom,2017,BBB,BBB,0,0,0,0,4,4,0,unchanged
I00029,Energy,2017,BB,B,0,1,0,1,3,2,-1,downgrade
I00030,Utilities,2017,B,CCC,0,1,0,1,2,1,-1,downgrade
I00031,Utilities,2017,A,A,0,0,0,0,5,5,0,unchanged
I00032,Healthcare,2017,B,B,0,0,0,0,2,2,0,unchanged
I00033,Energy,2017,BBB,BBB,0,0,0,0,4,4,0,unchanged
I00034,Financials,2017,CCC,CCC,0,0,0,0,1,1,0,unchanged
I00036,Real_Estate,2017,A,BBB,0,1,0,1,5,4,-1,downgrade
I00037,Retail,2017,BB,BB,0,0,0,0,3,3,0,unchanged
I00038,Telecom,2017,A,A,0,0,0,0,5,5,0,unchanged
I00039,Energy,2017,B,B,0,0,0,0,2,2,0,unchanged
I00040,Utilities,2017,BBB,BBB,0,0,0,0,4,4,0,unchanged
I00041,Energy,2017,B,B,0,0,0,0,2,2,0,unchanged
I00042,Financials,2017,BBB,BBB,0,0,0,0,4,4,0,unchanged
I00043,Healthcare,2017,BBB,BBB,0,0,0,0,4,4,0,unchanged
I00044,Telecom,2017,BB,BB,0,0,0,0,3,3,0,unchanged
I00045,Technology,2017,AA,AA,0,0,0,0,6,6,0,unchanged
I00046,Energy,2017,AAA,AAA,0,0,0,0,7,7,0,unchanged
I00047,Energy,2017,AA,AA,0,0,0,0,6,6,0,unchanged
I00048,Healthcare,2017,BB,BB,0,0,0,0,3,3,0,unchanged
I00049,Telecom,2017,BBB,A,1,0,0,-1,4,5,1,upgrade
I00050,Technology,2017,BB,BB,0,0,0,0,3,3,0,unchanged
I00051,Financials,2017,AAA,AAA,0,0,0,0,7,7,0,unchanged
I00052,Consumer,2017,B,B,0,0,0,0,2,2,0,unchanged
I00053,Industrials,2017,BBB,BBB,0,0,0,0,4,4,0,unchanged
I00054,Industrials,2017,B,B,0,0,0,0,2,2,0,unchanged
I00055,Financials,2017,A,A,0,0,0,0,5,5,0,unchanged
I00056,Industrials,2017,BBB,BBB,0,0,0,0,4,4,0,unchanged
I00057,Utilities,2017,BB,BB,0,0,0,0,3,3,0,unchanged
I00058,Real_Estate,2017,BBB,BBB,0,0,0,0,4,4,0,unchanged
I00059,Consumer,2017,B,CCC,0,1,0,1,2,1,-1,downgrade
I00060,Healthcare,2017,BB,BB,0,0,0,0,3,3,0,unchanged
I00061,Energy,2017,B,B,0,0,0,0,2,2,0,unchanged
I00062,Real_Estate,2017,B,B,0,0,0,0,2,2,0,unchanged
I00064,Healthcare,2017,B,AA,1,0,0,-4,2,6,4,upgrade
I00066,Industrials,2017,B,B,0,0,0,0,2,2,0,unchanged
I00067,Consumer,2017,BBB,BBB,0,0,0,0,4,4,0,unchanged
I00068,Technology,2017,BBB,BBB,0,0,0,0,4,4,0,unchanged
I00069,Real_Estate,2017,A,A,0,0,0,0,5,5,0,unchanged
I00070,Utilities,2017,CCC,B,1,0,0,-1,1,2,1,upgrade
I00071,Real_Estate,2017,BBB,BBB,0,0,0,0,4,4,0,unchanged
I00072,Financials,2017,AA,AA,0,0,0,0,6,6,0,unchanged
I00073,Energy,2017,B,B,0,0,0,0,2,2,0,unchanged
I00074,Energy,2017,B,D,0,0,1,2,2,0,-2,default
I00075,Retail,2017,BB,BB,0,0,0,0,3,3,0,unchanged
I00076,Energy,2017,BBB,BBB,0,0,0,0,4,4,0,unchanged
I00077,Consumer,2017,BBB,BBB,0,0,0,0,4,4,0,unchanged
I00078,Utilities,2017,AAA,AAA,0,0,0,0,7,7,0,unchanged
I00081,Utilities,2017,B,B,0,0,0,0,2,2,0,unchanged
I00082,Utilities,2017,A,A,0,0,0,0,5,5,0,unchanged
I00083,Industrials,2017,BBB,BBB,0,0,0,0,4,4,0,unchanged
I00084,Retail,2017,BB,BB,0,0,0,0,3,3,0,unchanged
I00085,Industrials,2017,A,A,0,0,0,0,5,5,0,unchanged
I00086,Consumer,2017,A,A,0,0,0,0,5,5,0,unchanged
I00088,Financials,2017,BB,B,0,1,0,1,3,2,-1,downgrade
I00090,Utilities,2017,BBB,BBB,0,0,0,0,4,4,0,unchanged
I00091,Industrials,2017,B,CCC,0,1,0,1,2,1,-1,downgrade
I00092,Financials,2017,AA,AA,0,0,0,0,6,6,0,unchanged
I00093,Energy,2017,B,B,0,0,0,0,2,2,0,unchanged
I00094,Retail,2017,AA,AA,0,0,0,0,6,6,0,unchanged
I00096,Industrials,2017,A,A,0,0,0,0,5,5,0,unchanged
I00097,Retail,2017,BB,B,0,1,0,1,3,2,-1,downgrade
I00098,Energy,2017,AA,AA,0,0,0,0,6,6,0,unchanged
I00099,Technology,2017,A,A,0,0,0,0,5,5,0,unchanged
I00100,Telecom,2017,BBB,BBB,0,0,0,0,4,4,0,unchanged
I00101,Retail,2017,AA,AA,0,0,0,0,6,6,0,unchanged
I00102,Utilities,2017,B,BB,1,0,0,-1,2,3,1,upgrade
I00103,Consumer,2017,AA,AA,0,0,0,0,6,6,0,unchanged
I00104,Consumer,2017,B,B,0,0,0,0,2,2,0,unchanged
I00105,Healthcare,2017,AA,A,0,1,0,1,6,5,-1,downgrade
I00106,Financials,2017,A,A,0,0,0,0,5,5,0,unchanged
I00107,Retail,2017,AA,AA,0,0,0,0,6,6,0,unchanged
I00108,Telecom,2017,BBB,BBB,0,0,0,0,4,4,0,unchanged
I00109,Retail,2017,BB,BB,0,0,0,0,3,3,0,unchanged
I00110,Utilities,2017,BBB,BBB,0,0,0,0,4,4,0,unchanged
I00111,Industrials,2017,A,A,0,0,0,0,5,5,0,unchanged
I00112,Energy,2017,BB,BB,0,0,0,0,3,3,0,unchanged
I00113,Technology,2017,BBB,BB,0,1,0,1,4,3,-1,downgrade
I00114,Telecom,2017,BBB,BBB,0,0,0,0,4,4,0,unchanged
I00115,Technology,2017,B,B,0,0,0,0,2,2,0,unchanged
I00116,Real_Estate,2017,A,A,0,0,0,0,5,5,0,unchanged
I00117,Telecom,2017,BB,BB,0,0,0,0,3,3,0,unchanged
I00118,Industrials,2017,B,BB,1,0,0,-1,2,3,1,upgrade
I00119,Utilities,2017,A,A,0,0,0,0,5,5,0,unchanged
I00120,Utilities,2017,BBB,BBB,0,0,0,0,4,4,0,unchanged
I00121,Industrials,2017,BBB,BBB,0,0,0,0,4,4,0,unchanged
I00122,Telecom,2017,BB,BB,0,0,0,0,3,3,0,unchanged
I00123,Healthcare,2017,A,A,0,0,0,0,5,5,0,unchanged
I00124,Industrials,2017,B,BBB,1,0,0,-2,2,4,2,upgrade
I00125,Utilities,2017,B,B,0,0,0,0,2,2,0,unchanged
I00126,Technology,2017,A,A,0,0,0,0,5,5,0,unchanged
I00127,Utilities,2017,B,B,0,0,0,0,2,2,0,unchanged
I00128,Healthcare,2017,CCC,CCC,0,0,0,0,1,1,0,unchanged
I00129,Telecom,2017,B,B,0,0,0,0,2,2,0,unchanged
I00130,Consumer,2017,BBB,BBB,0,0,0,0,4,4,0,unchanged
I00131,Real_Estate,2017,A,A,0,0,0,0,5,5,0,unchanged
I00132,Retail,2017,BB,B,0,1,0,1,3,2,-1,downgrade
I00133,Real_Estate,2017,A,A,0,0,0,0,5,5,0,unchanged
I00134,Healthcare,2017,A,A,0,0,0,0,5,5,0,unchanged
I00135,Technology,2017,A,A,0,0,0,0,5,5,0,unchanged
I00136,Consumer,2017,B,B,0,0,0,0,2,2,0,unchanged
I00137,Financials,2017,A,A,0,0,0,0,5,5,0,unchanged
I00138,Telecom,2017,B,B,0,0,0,0,2,2,0,unchanged
I00139,Telecom,2017,BB,BB,0,0,0,0,3,3,0,unchanged
I00140,Consumer,2017,AA,AA,0,0,0,0,6,6,0,unchanged
I00141,Energy,2017,BB,BB,0,0,0,0,3,3,0,unchanged
I00142,Telecom,2017,BBB,BBB,0,0,0,0,4,4,0,unchanged
I00143,Retail,2017,B,B,0,0,0,0,2,2,0,unchanged
I00144,Financials,2017,A,A,0,0,0,0,5,5,0,unchanged
I00145,Financials,2017,BBB,A,1,0,0,-1,4,5,1,upgrade
I00146,Technology,2017,AA,AA,0,0,0,0,6,6,0,unchanged
I00147,Real_Estate,2017,A,A,0,0,0,0,5,5,0,unchanged
I00148,Retail,2017,A,A,0,0,0,0,5,5,0,unchanged
I00149,Financials,2017,BBB,BBB,0,0,0,0,4,4,0,unchanged
I00150,Retail,2017,BB,BB,0,0,0,0,3,3,0,unchanged
I00151,Healthcare,2017,B,B,0,0,0,0,2,2,0,unchanged
I00152,Energy,2017,BBB,BBB,0,0,0,0,4,4,0,unchanged
I00153,Financials,2017,A,A,0,0,0,0,5,5,0,unchanged
I00154,Energy,2017,B,B,0,0,0,0,2,2,0,unchanged
I00155,Energy,2017,BBB,BBB,0,0,0,0,4,4,0,unchanged
I00156,Telecom,2017,BBB,BBB,0,0,0,0,4,4,0,unchanged
I00157,Retail,2017,A,A,0,0,0,0,5,5,0,unchanged
I00158,Financials,2017,A,A,0,0,0,0,5,5,0,unchanged
I00159,Consumer,2017,A,A,0,0,0,0,5,5,0,unchanged
I00160,Consumer,2017,BBB,BBB,0,0,0,0,4,4,0,unchanged
I00161,Technology,2017,BBB,BBB,0,0,0,0,4,4,0,unchanged
I00162,Real_Estate,2017,BB,BB,0,0,0,0,3,3,0,unchanged
I00164,Consumer,2017,BBB,BBB,0,0,0,0,4,4,0,unchanged
I00165,Healthcare,2017,BBB,BBB,0,0,0,0,4,4,0,unchanged
I00166,Telecom,2017,BB,BB,0,0,0,0,3,3,0,unchanged
I00167,Utilities,2017,B,B,0,0,0,0,2,2,0,unchanged
I00168,Utilities,2017,B,B,0,0,0,0,2,2,0,unchanged
I00169,Technology,2017,AA,AA,0,0,0,0,6,6,0,unchanged
I00171,Utilities,2017,A,A,0,0,0,0,5,5,0,unchanged
I00172,Technology,2017,BB,BB,0,0,0,0,3,3,0,unchanged
I00173,Healthcare,2017,B,B,0,0,0,0,2,2,0,unchanged
I00174,Utilities,2017,BB,B,0,1,0,1,3,2,-1,downgrade
I00175,Technology,2017,BBB,BBB,0,0,0,0,4,4,0,unchanged
I00176,Consumer,2017,BB,BB,0,0,0,0,3,3,0,unchanged
I00177,Energy,2017,CCC,CCC,0,0,0,0,1,1,0,unchanged
I00178,Telecom,2017,CCC,CCC,0,0,0,0,1,1,0,unchanged
I00179,Consumer,2017,A,AA,1,0,0,-1,5,6,1,upgrade
I00181,Industrials,2017,BB,D,0,0,1,3,3,0,-3,default
I00182,Consumer,2017,BBB,BBB,0,0,0,0,4,4,0,unchanged
I00183,Financials,2017,BB,BB,0,0,0,0,3,3,0,unchanged
I00184,Telecom,2017,B,B,0,0,0,0,2,2,0,unchanged
I00185,Retail,2017,BBB,BBB,0,0,0,0,4,4,0,unchanged
I00186,Energy,2017,BBB,BBB,0,0,0,0,4,4,0,unchanged
I00187,Utilities,2017,AA,AA,0,0,0,0,6,6,0,unchanged
I00188,Telecom,2017,B,B,0,0,0,0,2,2,0,unchanged
I00189,Telecom,2017,B,B,0,0,0,0,2,2,0,unchanged
I00190,Industrials,2017,B,B,0,0,0,0,2,2,0,unchanged
I00191,Technology,2017,A,A,0,0,0,0,5,5,0,unchanged
I00193,Industrials,2017,BB,B,0,1,0,1,3,2,-1,downgrade
I00194,Industrials,2017,BB,BB,0,0,0,0,3,3,0,unchanged
I00195,Healthcare,2017,B,B,0,0,0,0,2,2,0,unchanged
I00196,Financials,2017,B,B,0,0,0,0,2,2,0,unchanged
I00197,Industrials,2017,BBB,BBB,0,0,0,0,4,4,0,unchanged
I00198,Healthcare,2017,BBB,BBB,0,0,0,0,4,4,0,unchanged
I00199,Healthcare,2017,BB,BB,0,0,0,0,3,3,0,unchanged
I00200,Retail,2017,BBB,BBB,0,0,0,0,4,4,0,unchanged
I00201,Telecom,2017,BBB,BBB,0,0,0,0,4,4,0,unchanged
I00202,Utilities,2017,BB,BBB,1,0,0,-1,3,4,1,upgrade
I00203,Financials,2017,A,A,0,0,0,0,5,5,0,unchanged
I00204,Energy,2017,BB,BB,0,0,0,0,3,3,0,unchanged
I00205,Healthcare,2017,CCC,D,0,0,1,1,1,0,-1,default
I00206,Industrials,2017,A,A,0,0,0,0,5,5,0,unchanged
I00207,Retail,2017,BBB,BBB,0,0,0,0,4,4,0,unchanged
I00208,Healthcare,2017,BBB,BBB,0,0,0,0,4,4,0,unchanged
I00209,Utilities,2017,B,B,0,0,0,0,2,2,0,unchanged
I00210,Telecom,2017,BBB,BBB,0,0,0,0,4,4,0,unchanged
I00211,Healthcare,2017,BBB,BBB,0,0,0,0,4,4,0,unchanged
I00212,Healthcare,2017,BB,BB,0,0,0,0,3,3,0,unchanged
I00213,Retail,2017,AA,AA,0,0,0,0,6,6,0,unchanged
I00214,Energy,2017,A,A,0,0,0,0,5,5,0,unchanged
I00215,Energy,2017,A,A,0,0,0,0,5,5,0,unchanged
I00216,Technology,2017,A,A,0,0,0,0,5,5,0,unchanged
I00217,Consumer,2017,B,B,0,0,0,0,2,2,0,unchanged
I00218,Telecom,2017,BB,BB,0,0,0,0,3,3,0,unchanged
I00219,Telecom,2017,A,A,0,0,0,0,5,5,0,unchanged
I00220,Utilities,2017,A,A,0,0,0,0,5,5,0,unchanged
I00221,Retail,2017,BB,BB,0,0,0,0,3,3,0,unchanged
I00224,Financials,2017,A,A,0,0,0,0,5,5,0,unchanged
I00225,Financials,2017,AA,AA,0,0,0,0,6,6,0,unchanged
I00226,Industrials,2017,B,B,0,0,0,0,2,2,0,unchanged
I00227,Technology,2017,B,B,0,0,0,0,2,2,0,unchanged
I00228,Utilities,2017,A,A,0,0,0,0,5,5,0,unchanged
I00229,Telecom,2017,BBB,BBB,0,0,0,0,4,4,0,unchanged
I00230,Industrials,2017,BBB,BBB,0,0,0,0,4,4,0,unchanged
I00231,Retail,2017,A,A,0,0,0,0,5,5,0,unchanged
I00232,Industrials,2017,CCC,D,0,0,1,1,1,0,-1,default
I00233,Healthcare,2017,B,B,0,0,0,0,2,2,0,unchanged
I00234,Real_Estate,2017,A,A,0,0,0,0,5,5,0,unchanged
I00235,Healthcare,2017,BB,BB,0,0,0,0,3,3,0,unchanged
I00236,Healthcare,2017,BBB,BBB,0,0,0,0,4,4,0,unchanged
I00237,Financials,2017,AA,AA,0,0,0,0,6,6,0,unchanged
I00238,Healthcare,2017,CCC,B,1,0,0,-1,1,2,1,upgrade
I00239,Industrials,2017,A,A,0,0,0,0,5,5,0,unchanged
I00240,Real_Estate,2017,A,A,0,0,0,0,5,5,0,unchanged
I00241,Healthcare,2017,A,A,0,0,0,0,5,5,0,unchanged
I00242,Telecom,2017,B,B,0,0,0,0,2,2,0,unchanged
I00243,Telecom,2017,BBB,BBB,0,0,0,0,4,4,0,unchanged
I00244,Real_Estate,2017,B,B,0,0,0,0,2,2,0,unchanged
I00245,Telecom,2017,BB,BB,0,0,0,0,3,3,0,unchanged
I00246,Technology,2017,BB,BBB,1,0,0,-1,3,4,1,upgrade
I00247,Industrials,2017,BB,BB,0,0,0,0,3,3,0,unchanged
I00248,Telecom,2017,A,A,0,0,0,0,5,5,0,unchanged
I00250,Industrials,2017,AA,AA,0,0,0,0,6,6,0,unchanged
I00251,Consumer,2017,BBB,A,1,0,0,-1,4,5,1,upgrade
I00252,Utilities,2017,BBB,AA,1,0,0,-2,4,6,2,upgrade
I00253,Telecom,2017,AA,AA,0,0,0,0,6,6,0,unchanged
I00254,Real_Estate,2017,BB,BB,0,0,0,0,3,3,0,unchanged
I00255,Consumer,2017,B,B,0,0,0,0,2,2,0,unchanged
I00256,Telecom,2017,BBB,A,1,0,0,-1,4,5,1,upgrade
I00257,Utilities,2017,BB,BB,0,0,0,0,3,3,0,unchanged
I00258,Real_Estate,2017,A,A,0,0,0,0,5,5,0,unchanged
I00259,Telecom,2017,B,B,0,0,0,0,2,2,0,unchanged
I00260,Healthcare,2017,B,CCC,0,1,0,1,2,1,-1,downgrade
I00261,Utilities,2017,A,A,0,0,0,0,5,5,0,unchanged
I00262,Technology,2017,AAA,AAA,0,0,0,0,7,7,0,unchanged
I00263,Energy,2017,BB,BBB,1,0,0,-1,3,4,1,upgrade
I00264,Telecom,2017,AAA,AAA,0,0,0,0,7,7,0,unchanged
I00265,Real_Estate,2017,BBB,BBB,0,0,0,0,4,4,0,unchanged
I00266,Real_Estate,2017,BB,BB,0,0,0,0,3,3,0,unchanged
I00267,Healthcare,2017,A,A,0,0,0,0,5,5,0,unchanged
I00268,Telecom,2017,AA,AA,0,0,0,0,6,6,0,unchanged
I00270,Utilities,2017,BB,BB,0,0,0,0,3,3,0,unchanged
I00271,Retail,2017,BB,BB,0,0,0,0,3,3,0,unchanged
I00272,Consumer,2017,BB,BB,0,0,0,0,3,3,0,unchanged
I00273,Energy,2017,BBB,BBB,0,0,0,0,4,4,0,unchanged
I00274,Consumer,2017,B,B,0,0,0,0,2,2,0,unchanged
I00275,Financials,2017,B,B,0,0,0,0,2,2,0,unchanged
I00276,Financials,2017,B,B,0,0,0,0,2,2,0,unchanged
I00277,Retail,2017,BBB,BBB,0,0,0,0,4,4,0,unchanged
I00278,Retail,2017,B,CCC,0,1,0,1,2,1,-1,downgrade
I00279,Financials,2017,BB,BB,0,0,0,0,3,3,0,unchanged
I00280,Utilities,2017,AA,AA,0,0,0,0,6,6,0,unchanged
I00281,Utilities,2017,AAA,AAA,0,0,0,0,7,7,0,unchanged
I00282,Healthcare,2017,B,B,0,0,0,0,2,2,0,unchanged
I00283,Healthcare,2017,AA,AA,0,0,0,0,6,6,0,unchanged
I00284,Healthcare,2017,CCC,CCC,0,0,0,0,1,1,0,unchanged
I00285,Energy,2017,BBB,BBB,0,0,0,0,4,4,0,unchanged
I00287,Energy,2017,BBB,BBB,0,0,0,0,4,4,0,unchanged
I00288,Technology,2017,BBB,BBB,0,0,0,0,4,4,0,unchanged
I00289,Industrials,2017,BBB,BBB,0,0,0,0,4,4,0,unchanged
I00290,Retail,2017,BB,A,1,0,0,-2,3,5,2,upgrade
I00291,Energy,2017,AA,AA,0,0,0,0,6,6,0,unchanged
I00292,Energy,2017,BBB,BBB,0,0,0,0,4,4,0,unchanged
I00293,Industrials,2017,A,A,0,0,0,0,5,5,0,unchanged
I00294,Financials,2017,BBB,BBB,0,0,0,0,4,4,0,unchanged
I00295,Financials,2017,BBB,BBB,0,0,0,0,4,4,0,unchanged
I00296,Technology,2017,BB,BBB,1,0,0,-1,3,4,1,upgrade
I00297,Telecom,2017,BBB,BB,0,1,0,1,4,3,-1,downgrade
I00298,Utilities,2017,BBB,BBB,0,0,0,0,4,4,0,unchanged
I00299,Financials,2017,A,A,0,0,0,0,5,5,0,unchanged
I00300,Real_Estate,2017,BB,BB,0,0,0,0,3,3,0,unchanged
I00301,Healthcare,2017,B,B,0,0,0,0,2,2,0,unchanged
I00302,Utilities,2017,BBB,BBB,0,0,0,0,4,4,0,unchanged
I00303,Financials,2017,AA,AA,0,0,0,0,6,6,0,unchanged
I00304,Financials,2017,A,A,0,0,0,0,5,5,0,unchanged
I00305,Consumer,2017,B,D,0,0,1,2,2,0,-2,default
I00306,Telecom,2017,CCC,CCC,0,0,0,0,1,1,0,unchanged
I00308,Real_Estate,2017,BBB,BBB,0,0,0,0,4,4,0,unchanged
I00309,Energy,2017,A,A,0,0,0,0,5,5,0,unchanged
I00310,Healthcare,2017,A,A,0,0,0,0,5,5,0,unchanged
I00311,Real_Estate,2017,B,B,0,0,0,0,2,2,0,unchanged
I00312,Technology,2017,BBB,BBB,0,0,0,0,4,4,0,unchanged
I00313,Consumer,2017,A,A,0,0,0,0,5,5,0,unchanged
I00314,Industrials,2017,AAA,AAA,0,0,0,0,7,7,0,unchanged
I00315,Industrials,2017,BB,BB,0,0,0,0,3,3,0,unchanged
I00316,Technology,2017,BB,BB,0,0,0,0,3,3,0,unchanged
I00318,Energy,2017,B,B,0,0,0,0,2,2,0,unchanged
I00319,Financials,2017,AA,AA,0,0,0,0,6,6,0,unchanged
I00320,Consumer,2017,BBB,BBB,0,0,0,0,4,4,0,unchanged
I00321,Healthcare,2017,A,A,0,0,0,0,5,5,0,unchanged
I00322,Technology,2017,B,B,0,0,0,0,2,2,0,unchanged
I00324,Financials,2017,B,B,0,0,0,0,2,2,0,unchanged
I00325,Retail,2017,A,A,0,0,0,0,5,5,0,unchanged
I00326,Telecom,2017,BBB,BBB,0,0,0,0,4,4,0,unchanged
I00327,Utilities,2017,A,A,0,0,0,0,5,5,0,unchanged
I00328,Real_Estate,2017,A,BBB,0,1,0,1,5,4,-1,downgrade
I00329,Technology,2017,AA,AA,0,0,0,0,6,6,0,unchanged
I00330,Industrials,2017,BBB,BBB,0,0,0,0,4,4,0,unchanged
I00331,Utilities,2017,CCC,CCC,0,0,0,0,1,1,0,unchanged
I00332,Telecom,2017,BB,BB,0,0,0,0,3,3,0,unchanged
I00333,Consumer,2017,BB,BB,0,0,0,0,3,3,0,unchanged
I00334,Utilities,2017,BBB,BBB,0,0,0,0,4,4,0,unchanged
I00335,Utilities,2017,BB,BB,0,0,0,0,3,3,0,unchanged
I00336,Utilities,2017,B,B,0,0,0,0,2,2,0,unchanged
I00337,Financials,2017,AA,AA,0,0,0,0,6,6,0,unchanged
I00338,Financials,2017,BBB,BBB,0,0,0,0,4,4,0,unchanged
I00339,Retail,2017,BBB,BB,0,1,0,1,4,3,-1,downgrade
I00340,Real_Estate,2017,BB,BB,0,0,0,0,3,3,0,unchanged
I00341,Financials,2017,BBB,BBB,0,0,0,0,4,4,0,unchanged
I00342,Technology,2017,BBB,BBB,0,0,0,0,4,4,0,unchanged
I00343,Consumer,2017,B,B,0,0,0,0,2,2,0,unchanged
I00344,Energy,2017,AA,AA,0,0,0,0,6,6,0,unchanged
I00345,Utilities,2017,BB,BB,0,0,0,0,3,3,0,unchanged
I00346,Industrials,2017,B,B,0,0,0,0,2,2,0,unchanged
I00347,Financials,2017,B,B,0,0,0,0,2,2,0,unchanged
I00348,Retail,2017,BBB,BBB,0,0,0,0,4,4,0,unchanged
I00349,Utilities,2017,BBB,BBB,0,0,0,0,4,4,0,unchanged
I00350,Healthcare,2017,B,B,0,0,0,0,2,2,0,unchanged
I00351,Technology,2017,AA,AA,0,0,0,0,6,6,0,unchanged
I00352,Utilities,2017,A,A,0,0,0,0,5,5,0,unchanged
I00353,Retail,2017,BB,BB,0,0,0,0,3,3,0,unchanged
I00354,Healthcare,2017,AA,AAA,1,0,0,-1,6,7,1,upgrade
I00355,Healthcare,2017,BB,BB,0,0,0,0,3,3,0,unchanged
I00356,Healthcare,2017,AA,AA,0,0,0,0,6,6,0,unchanged
I00357,Industrials,2017,A,A,0,0,0,0,5,5,0,unchanged
I00359,Consumer,2017,A,A,0,0,0,0,5,5,0,unchanged
I00360,Real_Estate,2017,B,B,0,0,0,0,2,2,0,unchanged
I00361,Healthcare,2017,B,B,0,0,0,0,2,2,0,unchanged
I00362,Industrials,2017,BBB,BBB,0,0,0,0,4,4,0,unchanged
I00363,Energy,2017,BBB,BBB,0,0,0,0,4,4,0,unchanged
I00366,Energy,2017,BB,B,0,1,0,1,3,2,-1,downgrade
I00367,Utilities,2017,BBB,BBB,0,0,0,0,4,4,0,unchanged
I00368,Healthcare,2017,BBB,BBB,0,0,0,0,4,4,0,unchanged
I00369,Healthcare,2017,BBB,BBB,0,0,0,0,4,4,0,unchanged
I00370,Utilities,2017,BBB,BBB,0,0,0,0,4,4,0,unchanged
I00371,Technology,2017,A,A,0,0,0,0,5,5,0,unchanged
I00372,Energy,2017,B,B,0,0,0,0,2,2,0,unchanged
I00373,Energy,2017,BB,BB,0,0,0,0,3,3,0,unchanged
I00374,Utilities,2017,BB,BB,0,0,0,0,3,3,0,unchanged
I00375,Retail,2017,A,A,0,0,0,0,5,5,0,unchanged
I00376,Industrials,2017,BB,BB,0,0,0,0,3,3,0,unchanged
I00377,Energy,2017,A,A,0,0,0,0,5,5,0,unchanged
I00378,Technology,2017,B,B,0,0,0,0,2,2,0,unchanged
I00379,Healthcare,2017,AA,AA,0,0,0,0,6,6,0,unchanged
I00380,Financials,2017,A,A,0,0,0,0,5,5,0,unchanged
I00381,Telecom,2017,A,A,0,0,0,0,5,5,0,unchanged
I00382,Energy,2017,BB,BB,0,0,0,0,3,3,0,unchanged
I00383,Financials,2017,B,B,0,0,0,0,2,2,0,unchanged
I00384,Healthcare,2017,BB,BB,0,0,0,0,3,3,0,unchanged
I00385,Industrials,2017,AAA,AA,0,1,0,1,7,6,-1,downgrade
I00386,Real_Estate,2017,BBB,BBB,0,0,0,0,4,4,0,unchanged
I00387,Financials,2017,BBB,BBB,0,0,0,0,4,4,0,unchanged
I00388,Retail,2017,B,B,0,0,0,0,2,2,0,unchanged
I00389,Healthcare,2017,B,B,0,0,0,0,2,2,0,unchanged
I00390,Consumer,2017,B,B,0,0,0,0,2,2,0,unchanged
I00391,Technology,2017,AA,A,0,1,0,1,6,5,-1,downgrade
I00392,Healthcare,2017,BBB,BBB,0,0,0,0,4,4,0,unchanged
I00393,Industrials,2017,BB,BB,0,0,0,0,3,3,0,unchanged
I00394,Technology,2017,BB,BB,0,0,0,0,3,3,0,unchanged
I00395,Healthcare,2017,BBB,BBB,0,0,0,0,4,4,0,unchanged
I00396,Industrials,2017,BB,BB,0,0,0,0,3,3,0,unchanged
I00397,Energy,2017,AA,AA,0,0,0,0,6,6,0,unchanged
I00398,Retail,2017,AA,AA,0,0,0,0,6,6,0,unchanged
I00399,Technology,2017,BBB,BBB,0,0,0,0,4,4,0,unchanged
I00400,Industrials,2017,BBB,BB,0,1,0,1,4,3,-1,downgrade
I00401,Utilities,2017,B,B,0,0,0,0,2,2,0,unchanged
I00403,Energy,2017,B,B,0,0,0,0,2,2,0,unchanged
I00404,Industrials,2017,B,B,0,0,0,0,2,2,0,unchanged
I00405,Retail,2017,B,B,0,0,0,0,2,2,0,unchanged
I00406,Financials,2017,B,B,0,0,0,0,2,2,0,unchanged
I00407,Energy,2017,A,A,0,0,0,0,5,5,0,unchanged
I00408,Financials,2017,BB,A,1,0,0,-2,3,5,2,upgrade
I00409,Technology,2017,A,A,0,0,0,0,5,5,0,unchanged
I00410,Energy,2017,B,B,0,0,0,0,2,2,0,unchanged
I00411,Retail,2017,BB,BB,0,0,0,0,3,3,0,unchanged
I00412,Industrials,2017,A,A,0,0,0,0,5,5,0,unchanged
I00414,Real_Estate,2017,B,B,0,0,0,0,2,2,0,unchanged
I00415,Healthcare,2017,CCC,D,0,0,1,1,1,0,-1,default
I00416,Energy,2017,BBB,BBB,0,0,0,0,4,4,0,unchanged
I00417,Consumer,2017,B,B,0,0,0,0,2,2,0,unchanged
I00419,Industrials,2017,A,A,0,0,0,0,5,5,0,unchanged
I00420,Telecom,2017,BBB,BBB,0,0,0,0,4,4,0,unchanged
I00421,Retail,2017,A,A,0,0,0,0,5,5,0,unchanged
I00422,Healthcare,2017,B,B,0,0,0,0,2,2,0,unchanged
I00424,Telecom,2017,AA,A,0,1,0,1,6,5,-1,downgrade
I00425,Healthcare,2017,BB,BB,0,0,0,0,3,3,0,unchanged
I00426,Telecom,2017,BB,B,0,1,0,1,3,2,-1,downgrade
I00427,Financials,2017,BB,BB,0,0,0,0,3,3,0,unchanged
I00428,Retail,2017,AA,AA,0,0,0,0,6,6,0,unchanged
I00429,Industrials,2017,BBB,BBB,0,0,0,0,4,4,0,unchanged
I00430,Financials,2017,BBB,A,1,0,0,-1,4,5,1,upgrade
I00431,Financials,2017,CCC,D,0,0,1,1,1,0,-1,default
I00432,Financials,2017,B,B,0,0,0,0,2,2,0,unchanged
I00433,Real_Estate,2017,A,A,0,0,0,0,5,5,0,unchanged
I00434,Consumer,2017,BB,B,0,1,0,1,3,2,-1,downgrade
I00435,Retail,2017,B,B,0,0,0,0,2,2,0,unchanged
I00437,Technology,2017,CCC,D,0,0,1,1,1,0,-1,default
I00438,Financials,2017,BB,BB,0,0,0,0,3,3,0,unchanged
I00440,Energy,2017,AA,AA,0,0,0,0,6,6,0,unchanged
I00441,Industrials,2017,BBB,BBB,0,0,0,0,4,4,0,unchanged
I00442,Consumer,2017,BBB,BBB,0,0,0,0,4,4,0,unchanged
I00443,Retail,2017,B,B,0,0,0,0,2,2,0,unchanged
I00444,Financials,2017,BB,BB,0,0,0,0,3,3,0,unchanged
I00445,Industrials,2017,BBB,BBB,0,0,0,0,4,4,0,unchanged
I00446,Financials,2017,B,B,0,0,0,0,2,2,0,unchanged
I00447,Retail,2017,A,A,0,0,0,0,5,5,0,unchanged
I00448,Energy,2017,B,B,0,0,0,0,2,2,0,unchanged
I00450,Healthcare,2017,B,B,0,0,0,0,2,2,0,unchanged
I00451,Energy,2017,AAA,AAA,0,0,0,0,7,7,0,unchanged
I00452,Industrials,2017,BBB,BBB,0,0,0,0,4,4,0,unchanged
I00453,Energy,2017,BBB,BBB,0,0,0,0,4,4,0,unchanged
I00454,Financials,2017,BBB,BBB,0,0,0,0,4,4,0,unchanged
I00455,Financials,2017,BB,BB,0,0,0,0,3,3,0,unchanged
I00457,Industrials,2017,BB,B,0,1,0,1,3,2,-1,downgrade
I00458,Telecom,2017,BB,BBB,1,0,0,-1,3,4,1,upgrade
I00460,Telecom,2017,AAA,AAA,0,0,0,0,7,7,0,unchanged
I00461,Energy,2017,BB,BBB,1,0,0,-1,3,4,1,upgrade
I00462,Real_Estate,2017,A,A,0,0,0,0,5,5,0,unchanged
I00463,Financials,2017,BBB,BBB,0,0,0,0,4,4,0,unchanged
I00464,Healthcare,2017,A,A,0,0,0,0,5,5,0,unchanged
I00465,Energy,2017,AAA,AAA,0,0,0,0,7,7,0,unchanged
I00466,Energy,2017,BBB,BBB,0,0,0,0,4,4,0,unchanged
I00467,Financials,2017,A,A,0,0,0,0,5,5,0,unchanged
I00468,Technology,2017,A,A,0,0,0,0,5,5,0,unchanged
I00469,Real_Estate,2017,AA,AA,0,0,0,0,6,6,0,unchanged
I00470,Financials,2017,BBB,BBB,0,0,0,0,4,4,0,unchanged
I00471,Energy,2017,B,B,0,0,0,0,2,2,0,unchanged
I00472,Retail,2017,B,B,0,0,0,0,2,2,0,unchanged
I00473,Industrials,2017,B,D,0,0,1,2,2,0,-2,default
I00474,Technology,2017,B,B,0,0,0,0,2,2,0,unchanged
I00475,Telecom,2017,BBB,BBB,0,0,0,0,4,4,0,unchanged
I00476,Utilities,2017,BBB,BBB,0,0,0,0,4,4,0,unchanged
I00477,Technology,2017,A,A,0,0,0,0,5,5,0,unchanged
I00478,Healthcare,2017,BBB,BBB,0,0,0,0,4,4,0,unchanged
I00479,Consumer,2017,BBB,B,0,1,0,2,4,2,-2,downgrade
I00480,Industrials,2017,A,A,0,0,0,0,5,5,0,unchanged
I00482,Telecom,2017,BBB,BBB,0,0,0,0,4,4,0,unchanged
I00483,Utilities,2017,CCC,CCC,0,0,0,0,1,1,0,unchanged
I00484,Real_Estate,2017,BBB,A,1,0,0,-1,4,5,1,upgrade
I00485,Consumer,2017,BBB,B,0,1,0,2,4,2,-2,downgrade
I00486,Utilities,2017,BB,BB,0,0,0,0,3,3,0,unchanged
I00487,Consumer,2017,BBB,BBB,0,0,0,0,4,4,0,unchanged
I00488,Utilities,2017,BBB,BBB,0,0,0,0,4,4,0,unchanged
I00489,Industrials,2017,B,B,0,0,0,0,2,2,0,unchanged
I00490,Utilities,2017,A,A,0,0,0,0,5,5,0,unchanged
I00491,Utilities,2017,BB,BB,0,0,0,0,3,3,0,unchanged
I00492,Financials,2017,BB,BB,0,0,0,0,3,3,0,unchanged
I00493,Industrials,2017,BB,BB,0,0,0,0,3,3,0,unchanged
I00494,Utilities,2017,BB,BB,0,0,0,0,3,3,0,unchanged
I00495,Financials,2017,BBB,A,1,0,0,-1,4,5,1,upgrade
I00496,Energy,2017,BBB,BBB,0,0,0,0,4,4,0,unchanged
I00497,Industrials,2017,B,B,0,0,0,0,2,2,0,unchanged
I00498,Utilities,2017,BBB,BBB,0,0,0,0,4,4,0,unchanged
I00499,Real_Estate,2017,BB,B,0,1,0,1,3,2,-1,downgrade
I00500,Financials,2017,CCC,B,1,0,0,-1,1,2,1,upgrade
I00502,Consumer,2017,AA,AA,0,0,0,0,6,6,0,unchanged
I00503,Telecom,2017,A,BBB,0,1,0,1,5,4,-1,downgrade
I00504,Retail,2017,CCC,CCC,0,0,0,0,1,1,0,unchanged
I00505,Financials,2017,B,B,0,0,0,0,2,2,0,unchanged
I00506,Utilities,2017,BB,BB,0,0,0,0,3,3,0,unchanged
I00507,Real_Estate,2017,A,A,0,0,0,0,5,5,0,unchanged
I00508,Industrials,2017,A,A,0,0,0,0,5,5,0,unchanged
I00509,Real_Estate,2017,BB,BB,0,0,0,0,3,3,0,unchanged
I00510,Consumer,2017,BB,BB,0,0,0,0,3,3,0,unchanged
I00511,Consumer,2017,B,B,0,0,0,0,2,2,0,unchanged
I00512,Financials,2017,BB,BB,0,0,0,0,3,3,0,unchanged
I00513,Financials,2017,AA,AA,0,0,0,0,6,6,0,unchanged
I00514,Technology,2017,B,B,0,0,0,0,2,2,0,unchanged
I00515,Retail,2017,B,B,0,0,0,0,2,2,0,unchanged
I00516,Consumer,2017,CCC,CCC,0,0,0,0,1,1,0,unchanged
I00517,Retail,2017,A,A,0,0,0,0,5,5,0,unchanged
I00518,Industrials,2017,BBB,BBB,0,0,0,0,4,4,0,unchanged
I00519,Telecom,2017,A,A,0,0,0,0,5,5,0,unchanged
I00520,Telecom,2017,BB,BB,0,0,0,0,3,3,0,unchanged
I00521,Telecom,2017,B,B,0,0,0,0,2,2,0,unchanged
I00522,Utilities,2017,A,A,0,0,0,0,5,5,0,unchanged
I00523,Utilities,2017,BBB,BBB,0,0,0,0,4,4,0,unchanged
I00524,Healthcare,2017,CCC,D,0,0,1,1,1,0,-1,default
I00525,Industrials,2017,B,B,0,0,0,0,2,2,0,unchanged
I00526,Utilities,2017,B,B,0,0,0,0,2,2,0,unchanged
I00527,Real_Estate,2017,BB,BB,0,0,0,0,3,3,0,unchanged
I00528,Real_Estate,2017,BBB,BBB,0,0,0,0,4,4,0,unchanged
I00529,Telecom,2017,BB,B,0,1,0,1,3,2,-1,downgrade
I00530,Healthcare,2017,B,B,0,0,0,0,2,2,0,unchanged
I00531,Technology,2017,AA,AA,0,0,0,0,6,6,0,unchanged
I00532,Consumer,2017,BBB,BBB,0,0,0,0,4,4,0,unchanged
I00533,Financials,2017,B,B,0,0,0,0,2,2,0,unchanged
I00534,Utilities,2017,BBB,BBB,0,0,0,0,4,4,0,unchanged
I00535,Healthcare,2017,A,A,0,0,0,0,5,5,0,unchanged
I00536,Financials,2017,BBB,BBB,0,0,0,0,4,4,0,unchanged
I00537,Financials,2017,B,B,0,0,0,0,2,2,0,unchanged
I00538,Retail,2017,B,B,0,0,0,0,2,2,0,unchanged
I00539,Telecom,2017,B,B,0,0,0,0,2,2,0,unchanged
I00540,Retail,2017,BB,AA,1,0,0,-3,3,6,3,upgrade
I00541,Telecom,2017,CCC,CCC,0,0,0,0,1,1,0,unchanged
I00542,Financials,2017,AA,AA,0,0,0,0,6,6,0,unchanged
I00543,Energy,2017,B,B,0,0,0,0,2,2,0,unchanged
I00544,Healthcare,2017,CCC,D,0,0,1,1,1,0,-1,default
I00545,Utilities,2017,BBB,BBB,0,0,0,0,4,4,0,unchanged
I00547,Real_Estate,2017,AA,AA,0,0,0,0,6,6,0,unchanged
I00548,Real_Estate,2017,AA,AA,0,0,0,0,6,6,0,unchanged
I00549,Financials,2017,BB,BB,0,0,0,0,3,3,0,unchanged
I00550,Consumer,2017,BBB,BBB,0,0,0,0,4,4,0,unchanged
I00551,Real_Estate,2017,BBB,BBB,0,0,0,0,4,4,0,unchanged
I00552,Retail,2017,BB,BB,0,0,0,0,3,3,0,unchanged
I00553,Healthcare,2017,AA,AA,0,0,0,0,6,6,0,unchanged
I00554,Consumer,2017,B,B,0,0,0,0,2,2,0,unchanged
I00555,Consumer,2017,AA,A,0,1,0,1,6,5,-1,downgrade
I00556,Consumer,2017,BBB,BBB,0,0,0,0,4,4,0,unchanged
I00557,Financials,2017,A,AA,1,0,0,-1,5,6,1,upgrade
I00558,Real_Estate,2017,B,B,0,0,0,0,2,2,0,unchanged
I00559,Telecom,2017,A,A,0,0,0,0,5,5,0,unchanged
I00560,Consumer,2017,A,A,0,0,0,0,5,5,0,unchanged
I00561,Financials,2017,AA,AA,0,0,0,0,6,6,0,unchanged
I00562,Financials,2017,B,BB,1,0,0,-1,2,3,1,upgrade
I00563,Telecom,2017,B,B,0,0,0,0,2,2,0,unchanged
I00564,Telecom,2017,BBB,BBB,0,0,0,0,4,4,0,unchanged
I00565,Technology,2017,BBB,BBB,0,0,0,0,4,4,0,unchanged
I00566,Healthcare,2017,BBB,A,1,0,0,-1,4,5,1,upgrade
I00567,Industrials,2017,A,A,0,0,0,0,5,5,0,unchanged
I00568,Consumer,2017,BB,BB,0,0,0,0,3,3,0,unchanged
I00569,Healthcare,2017,AA,AA,0,0,0,0,6,6,0,unchanged
I00571,Real_Estate,2017,A,A,0,0,0,0,5,5,0,unchanged
I00572,Energy,2017,BBB,BBB,0,0,0,0,4,4,0,unchanged
I00573,Industrials,2017,BB,BBB,1,0,0,-1,3,4,1,upgrade
I00574,Industrials,2017,A,A,0,0,0,0,5,5,0,unchanged
I00575,Retail,2017,BB,BB,0,0,0,0,3,3,0,unchanged
I00576,Industrials,2017,BB,BB,0,0,0,0,3,3,0,unchanged
I00577,Industrials,2017,BB,BB,0,0,0,0,3,3,0,unchanged
I00578,Industrials,2017,A,A,0,0,0,0,5,5,0,unchanged
I00579,Energy,2017,AA,AA,0,0,0,0,6,6,0,unchanged
I00580,Industrials,2017,A,A,0,0,0,0,5,5,0,unchanged
I00581,Retail,2017,BB,B,0,1,0,1,3,2,-1,downgrade
I00582,Healthcare,2017,BBB,BBB,0,0,0,0,4,4,0,unchanged
I00583,Financials,2017,CCC,CCC,0,0,0,0,1,1,0,unchanged
I00584,Retail,2017,A,A,0,0,0,0,5,5,0,unchanged
I00585,Utilities,2017,BBB,BBB,0,0,0,0,4,4,0,unchanged
I00586,Healthcare,2017,AA,AA,0,0,0,0,6,6,0,unchanged
I00587,Consumer,2017,B,B,0,0,0,0,2,2,0,unchanged
I00588,Financials,2017,A,A,0,0,0,0,5,5,0,unchanged
I00589,Technology,2017,BBB,BBB,0,0,0,0,4,4,0,unchanged
I00590,Healthcare,2017,AA,AA,0,0,0,0,6,6,0,unchanged
I00591,Real_Estate,2017,AA,AA,0,0,0,0,6,6,0,unchanged
I00592,Healthcare,2017,AAA,AAA,0,0,0,0,7,7,0,unchanged
I00593,Energy,2017,A,A,0,0,0,0,5,5,0,unchanged
I00594,Healthcare,2017,BBB,BBB,0,0,0,0,4,4,0,unchanged
I00595,Utilities,2017,BBB,BBB,0,0,0,0,4,4,0,unchanged
I00596,Real_Estate,2017,A,A,0,0,0,0,5,5,0,unchanged
I00597,Utilities,2017,A,A,0,0,0,0,5,5,0,unchanged
I00598,Healthcare,2017,BBB,BBB,0,0,0,0,4,4,0,unchanged
I00599,Healthcare,2017,AA,AA,0,0,0,0,6,6,0,unchanged
I00600,Energy,2017,BBB,BBB,0,0,0,0,4,4,0,unchanged
I00601,Utilities,2017,BB,BB,0,0,0,0,3,3,0,unchanged
I00602,Consumer,2017,AA,AA,0,0,0,0,6,6,0,unchanged
I00603,Financials,2017,AA,AA,0,0,0,0,6,6,0,unchanged
I00604,Technology,2017,A,D,0,0,1,5,5,0,-5,default
I00605,Telecom,2017,A,A,0,0,0,0,5,5,0,unchanged
I00606,Real_Estate,2017,B,B,0,0,0,0,2,2,0,unchanged
I00607,Retail,2017,B,B,0,0,0,0,2,2,0,unchanged
I00608,Industrials,2017,BBB,BBB,0,0,0,0,4,4,0,unchanged
I00609,Utilities,2017,AAA,AAA,0,0,0,0,7,7,0,unchanged
I00610,Utilities,2017,A,A,0,0,0,0,5,5,0,unchanged
I00611,Consumer,2017,BB,B,0,1,0,1,3,2,-1,downgrade
I00612,Technology,2017,A,A,0,0,0,0,5,5,0,unchanged
I00613,Technology,2017,A,A,0,0,0,0,5,5,0,unchanged
I00614,Industrials,2017,BBB,BBB,0,0,0,0,4,4,0,unchanged
I00615,Healthcare,2017,CCC,CCC,0,0,0,0,1,1,0,unchanged
I00616,Telecom,2017,BBB,A,1,0,0,-1,4,5,1,upgrade
I00617,Industrials,2017,B,B,0,0,0,0,2,2,0,unchanged
I00618,Retail,2017,B,B,0,0,0,0,2,2,0,unchanged
I00619,Utilities,2017,A,A,0,0,0,0,5,5,0,unchanged
I00620,Healthcare,2017,A,AA,1,0,0,-1,5,6,1,upgrade
I00621,Technology,2017,BBB,BBB,0,0,0,0,4,4,0,unchanged
I00622,Retail,2017,B,B,0,0,0,0,2,2,0,unchanged
I00625,Telecom,2017,BB,BB,0,0,0,0,3,3,0,unchanged
I00626,Utilities,2017,BBB,BBB,0,0,0,0,4,4,0,unchanged
I00627,Technology,2017,AA,AA,0,0,0,0,6,6,0,unchanged
I00628,Telecom,2017,BBB,BBB,0,0,0,0,4,4,0,unchanged
I00629,Industrials,2017,A,A,0,0,0,0,5,5,0,unchanged
I00630,Energy,2017,BBB,BBB,0,0,0,0,4,4,0,unchanged
I00631,Utilities,2017,BB,BB,0,0,0,0,3,3,0,unchanged
I00632,Industrials,2017,AA,A,0,1,0,1,6,5,-1,downgrade
I00633,Retail,2017,BB,BB,0,0,0,0,3,3,0,unchanged
I00635,Consumer,2017,BBB,B,0,1,0,2,4,2,-2,downgrade
I00636,Consumer,2017,BBB,BB,0,1,0,1,4,3,-1,downgrade
I00637,Consumer,2017,A,A,0,0,0,0,5,5,0,unchanged
I00638,Technology,2017,BBB,BBB,0,0,0,0,4,4,0,unchanged
I00639,Telecom,2017,B,B,0,0,0,0,2,2,0,unchanged
I00640,Telecom,2017,BBB,BBB,0,0,0,0,4,4,0,unchanged
I00641,Consumer,2017,BBB,BBB,0,0,0,0,4,4,0,unchanged
I00642,Industrials,2017,BBB,BBB,0,0,0,0,4,4,0,unchanged
I00643,Industrials,2017,AA,AA,0,0,0,0,6,6,0,unchanged
I00644,Utilities,2017,BBB,BBB,0,0,0,0,4,4,0,unchanged
I00646,Industrials,2017,BBB,BBB,0,0,0,0,4,4,0,unchanged
I00647,Real_Estate,2017,BB,BB,0,0,0,0,3,3,0,unchanged
I00648,Financials,2017,A,A,0,0,0,0,5,5,0,unchanged
I00649,Energy,2017,BBB,BBB,0,0,0,0,4,4,0,unchanged
I00650,Utilities,2017,CCC,B,1,0,0,-1,1,2,1,upgrade
I00651,Utilities,2017,A,AA,1,0,0,-1,5,6,1,upgrade
I00652,Technology,2017,BBB,BBB,0,0,0,0,4,4,0,unchanged
I00653,Telecom,2017,BB,BB,0,0,0,0,3,3,0,unchanged
I00654,Financials,2017,BB,BB,0,0,0,0,3,3,0,unchanged
I00655,Healthcare,2017,BBB,BBB,0,0,0,0,4,4,0,unchanged
I00656,Financials,2017,BBB,BBB,0,0,0,0,4,4,0,unchanged
I00657,Consumer,2017,B,D,0,0,1,2,2,0,-2,default
I00658,Telecom,2017,BBB,BBB,0,0,0,0,4,4,0,unchanged
I00659,Telecom,2017,BBB,BBB,0,0,0,0,4,4,0,unchanged
I00660,Industrials,2017,B,B,0,0,0,0,2,2,0,unchanged
I00661,Healthcare,2017,BBB,BBB,0,0,0,0,4,4,0,unchanged
I00662,Real_Estate,2017,B,B,0,0,0,0,2,2,0,unchanged
I00663,Technology,2017,AA,AA,0,0,0,0,6,6,0,unchanged
I00664,Healthcare,2017,A,A,0,0,0,0,5,5,0,unchanged
I00665,Financials,2017,BBB,BBB,0,0,0,0,4,4,0,unchanged
I00666,Telecom,2017,B,B,0,0,0,0,2,2,0,unchanged
I00667,Healthcare,2017,BBB,BBB,0,0,0,0,4,4,0,unchanged
I00668,Retail,2017,A,A,0,0,0,0,5,5,0,unchanged
I00669,Real_Estate,2017,A,A,0,0,0,0,5,5,0,unchanged
I00670,Healthcare,2017,A,A,0,0,0,0,5,5,0,unchanged
I00671,Retail,2017,A,A,0,0,0,0,5,5,0,unchanged
I00672,Retail,2017,B,B,0,0,0,0,2,2,0,unchanged
I00673,Healthcare,2017,BBB,BBB,0,0,0,0,4,4,0,unchanged
I00674,Retail,2017,BB,BB,0,0,0,0,3,3,0,unchanged
I00675,Telecom,2017,BB,BB,0,0,0,0,3,3,0,unchanged
I00676,Retail,2017,CCC,CCC,0,0,0,0,1,1,0,unchanged
I00677,Healthcare,2017,A,A,0,0,0,0,5,5,0,unchanged
I00678,Real_Estate,2017,BBB,BBB,0,0,0,0,4,4,0,unchanged
I00679,Consumer,2017,AA,AA,0,0,0,0,6,6,0,unchanged
I00680,Healthcare,2017,BB,BB,0,0,0,0,3,3,0,unchanged
I00681,Energy,2017,B,B,0,0,0,0,2,2,0,unchanged
I00682,Industrials,2017,BB,BBB,1,0,0,-1,3,4,1,upgrade
I00683,Utilities,2017,BB,BB,0,0,0,0,3,3,0,unchanged
I00684,Real_Estate,2017,A,A,0,0,0,0,5,5,0,unchanged
I00685,Real_Estate,2017,BB,BBB,1,0,0,-1,3,4,1,upgrade
I00686,Utilities,2017,B,B,0,0,0,0,2,2,0,unchanged
I00687,Telecom,2017,A,AA,1,0,0,-1,5,6,1,upgrade
I00688,Financials,2017,A,A,0,0,0,0,5,5,0,unchanged
I00691,Healthcare,2017,B,B,0,0,0,0,2,2,0,unchanged
I00692,Retail,2017,BB,BB,0,0,0,0,3,3,0,unchanged
I00693,Financials,2017,BB,BB,0,0,0,0,3,3,0,unchanged
I00694,Financials,2017,A,BBB,0,1,0,1,5,4,-1,downgrade
I00695,Real_Estate,2017,BBB,BBB,0,0,0,0,4,4,0,unchanged
I00696,Healthcare,2017,AAA,AAA,0,0,0,0,7,7,0,unchanged
I00697,Financials,2017,AA,A,0,1,0,1,6,5,-1,downgrade
I00698,Financials,2017,BB,BB,0,0,0,0,3,3,0,unchanged
I00699,Energy,2017,BB,BB,0,0,0,0,3,3,0,unchanged
I00700,Real_Estate,2017,BB,BBB,1,0,0,-1,3,4,1,upgrade
I00701,Technology,2017,B,B,0,0,0,0,2,2,0,unchanged
I00702,Telecom,2017,BBB,BBB,0,0,0,0,4,4,0,unchanged
I00703,Healthcare,2017,A,A,0,0,0,0,5,5,0,unchanged
I00704,Technology,2017,BBB,BBB,0,0,0,0,4,4,0,unchanged
I00705,Retail,2017,BBB,BBB,0,0,0,0,4,4,0,unchanged
I00706,Industrials,2017,B,B,0,0,0,0,2,2,0,unchanged
I00707,Financials,2017,A,A,0,0,0,0,5,5,0,unchanged
I00708,Financials,2017,AA,AA,0,0,0,0,6,6,0,unchanged
I00709,Consumer,2017,B,B,0,0,0,0,2,2,0,unchanged
I00710,Financials,2017,BBB,BBB,0,0,0,0,4,4,0,unchanged
I00711,Telecom,2017,A,A,0,0,0,0,5,5,0,unchanged
I00712,Retail,2017,BB,BB,0,0,0,0,3,3,0,unchanged
I00714,Technology,2017,A,A,0,0,0,0,5,5,0,unchanged
I00715,Healthcare,2017,BBB,BBB,0,0,0,0,4,4,0,unchanged
I00716,Energy,2017,BB,BB,0,0,0,0,3,3,0,unchanged
I00717,Technology,2017,A,A,0,0,0,0,5,5,0,unchanged
I00718,Retail,2017,A,A,0,0,0,0,5,5,0,unchanged
I00719,Consumer,2017,A,A,0,0,0,0,5,5,0,unchanged
I00720,Telecom,2017,A,A,0,0,0,0,5,5,0,unchanged
I00721,Utilities,2017,BB,BB,0,0,0,0,3,3,0,unchanged
I00722,Financials,2017,B,B,0,0,0,0,2,2,0,unchanged
I00723,Industrials,2017,CCC,CCC,0,0,0,0,1,1,0,unchanged
I00724,Consumer,2017,BBB,BBB,0,0,0,0,4,4,0,unchanged
I00725,Healthcare,2017,AA,AA,0,0,0,0,6,6,0,unchanged
I00726,Healthcare,2017,AA,AA,0,0,0,0,6,6,0,unchanged
I00727,Consumer,2017,B,BB,1,0,0,-1,2,3,1,upgrade
I00728,Energy,2017,BBB,A,1,0,0,-1,4,5,1,upgrade
I00729,Telecom,2017,BBB,BBB,0,0,0,0,4,4,0,unchanged
I00730,Healthcare,2017,B,D,0,0,1,2,2,0,-2,default
I00731,Utilities,2017,AA,AA,0,0,0,0,6,6,0,unchanged
I00732,Consumer,2017,BB,BB,0,0,0,0,3,3,0,unchanged
I00733,Energy,2017,BB,BBB,1,0,0,-1,3,4,1,upgrade
I00734,Utilities,2017,B,B,0,0,0,0,2,2,0,unchanged
I00735,Real_Estate,2017,B,B,0,0,0,0,2,2,0,unchanged
I00736,Healthcare,2017,BB,BB,0,0,0,0,3,3,0,unchanged
I00738,Healthcare,2017,BB,BB,0,0,0,0,3,3,0,unchanged
I00739,Telecom,2017,B,B,0,0,0,0,2,2,0,unchanged
I00740,Healthcare,2017,B,B,0,0,0,0,2,2,0,unchanged
I00741,Industrials,2017,B,B,0,0,0,0,2,2,0,unchanged
I00742,Consumer,2017,A,A,0,0,0,0,5,5,0,unchanged
I00743,Industrials,2017,B,D,0,0,1,2,2,0,-2,default
I00744,Real_Estate,2017,B,D,0,0,1,2,2,0,-2,default
I00745,Energy,2017,BBB,BBB,0,0,0,0,4,4,0,unchanged
I00746,Financials,2017,B,B,0,0,0,0,2,2,0,unchanged
I00747,Energy,2017,BBB,BBB,0,0,0,0,4,4,0,unchanged
I00748,Utilities,2017,BBB,BBB,0,0,0,0,4,4,0,unchanged
I00749,Telecom,2017,B,B,0,0,0,0,2,2,0,unchanged
I00750,Technology,2017,AA,AA,0,0,0,0,6,6,0,unchanged
I00751,Real_Estate,2017,A,A,0,0,0,0,5,5,0,unchanged
I00752,Retail,2017,AA,A,0,1,0,1,6,5,-1,downgrade
I00753,Industrials,2017,AA,AA,0,0,0,0,6,6,0,unchanged
I00754,Real_Estate,2017,A,A,0,0,0,0,5,5,0,unchanged
I00755,Retail,2017,A,A,0,0,0,0,5,5,0,unchanged
I00756,Financials,2017,BB,BB,0,0,0,0,3,3,0,unchanged
I00757,Industrials,2017,B,B,0,0,0,0,2,2,0,unchanged
I00758,Consumer,2017,BBB,BBB,0,0,0,0,4,4,0,unchanged
I00759,Telecom,2017,BBB,B,0,1,0,2,4,2,-2,downgrade
I00760,Retail,2017,CCC,CCC,0,0,0,0,1,1,0,unchanged
I00761,Telecom,2017,BBB,BBB,0,0,0,0,4,4,0,unchanged
I00762,Retail,2017,BBB,BBB,0,0,0,0,4,4,0,unchanged
I00763,Utilities,2017,B,BB,1,0,0,-1,2,3,1,upgrade
I00764,Technology,2017,BB,BBB,1,0,0,-1,3,4,1,upgrade
I00765,Industrials,2017,AA,AA,0,0,0,0,6,6,0,unchanged
I00766,Industrials,2017,A,A,0,0,0,0,5,5,0,unchanged
I00767,Telecom,2017,B,B,0,0,0,0,2,2,0,unchanged
I00768,Energy,2017,A,A,0,0,0,0,5,5,0,unchanged
I00769,Retail,2017,BBB,BBB,0,0,0,0,4,4,0,unchanged
I00770,Retail,2017,BBB,BBB,0,0,0,0,4,4,0,unchanged
I00771,Financials,2017,BBB,A,1,0,0,-1,4,5,1,upgrade
I00772,Technology,2017,BBB,BBB,0,0,0,0,4,4,0,unchanged
I00773,Industrials,2017,AA,AA,0,0,0,0,6,6,0,unchanged
I00774,Financials,2017,BBB,BBB,0,0,0,0,4,4,0,unchanged
I00775,Financials,2017,A,A,0,0,0,0,5,5,0,unchanged
I00776,Consumer,2017,AA,AA,0,0,0,0,6,6,0,unchanged
I00777,Utilities,2017,BB,BB,0,0,0,0,3,3,0,unchanged
I00778,Financials,2017,BBB,BBB,0,0,0,0,4,4,0,unchanged
I00779,Financials,2017,A,A,0,0,0,0,5,5,0,unchanged
I00780,Consumer,2017,AAA,AA,0,1,0,1,7,6,-1,downgrade
I00781,Industrials,2017,BB,BB,0,0,0,0,3,3,0,unchanged
I00782,Telecom,2017,BBB,BBB,0,0,0,0,4,4,0,unchanged
I00783,Utilities,2017,BB,BB,0,0,0,0,3,3,0,unchanged
I00784,Financials,2017,B,B,0,0,0,0,2,2,0,unchanged
I00785,Consumer,2017,B,B,0,0,0,0,2,2,0,unchanged
I00786,Healthcare,2017,AAA,AAA,0,0,0,0,7,7,0,unchanged
I00787,Industrials,2017,A,A,0,0,0,0,5,5,0,unchanged
I00788,Real_Estate,2017,BB,BB,0,0,0,0,3,3,0,unchanged
I00789,Utilities,2017,AAA,AA,0,1,0,1,7,6,-1,downgrade
I00790,Retail,2017,BB,BB,0,0,0,0,3,3,0,unchanged
I00791,Energy,2017,BBB,BBB,0,0,0,0,4,4,0,unchanged
I00792,Real_Estate,2017,AA,AA,0,0,0,0,6,6,0,unchanged
I00793,Consumer,2017,AA,A,0,1,0,1,6,5,-1,downgrade
I00794,Energy,2017,BB,BB,0,0,0,0,3,3,0,unchanged
I00795,Consumer,2017,A,A,0,0,0,0,5,5,0,unchanged
I00797,Telecom,2017,B,B,0,0,0,0,2,2,0,unchanged
I00798,Consumer,2017,BBB,BBB,0,0,0,0,4,4,0,unchanged
I00799,Industrials,2017,A,A,0,0,0,0,5,5,0,unchanged
I00800,Real_Estate,2017,B,B,0,0,0,0,2,2,0,unchanged
I00801,Telecom,2017,BB,BB,0,0,0,0,3,3,0,unchanged
I00802,Industrials,2017,BBB,BBB,0,0,0,0,4,4,0,unchanged
I00803,Retail,2017,AAA,AAA,0,0,0,0,7,7,0,unchanged
I00804,Healthcare,2017,A,A,0,0,0,0,5,5,0,unchanged
I00805,Real_Estate,2017,CCC,CCC,0,0,0,0,1,1,0,unchanged
I00806,Financials,2017,B,B,0,0,0,0,2,2,0,unchanged
I00807,Consumer,2017,BB,BB,0,0,0,0,3,3,0,unchanged
I00808,Energy,2017,BBB,BBB,0,0,0,0,4,4,0,unchanged
I00809,Healthcare,2017,B,B,0,0,0,0,2,2,0,unchanged
I00810,Technology,2017,BBB,B,0,1,0,2,4,2,-2,downgrade
I00811,Telecom,2017,A,A,0,0,0,0,5,5,0,unchanged
I00812,Utilities,2017,A,A,0,0,0,0,5,5,0,unchanged
I00813,Real_Estate,2017,A,A,0,0,0,0,5,5,0,unchanged
I00814,Financials,2017,BB,BB,0,0,0,0,3,3,0,unchanged
I00816,Telecom,2017,B,B,0,0,0,0,2,2,0,unchanged
I00817,Utilities,2017,B,CCC,0,1,0,1,2,1,-1,downgrade
I00818,Real_Estate,2017,B,B,0,0,0,0,2,2,0,unchanged
I00819,Real_Estate,2017,BBB,BBB,0,0,0,0,4,4,0,unchanged
I00820,Real_Estate,2017,BB,BB,0,0,0,0,3,3,0,unchanged
I00821,Consumer,2017,BBB,BBB,0,0,0,0,4,4,0,unchanged
I00822,Consumer,2017,BBB,BBB,0,0,0,0,4,4,0,unchanged
I00823,Consumer,2017,A,A,0,0,0,0,5,5,0,unchanged
I00824,Consumer,2017,BB,BB,0,0,0,0,3,3,0,unchanged
I00825,Consumer,2017,CCC,CCC,0,0,0,0,1,1,0,unchanged
I00826,Energy,2017,AA,AA,0,0,0,0,6,6,0,unchanged
I00828,Consumer,2017,A,A,0,0,0,0,5,5,0,unchanged
I00829,Industrials,2017,BB,BB,0,0,0,0,3,3,0,unchanged
I00830,Financials,2017,B,B,0,0,0,0,2,2,0,unchanged
I00831,Consumer,2017,BBB,BBB,0,0,0,0,4,4,0,unchanged
I00832,Telecom,2017,BBB,BBB,0,0,0,0,4,4,0,unchanged
I00833,Real_Estate,2017,AA,AA,0,0,0,0,6,6,0,unchanged
I00834,Industrials,2017,AAA,AAA,0,0,0,0,7,7,0,unchanged
I00835,Telecom,2017,AA,AA,0,0,0,0,6,6,0,unchanged
I00836,Financials,2017,A,A,0,0,0,0,5,5,0,unchanged
I00837,Utilities,2017,BB,BB,0,0,0,0,3,3,0,unchanged
I00838,Financials,2017,AA,AA,0,0,0,0,6,6,0,unchanged
I00839,Energy,2017,BBB,A,1,0,0,-1,4,5,1,upgrade
I00840,Industrials,2017,B,B,0,0,0,0,2,2,0,unchanged
I00841,Industrials,2017,B,B,0,0,0,0,2,2,0,unchanged
I00842,Retail,2017,AAA,AAA,0,0,0,0,7,7,0,unchanged
I00843,Industrials,2017,A,A,0,0,0,0,5,5,0,unchanged
I00844,Utilities,2017,CCC,B,1,0,0,-1,1,2,1,upgrade
I00845,Industrials,2017,AA,AA,0,0,0,0,6,6,0,unchanged
I00846,Utilities,2017,BB,BB,0,0,0,0,3,3,0,unchanged
I00847,Financials,2017,B,B,0,0,0,0,2,2,0,unchanged
I00848,Technology,2017,AA,AA,0,0,0,0,6,6,0,unchanged
I00850,Utilities,2017,A,A,0,0,0,0,5,5,0,unchanged
I00851,Industrials,2017,BBB,BBB,0,0,0,0,4,4,0,unchanged
I00852,Technology,2017,B,B,0,0,0,0,2,2,0,unchanged
I00853,Retail,2017,BB,BB,0,0,0,0,3,3,0,unchanged
I00854,Financials,2017,BB,BBB,1,0,0,-1,3,4,1,upgrade
I00855,Financials,2017,AA,AA,0,0,0,0,6,6,0,unchanged
I00856,Technology,2017,B,B,0,0,0,0,2,2,0,unchanged
I00857,Consumer,2017,BBB,BBB,0,0,0,0,4,4,0,unchanged
I00858,Consumer,2017,BBB,BBB,0,0,0,0,4,4,0,unchanged
I00859,Technology,2017,BBB,BBB,0,0,0,0,4,4,0,unchanged
I00860,Real_Estate,2017,CCC,CCC,0,0,0,0,1,1,0,unchanged
I00861,Utilities,2017,CCC,CCC,0,0,0,0,1,1,0,unchanged
I00862,Retail,2017,B,B,0,0,0,0,2,2,0,unchanged
I00863,Technology,2017,BBB,BBB,0,0,0,0,4,4,0,unchanged
I00864,Real_Estate,2017,BBB,BBB,0,0,0,0,4,4,0,unchanged
I00865,Consumer,2017,A,A,0,0,0,0,5,5,0,unchanged
I00866,Utilities,2017,A,A,0,0,0,0,5,5,0,unchanged
I00867,Energy,2017,BBB,BBB,0,0,0,0,4,4,0,unchanged
I00868,Retail,2017,A,A,0,0,0,0,5,5,0,unchanged
I00869,Retail,2017,B,B,0,0,0,0,2,2,0,unchanged
I00870,Energy,2017,B,B,0,0,0,0,2,2,0,unchanged
I00871,Real_Estate,2017,BBB,BBB,0,0,0,0,4,4,0,unchanged
I00872,Telecom,2017,B,D,0,0,1,2,2,0,-2,default
I00873,Financials,2017,BBB,A,1,0,0,-1,4,5,1,upgrade
I00874,Financials,2017,B,B,0,0,0,0,2,2,0,unchanged
I00875,Industrials,2017,A,A,0,0,0,0,5,5,0,unchanged
I00876,Energy,2017,B,B,0,0,0,0,2,2,0,unchanged
I00877,Real_Estate,2017,BBB,BBB,0,0,0,0,4,4,0,unchanged
I00878,Financials,2017,A,A,0,0,0,0,5,5,0,unchanged
I00879,Industrials,2017,A,A,0,0,0,0,5,5,0,unchanged
I00880,Retail,2017,BBB,BBB,0,0,0,0,4,4,0,unchanged
I00881,Energy,2017,BB,BB,0,0,0,0,3,3,0,unchanged
I00882,Financials,2017,B,B,0,0,0,0,2,2,0,unchanged
I00883,Real_Estate,2017,B,B,0,0,0,0,2,2,0,unchanged
I00884,Telecom,2017,AA,AA,0,0,0,0,6,6,0,unchanged
I00885,Technology,2017,A,A,0,0,0,0,5,5,0,unchanged
I00886,Telecom,2017,B,CCC,0,1,0,1,2,1,-1,downgrade
I00887,Technology,2017,BBB,BBB,0,0,0,0,4,4,0,unchanged
I00888,Technology,2017,BBB,BBB,0,0,0,0,4,4,0,unchanged
I00889,Retail,2017,A,A,0,0,0,0,5,5,0,unchanged
I00890,Energy,2017,A,A,0,0,0,0,5,5,0,unchanged
I00891,Industrials,2017,BBB,BBB,0,0,0,0,4,4,0,unchanged
I00892,Energy,2017,A,A,0,0,0,0,5,5,0,unchanged
I00893,Real_Estate,2017,BB,BBB,1,0,0,-1,3,4,1,upgrade
I00894,Energy,2017,A,A,0,0,0,0,5,5,0,unchanged
I00895,Real_Estate,2017,CCC,B,1,0,0,-1,1,2,1,upgrade
I00896,Telecom,2017,CCC,CCC,0,0,0,0,1,1,0,unchanged
I00897,Real_Estate,2017,AA,A,0,1,0,1,6,5,-1,downgrade
I00898,Retail,2017,BBB,BBB,0,0,0,0,4,4,0,unchanged
I00899,Telecom,2017,BBB,BB,0,1,0,1,4,3,-1,downgrade
I00900,Industrials,2017,BB,BB,0,0,0,0,3,3,0,unchanged
I00901,Energy,2017,B,B,0,0,0,0,2,2,0,unchanged
I00902,Healthcare,2017,BBB,BBB,0,0,0,0,4,4,0,unchanged
I00903,Consumer,2017,BB,BBB,1,0,0,-1,3,4,1,upgrade
I00904,Technology,2017,B,CCC,0,1,0,1,2,1,-1,downgrade
I00905,Technology,2017,B,B,0,0,0,0,2,2,0,unchanged
I00906,Financials,2017,BB,BB,0,0,0,0,3,3,0,unchanged
I00907,Healthcare,2017,BBB,BBB,0,0,0,0,4,4,0,unchanged
I00908,Financials,2017,A,BBB,0,1,0,1,5,4,-1,downgrade
I00909,Telecom,2017,BB,BB,0,0,0,0,3,3,0,unchanged
I00910,Energy,2017,BBB,BB,0,1,0,1,4,3,-1,downgrade
I00911,Retail,2017,AA,AA,0,0,0,0,6,6,0,unchanged
I00912,Real_Estate,2017,B,B,0,0,0,0,2,2,0,unchanged
I00913,Industrials,2017,BB,BB,0,0,0,0,3,3,0,unchanged
I00914,Telecom,2017,BB,BB,0,0,0,0,3,3,0,unchanged
I00915,Technology,2017,AAA,AAA,0,0,0,0,7,7,0,unchanged
I00916,Energy,2017,A,A,0,0,0,0,5,5,0,unchanged
I00917,Industrials,2017,A,A,0,0,0,0,5,5,0,unchanged
I00918,Energy,2017,BB,BB,0,0,0,0,3,3,0,unchanged
I00920,Energy,2017,A,BBB,0,1,0,1,5,4,-1,downgrade
I00921,Financials,2017,AA,AA,0,0,0,0,6,6,0,unchanged
I00922,Telecom,2017,BB,A,1,0,0,-2,3,5,2,upgrade
I00923,Consumer,2017,BBB,BBB,0,0,0,0,4,4,0,unchanged
I00924,Healthcare,2017,BBB,BBB,0,0,0,0,4,4,0,unchanged
I00925,Utilities,2017,AA,AA,0,0,0,0,6,6,0,unchanged
I00926,Utilities,2017,CCC,CCC,0,0,0,0,1,1,0,unchanged
I00927,Energy,2017,BBB,BBB,0,0,0,0,4,4,0,unchanged
I00928,Consumer,2017,A,A,0,0,0,0,5,5,0,unchanged
I00929,Industrials,2017,B,B,0,0,0,0,2,2,0,unchanged
I00930,Real_Estate,2017,A,A,0,0,0,0,5,5,0,unchanged
I00931,Technology,2017,BB,BB,0,0,0,0,3,3,0,unchanged
I00932,Real_Estate,2017,AA,AA,0,0,0,0,6,6,0,unchanged
I00933,Telecom,2017,BBB,BBB,0,0,0,0,4,4,0,unchanged
I00934,Telecom,2017,A,BBB,0,1,0,1,5,4,-1,downgrade
I00935,Technology,2017,BB,BB,0,0,0,0,3,3,0,unchanged
I00936,Energy,2017,BBB,BBB,0,0,0,0,4,4,0,unchanged
I00937,Industrials,2017,BBB,BBB,0,0,0,0,4,4,0,unchanged
I00938,Telecom,2017,B,B,0,0,0,0,2,2,0,unchanged
I00939,Technology,2017,A,A,0,0,0,0,5,5,0,unchanged
I00940,Financials,2017,AA,AA,0,0,0,0,6,6,0,unchanged
I00941,Energy,2017,CCC,D,0,0,1,1,1,0,-1,default
I00942,Technology,2017,CCC,B,1,0,0,-1,1,2,1,upgrade
I00943,Real_Estate,2017,BB,BB,0,0,0,0,3,3,0,unchanged
I00944,Healthcare,2017,CCC,CCC,0,0,0,0,1,1,0,unchanged
I00945,Industrials,2017,BBB,A,1,0,0,-1,4,5,1,upgrade
I00946,Utilities,2017,BB,BB,0,0,0,0,3,3,0,unchanged
I00947,Telecom,2017,BBB,BBB,0,0,0,0,4,4,0,unchanged
I00948,Technology,2017,BB,BB,0,0,0,0,3,3,0,unchanged
I00949,Financials,2017,BBB,BBB,0,0,0,0,4,4,0,unchanged
I00950,Telecom,2017,B,B,0,0,0,0,2,2,0,unchanged
I00951,Real_Estate,2017,A,A,0,0,0,0,5,5,0,unchanged
I00952,Technology,2017,CCC,CCC,0,0,0,0,1,1,0,unchanged
I00953,Real_Estate,2017,B,B,0,0,0,0,2,2,0,unchanged
I00954,Healthcare,2017,A,A,0,0,0,0,5,5,0,unchanged
I00955,Real_Estate,2017,B,BB,1,0,0,-1,2,3,1,upgrade
I00956,Consumer,2017,BB,BB,0,0,0,0,3,3,0,unchanged
I00957,Healthcare,2017,BBB,BBB,0,0,0,0,4,4,0,unchanged
I00958,Healthcare,2017,BBB,BBB,0,0,0,0,4,4,0,unchanged
I00959,Utilities,2017,BBB,BBB,0,0,0,0,4,4,0,unchanged
I00960,Industrials,2017,B,B,0,0,0,0,2,2,0,unchanged
I00961,Telecom,2017,BB,BB,0,0,0,0,3,3,0,unchanged
I00962,Healthcare,2017,AA,AA,0,0,0,0,6,6,0,unchanged
I00963,Utilities,2017,A,A,0,0,0,0,5,5,0,unchanged
I00964,Financials,2017,BBB,BBB,0,0,0,0,4,4,0,unchanged
I00965,Consumer,2017,B,BB,1,0,0,-1,2,3,1,upgrade
I00966,Healthcare,2017,BBB,BBB,0,0,0,0,4,4,0,unchanged
I00967,Retail,2017,B,B,0,0,0,0,2,2,0,unchanged
I00968,Healthcare,2017,AA,A,0,1,0,1,6,5,-1,downgrade
I00969,Financials,2017,B,D,0,0,1,2,2,0,-2,default
I00970,Real_Estate,2017,BBB,BBB,0,0,0,0,4,4,0,unchanged
I00971,Real_Estate,2017,B,D,0,0,1,2,2,0,-2,default
I00972,Utilities,2017,BBB,B,0,1,0,2,4,2,-2,downgrade
I00973,Energy,2017,A,A,0,0,0,0,5,5,0,unchanged
I00974,Healthcare,2017,BBB,BBB,0,0,0,0,4,4,0,unchanged
I00975,Real_Estate,2017,BBB,BBB,0,0,0,0,4,4,0,unchanged
I00976,Consumer,2017,CCC,CCC,0,0,0,0,1,1,0,unchanged
I00977,Industrials,2017,AA,AA,0,0,0,0,6,6,0,unchanged
I00978,Utilities,2017,BB,BB,0,0,0,0,3,3,0,unchanged
I00979,Retail,2017,CCC,CCC,0,0,0,0,1,1,0,unchanged
I00980,Financials,2017,AA,AA,0,0,0,0,6,6,0,unchanged
I00981,Financials,2017,BBB,B,0,1,0,2,4,2,-2,downgrade
I00982,Telecom,2017,BB,BB,0,0,0,0,3,3,0,unchanged
I00983,Industrials,2017,BB,BBB,1,0,0,-1,3,4,1,upgrade
I00984,Consumer,2017,AA,AA,0,0,0,0,6,6,0,unchanged
I00985,Energy,2017,A,A,0,0,0,0,5,5,0,unchanged
I00986,Industrials,2017,BBB,BBB,0,0,0,0,4,4,0,unchanged
I00987,Healthcare,2017,BB,BB,0,0,0,0,3,3,0,unchanged
I00988,Real_Estate,2017,BB,BB,0,0,0,0,3,3,0,unchanged
I00989,Industrials,2017,A,A,0,0,0,0,5,5,0,unchanged
I00990,Energy,2017,AA,AA,0,0,0,0,6,6,0,unchanged
I00992,Technology,2017,BB,B,0,1,0,1,3,2,-1,downgrade
I00993,Retail,2017,BB,BB,0,0,0,0,3,3,0,unchanged
I00995,Utilities,2017,BB,B,0,1,0,1,3,2,-1,downgrade
I00996,Real_Estate,2017,B,B,0,0,0,0,2,2,0,unchanged
I00997,Energy,2017,AAA,AAA,0,0,0,0,7,7,0,unchanged
I00998,Healthcare,2017,BBB,BBB,0,0,0,0,4,4,0,unchanged
I00999,Healthcare,2017,BBB,D,0,0,1,4,4,0,-4,default
I01000,Retail,2017,B,B,0,0,0,0,2,2,0,unchanged
I01001,Telecom,2017,B,B,0,0,0,0,2,2,0,unchanged
I01002,Real_Estate,2017,BB,D,0,0,1,3,3,0,-3,default
I01003,Telecom,2017,BBB,B,0,1,0,2,4,2,-2,downgrade
I01004,Financials,2017,BBB,BBB,0,0,0,0,4,4,0,unchanged
I01005,Industrials,2017,B,B,0,0,0,0,2,2,0,unchanged
I01006,Real_Estate,2017,B,B,0,0,0,0,2,2,0,unchanged
I01007,Technology,2017,B,B,0,0,0,0,2,2,0,unchanged
I01008,Retail,2017,B,B,0,0,0,0,2,2,0,unchanged
I01009,Consumer,2017,A,A,0,0,0,0,5,5,0,unchanged
I01010,Energy,2017,BBB,BBB,0,0,0,0,4,4,0,unchanged
I01011,Energy,2017,AA,AA,0,0,0,0,6,6,0,unchanged
I01012,Consumer,2017,B,B,0,0,0,0,2,2,0,unchanged
I01013,Technology,2017,A,BBB,0,1,0,1,5,4,-1,downgrade
I01014,Healthcare,2017,BBB,BBB,0,0,0,0,4,4,0,unchanged
I01015,Energy,2017,BBB,A,1,0,0,-1,4,5,1,upgrade
I01016,Consumer,2017,AA,AA,0,0,0,0,6,6,0,unchanged
I01017,Retail,2017,BBB,BBB,0,0,0,0,4,4,0,unchanged
I01018,Healthcare,2017,AA,AA,0,0,0,0,6,6,0,unchanged
I01020,Financials,2017,BBB,BBB,0,0,0,0,4,4,0,unchanged
I01021,Utilities,2017,AA,A,0,1,0,1,6,5,-1,downgrade
I01022,Utilities,2017,BBB,BBB,0,0,0,0,4,4,0,unchanged
I01023,Healthcare,2017,BBB,BBB,0,0,0,0,4,4,0,unchanged
I01024,Technology,2017,BBB,BBB,0,0,0,0,4,4,0,unchanged
I01025,Utilities,2017,B,B,0,0,0,0,2,2,0,unchanged
I01027,Real_Estate,2017,AA,AA,0,0,0,0,6,6,0,unchanged
I01028,Energy,2017,CCC,CCC,0,0,0,0,1,1,0,unchanged
I01029,Utilities,2017,BBB,BBB,0,0,0,0,4,4,0,unchanged
I01030,Technology,2017,CCC,B,1,0,0,-1,1,2,1,upgrade
I01031,Utilities,2017,BBB,BBB,0,0,0,0,4,4,0,unchanged
I01032,Financials,2017,BB,BB,0,0,0,0,3,3,0,unchanged
I01034,Energy,2017,BBB,BBB,0,0,0,0,4,4,0,unchanged
I01035,Technology,2017,B,B,0,0,0,0,2,2,0,unchanged
I01036,Telecom,2017,BB,BB,0,0,0,0,3,3,0,unchanged
I01038,Real_Estate,2017,A,AA,1,0,0,-1,5,6,1,upgrade
I01039,Energy,2017,BBB,BBB,0,0,0,0,4,4,0,unchanged
I01040,Telecom,2017,AAA,AAA,0,0,0,0,7,7,0,unchanged
I01041,Telecom,2017,BBB,BBB,0,0,0,0,4,4,0,unchanged
I01042,Utilities,2017,AA,AA,0,0,0,0,6,6,0,unchanged
I01043,Retail,2017,B,BB,1,0,0,-1,2,3,1,upgrade
I01044,Telecom,2017,A,A,0,0,0,0,5,5,0,unchanged
I01045,Technology,2017,BBB,B,0,1,0,2,4,2,-2,downgrade
I01046,Financials,2017,B,B,0,0,0,0,2,2,0,unchanged
I01047,Consumer,2017,A,A,0,0,0,0,5,5,0,unchanged
I01048,Retail,2017,BB,BB,0,0,0,0,3,3,0,unchanged
I01049,Retail,2017,A,A,0,0,0,0,5,5,0,unchanged
I01050,Utilities,2017,BBB,BBB,0,0,0,0,4,4,0,unchanged
I01051,Retail,2017,BBB,BBB,0,0,0,0,4,4,0,unchanged
I01053,Retail,2017,BBB,BBB,0,0,0,0,4,4,0,unchanged
I01054,Energy,2017,AA,AA,0,0,0,0,6,6,0,unchanged
I01055,Energy,2017,AAA,AAA,0,0,0,0,7,7,0,unchanged
I01056,Telecom,2017,BB,BB,0,0,0,0,3,3,0,unchanged
I01057,Energy,2017,BB,BB,0,0,0,0,3,3,0,unchanged
I01058,Retail,2017,BB,BB,0,0,0,0,3,3,0,unchanged
I01059,Retail,2017,BBB,BBB,0,0,0,0,4,4,0,unchanged
I01060,Financials,2017,BBB,BBB,0,0,0,0,4,4,0,unchanged
I01061,Industrials,2017,BBB,BBB,0,0,0,0,4,4,0,unchanged
I01062,Energy,2017,BBB,BBB,0,0,0,0,4,4,0,unchanged
I01063,Consumer,2017,CCC,BB,1,0,0,-2,1,3,2,upgrade
I01064,Utilities,2017,B,B,0,0,0,0,2,2,0,unchanged
I01065,Healthcare,2017,BBB,B,0,1,0,2,4,2,-2,downgrade
I01066,Consumer,2017,BBB,BBB,0,0,0,0,4,4,0,unchanged
I01067,Healthcare,2017,BB,BB,0,0,0,0,3,3,0,unchanged
I01068,Real_Estate,2017,CCC,CCC,0,0,0,0,1,1,0,unchanged
I01069,Telecom,2017,BBB,BBB,0,0,0,0,4,4,0,unchanged
I01070,Telecom,2017,BBB,BBB,0,0,0,0,4,4,0,unchanged
I01071,Retail,2017,BBB,BBB,0,0,0,0,4,4,0,unchanged
I01072,Technology,2017,BBB,BBB,0,0,0,0,4,4,0,unchanged
I01073,Real_Estate,2017,BBB,BBB,0,0,0,0,4,4,0,unchanged
I01074,Industrials,2017,AA,AA,0,0,0,0,6,6,0,unchanged
I01075,Energy,2017,BBB,BBB,0,0,0,0,4,4,0,unchanged
I01076,Industrials,2017,BB,BB,0,0,0,0,3,3,0,unchanged
I01077,Technology,2017,BB,BB,0,0,0,0,3,3,0,unchanged
I01078,Telecom,2017,CCC,CCC,0,0,0,0,1,1,0,unchanged
I01079,Healthcare,2017,BB,BB,0,0,0,0,3,3,0,unchanged
I01080,Technology,2017,BB,BB,0,0,0,0,3,3,0,unchanged
I01081,Healthcare,2017,BBB,BBB,0,0,0,0,4,4,0,unchanged
I01082,Technology,2017,A,A,0,0,0,0,5,5,0,unchanged
I01083,Healthcare,2017,AA,AA,0,0,0,0,6,6,0,unchanged
I01084,Retail,2017,BBB,BBB,0,0,0,0,4,4,0,unchanged
I01085,Consumer,2017,BBB,BBB,0,0,0,0,4,4,0,unchanged
I01086,Industrials,2017,BB,B,0,1,0,1,3,2,-1,downgrade
I01087,Utilities,2017,B,B,0,0,0,0,2,2,0,unchanged
I01088,Real_Estate,2017,A,B,0,1,0,3,5,2,-3,downgrade
I01089,Real_Estate,2017,B,B,0,0,0,0,2,2,0,unchanged
I01090,Financials,2017,BB,BB,0,0,0,0,3,3,0,unchanged
I01091,Consumer,2017,A,A,0,0,0,0,5,5,0,unchanged
I01092,Consumer,2017,B,B,0,0,0,0,2,2,0,unchanged
I01093,Real_Estate,2017,BBB,BBB,0,0,0,0,4,4,0,unchanged
I01094,Technology,2017,A,A,0,0,0,0,5,5,0,unchanged
I01095,Industrials,2017,AA,AA,0,0,0,0,6,6,0,unchanged
I01096,Real_Estate,2017,A,A,0,0,0,0,5,5,0,unchanged
I01097,Healthcare,2017,BB,BB,0,0,0,0,3,3,0,unchanged
I01098,Telecom,2017,BBB,BBB,0,0,0,0,4,4,0,unchanged
I01099,Telecom,2017,A,A,0,0,0,0,5,5,0,unchanged
I01100,Retail,2017,BBB,A,1,0,0,-1,4,5,1,upgrade
I01101,Industrials,2017,CCC,CCC,0,0,0,0,1,1,0,unchanged
I01102,Retail,2017,A,A,0,0,0,0,5,5,0,unchanged
I01103,Healthcare,2017,CCC,B,1,0,0,-1,1,2,1,upgrade
I01104,Healthcare,2017,BBB,CCC,0,1,0,3,4,1,-3,downgrade
I01105,Technology,2017,BBB,BBB,0,0,0,0,4,4,0,unchanged
I01106,Industrials,2017,BB,BB,0,0,0,0,3,3,0,unchanged
I01107,Consumer,2017,CCC,CCC,0,0,0,0,1,1,0,unchanged
I01108,Real_Estate,2017,BB,B,0,1,0,1,3,2,-1,downgrade
I01109,Industrials,2017,BBB,BBB,0,0,0,0,4,4,0,unchanged
I01110,Energy,2017,A,A,0,0,0,0,5,5,0,unchanged
I01111,Financials,2017,B,B,0,0,0,0,2,2,0,unchanged
I01112,Technology,2017,A,A,0,0,0,0,5,5,0,unchanged
I01113,Healthcare,2017,B,B,0,0,0,0,2,2,0,unchanged
I01114,Industrials,2017,BB,BB,0,0,0,0,3,3,0,unchanged
I01115,Telecom,2017,BBB,BBB,0,0,0,0,4,4,0,unchanged
I01116,Real_Estate,2017,BB,BB,0,0,0,0,3,3,0,unchanged
I01117,Energy,2017,A,A,0,0,0,0,5,5,0,unchanged
I01118,Consumer,2017,BBB,BBB,0,0,0,0,4,4,0,unchanged
I01119,Retail,2017,BB,B,0,1,0,1,3,2,-1,downgrade
I01120,Real_Estate,2017,BBB,BBB,0,0,0,0,4,4,0,unchanged
I01121,Energy,2017,A,A,0,0,0,0,5,5,0,unchanged
I01122,Telecom,2017,B,B,0,0,0,0,2,2,0,unchanged
I01123,Technology,2017,B,B,0,0,0,0,2,2,0,unchanged
I01124,Energy,2017,BB,BB,0,0,0,0,3,3,0,unchanged
I01125,Financials,2017,A,A,0,0,0,0,5,5,0,unchanged
I01126,Financials,2017,BBB,BBB,0,0,0,0,4,4,0,unchanged
I01127,Industrials,2017,B,B,0,0,0,0,2,2,0,unchanged
I01128,Technology,2017,BBB,BBB,0,0,0,0,4,4,0,unchanged
I01129,Retail,2017,BBB,BBB,0,0,0,0,4,4,0,unchanged
I01130,Healthcare,2017,BBB,BBB,0,0,0,0,4,4,0,unchanged
I01131,Energy,2017,CCC,CCC,0,0,0,0,1,1,0,unchanged
I01132,Energy,2017,CCC,CCC,0,0,0,0,1,1,0,unchanged
I01133,Industrials,2017,A,BBB,0,1,0,1,5,4,-1,downgrade
I01134,Energy,2017,BBB,BBB,0,0,0,0,4,4,0,unchanged
I01135,Energy,2017,BBB,BBB,0,0,0,0,4,4,0,unchanged
I01136,Energy,2017,BBB,BBB,0,0,0,0,4,4,0,unchanged
I01137,Telecom,2017,AA,AA,0,0,0,0,6,6,0,unchanged
I01138,Technology,2017,BBB,BBB,0,0,0,0,4,4,0,unchanged
I01139,Consumer,2017,BB,BB,0,0,0,0,3,3,0,unchanged
I01140,Technology,2017,CCC,CCC,0,0,0,0,1,1,0,unchanged
I01141,Financials,2017,BB,BB,0,0,0,0,3,3,0,unchanged
I01142,Financials,2017,AA,BBB,0,1,0,2,6,4,-2,downgrade
I01143,Financials,2017,CCC,D,0,0,1,1,1,0,-1,default
I01144,Real_Estate,2017,B,B,0,0,0,0,2,2,0,unchanged
I01145,Retail,2017,B,B,0,0,0,0,2,2,0,unchanged
I01146,Utilities,2017,BBB,BBB,0,0,0,0,4,4,0,unchanged
I01147,Energy,2017,BB,BB,0,0,0,0,3,3,0,unchanged
I01148,Technology,2017,B,B,0,0,0,0,2,2,0,unchanged
I01149,Utilities,2017,B,B,0,0,0,0,2,2,0,unchanged
I01151,Energy,2017,BB,BB,0,0,0,0,3,3,0,unchanged
I01152,Consumer,2017,BBB,BBB,0,0,0,0,4,4,0,unchanged
I01153,Technology,2017,A,A,0,0,0,0,5,5,0,unchanged
I01154,Financials,2017,BBB,BBB,0,0,0,0,4,4,0,unchanged
I01155,Financials,2017,BBB,BBB,0,0,0,0,4,4,0,unchanged
I01156,Energy,2017,A,A,0,0,0,0,5,5,0,unchanged
I01158,Energy,2017,B,B,0,0,0,0,2,2,0,unchanged
I01159,Energy,2017,A,A,0,0,0,0,5,5,0,unchanged
I01162,Industrials,2017,BB,BB,0,0,0,0,3,3,0,unchanged
I01163,Utilities,2017,B,B,0,0,0,0,2,2,0,unchanged
I01164,Retail,2017,AA,AA,0,0,0,0,6,6,0,unchanged
I01165,Real_Estate,2017,BB,BBB,1,0,0,-1,3,4,1,upgrade
I01166,Telecom,2017,BB,BB,0,0,0,0,3,3,0,unchanged
I01167,Retail,2017,A,A,0,0,0,0,5,5,0,unchanged
I01168,Energy,2017,A,A,0,0,0,0,5,5,0,unchanged
I01169,Energy,2017,CCC,CCC,0,0,0,0,1,1,0,unchanged
I01170,Utilities,2017,A,A,0,0,0,0,5,5,0,unchanged
I01171,Industrials,2017,A,A,0,0,0,0,5,5,0,unchanged
I01172,Industrials,2017,BBB,BBB,0,0,0,0,4,4,0,unchanged
I01173,Consumer,2017,B,B,0,0,0,0,2,2,0,unchanged
I01174,Utilities,2017,AA,AA,0,0,0,0,6,6,0,unchanged
I01175,Consumer,2017,A,A,0,0,0,0,5,5,0,unchanged
I01176,Technology,2017,AAA,AAA,0,0,0,0,7,7,0,unchanged
I01177,Consumer,2017,BB,BB,0,0,0,0,3,3,0,unchanged
I01178,Financials,2017,A,A,0,0,0,0,5,5,0,unchanged
I01179,Financials,2017,AA,AA,0,0,0,0,6,6,0,unchanged
I01180,Financials,2017,BB,BB,0,0,0,0,3,3,0,unchanged
I01181,Real_Estate,2017,BB,BB,0,0,0,0,3,3,0,unchanged
I01182,Technology,2017,BB,BBB,1,0,0,-1,3,4,1,upgrade
I01183,Financials,2017,B,BB,1,0,0,-1,2,3,1,upgrade
I01184,Financials,2017,BBB,BBB,0,0,0,0,4,4,0,unchanged
I01185,Healthcare,2017,BBB,BBB,0,0,0,0,4,4,0,unchanged
I01186,Financials,2017,A,A,0,0,0,0,5,5,0,unchanged
I01188,Retail,2017,B,B,0,0,0,0,2,2,0,unchanged
I01189,Energy,2017,B,B,0,0,0,0,2,2,0,unchanged
I01190,Energy,2017,BB,BB,0,0,0,0,3,3,0,unchanged
I01191,Financials,2017,A,A,0,0,0,0,5,5,0,unchanged
I01193,Healthcare,2017,B,B,0,0,0,0,2,2,0,unchanged
I01194,Financials,2017,BBB,BBB,0,0,0,0,4,4,0,unchanged
I01195,Energy,2017,BBB,D,0,0,1,4,4,0,-4,default
I01196,Healthcare,2017,B,B,0,0,0,0,2,2,0,unchanged
I01197,Healthcare,2017,AAA,AAA,0,0,0,0,7,7,0,unchanged
I01198,Telecom,2017,B,B,0,0,0,0,2,2,0,unchanged
I01199,Healthcare,2017,BBB,BBB,0,0,0,0,4,4,0,unchanged
I01200,Consumer,2017,BB,BB,0,0,0,0,3,3,0,unchanged
I01201,Real_Estate,2017,A,A,0,0,0,0,5,5,0,unchanged
I01202,Utilities,2017,A,A,0,0,0,0,5,5,0,unchanged
I01203,Retail,2017,B,D,0,0,1,2,2,0,-2,default
I01204,Utilities,2017,BBB,BBB,0,0,0,0,4,4,0,unchanged
I01205,Energy,2017,BB,BB,0,0,0,0,3,3,0,unchanged
I01206,Retail,2017,AA,AA,0,0,0,0,6,6,0,unchanged
I01207,Healthcare,2017,A,A,0,0,0,0,5,5,0,unchanged
I01208,Real_Estate,2017,BBB,BBB,0,0,0,0,4,4,0,unchanged
I01209,Industrials,2017,B,B,0,0,0,0,2,2,0,unchanged
I01210,Energy,2017,BBB,BBB,0,0,0,0,4,4,0,unchanged
I01211,Financials,2017,AA,AA,0,0,0,0,6,6,0,unchanged
I01212,Technology,2017,BB,BB,0,0,0,0,3,3,0,unchanged
I01213,Healthcare,2017,BBB,BBB,0,0,0,0,4,4,0,unchanged
I01214,Consumer,2017,BB,BB,0,0,0,0,3,3,0,unchanged
I01215,Healthcare,2017,BB,BB,0,0,0,0,3,3,0,unchanged
I01216,Energy,2017,BBB,BB,0,1,0,1,4,3,-1,downgrade
I01217,Healthcare,2017,BB,BB,0,0,0,0,3,3,0,unchanged
I01218,Energy,2017,BBB,BBB,0,0,0,0,4,4,0,unchanged
I01219,Energy,2017,BBB,BBB,0,0,0,0,4,4,0,unchanged
I01220,Healthcare,2017,A,A,0,0,0,0,5,5,0,unchanged
I01222,Technology,2017,A,A,0,0,0,0,5,5,0,unchanged
I01224,Industrials,2017,AAA,AAA,0,0,0,0,7,7,0,unchanged
I01225,Healthcare,2017,AA,AA,0,0,0,0,6,6,0,unchanged
I01226,Consumer,2017,BB,BB,0,0,0,0,3,3,0,unchanged
I01227,Financials,2017,A,A,0,0,0,0,5,5,0,unchanged
I01228,Financials,2017,AA,AAA,1,0,0,-1,6,7,1,upgrade
I01229,Technology,2017,BBB,BBB,0,0,0,0,4,4,0,unchanged
I01230,Healthcare,2017,A,A,0,0,0,0,5,5,0,unchanged
I01231,Energy,2017,B,B,0,0,0,0,2,2,0,unchanged
I01233,Utilities,2017,BBB,BBB,0,0,0,0,4,4,0,unchanged
I01234,Real_Estate,2017,CCC,CCC,0,0,0,0,1,1,0,unchanged
I01235,Real_Estate,2017,B,B,0,0,0,0,2,2,0,unchanged
I01236,Telecom,2017,BBB,BBB,0,0,0,0,4,4,0,unchanged
I01238,Retail,2017,BBB,A,1,0,0,-1,4,5,1,upgrade
I01239,Energy,2017,BB,B,0,1,0,1,3,2,-1,downgrade
I01240,Energy,2017,B,B,0,0,0,0,2,2,0,unchanged
I01241,Healthcare,2017,BBB,BBB,0,0,0,0,4,4,0,unchanged
I01242,Retail,2017,BBB,BBB,0,0,0,0,4,4,0,unchanged
I01243,Consumer,2017,A,A,0,0,0,0,5,5,0,unchanged
I01244,Telecom,2017,B,B,0,0,0,0,2,2,0,unchanged
I01245,Retail,2017,A,A,0,0,0,0,5,5,0,unchanged
I01246,Retail,2017,B,B,0,0,0,0,2,2,0,unchanged
I01247,Retail,2017,AA,AA,0,0,0,0,6,6,0,unchanged
I01248,Healthcare,2017,BB,BB,0,0,0,0,3,3,0,unchanged
I01249,Energy,2017,BB,BB,0,0,0,0,3,3,0,unchanged
I01251,Utilities,2017,BB,BB,0,0,0,0,3,3,0,unchanged
I01252,Retail,2017,BB,BB,0,0,0,0,3,3,0,unchanged
I01253,Industrials,2017,AAA,AAA,0,0,0,0,7,7,0,unchanged
I01254,Telecom,2017,BB,BB,0,0,0,0,3,3,0,unchanged
I01255,Real_Estate,2017,BBB,BBB,0,0,0,0,4,4,0,unchanged
I01256,Retail,2017,BBB,A,1,0,0,-1,4,5,1,upgrade
I01257,Energy,2017,A,A,0,0,0,0,5,5,0,unchanged
I01258,Industrials,2017,A,A,0,0,0,0,5,5,0,unchanged
I01259,Energy,2017,A,BB,0,1,0,2,5,3,-2,downgrade
I01260,Industrials,2017,AAA,AAA,0,0,0,0,7,7,0,unchanged
I01261,Telecom,2017,BB,BB,0,0,0,0,3,3,0,unchanged
I01262,Industrials,2017,BBB,A,1,0,0,-1,4,5,1,upgrade
I01263,Consumer,2017,BB,BB,0,0,0,0,3,3,0,unchanged
I01264,Energy,2017,B,B,0,0,0,0,2,2,0,unchanged
I01265,Telecom,2017,AA,AA,0,0,0,0,6,6,0,unchanged
I01266,Utilities,2017,AAA,AAA,0,0,0,0,7,7,0,unchanged
I01267,Real_Estate,2017,B,B,0,0,0,0,2,2,0,unchanged
I01268,Energy,2017,B,BB,1,0,0,-1,2,3,1,upgrade
I01269,Consumer,2017,BB,BB,0,0,0,0,3,3,0,unchanged
I01270,Energy,2017,BBB,BBB,0,0,0,0,4,4,0,unchanged
I01271,Healthcare,2017,A,A,0,0,0,0,5,5,0,unchanged
I01272,Telecom,2017,BBB,BBB,0,0,0,0,4,4,0,unchanged
I01273,Healthcare,2017,A,A,0,0,0,0,5,5,0,unchanged
I01274,Healthcare,2017,AA,AA,0,0,0,0,6,6,0,unchanged
I01275,Utilities,2017,A,A,0,0,0,0,5,5,0,unchanged
I01276,Utilities,2017,A,A,0,0,0,0,5,5,0,unchanged
I01277,Retail,2017,CCC,CCC,0,0,0,0,1,1,0,unchanged
I01278,Healthcare,2017,BB,BB,0,0,0,0,3,3,0,unchanged
I01279,Financials,2017,BBB,BBB,0,0,0,0,4,4,0,unchanged
I01280,Industrials,2017,B,B,0,0,0,0,2,2,0,unchanged
I01281,Healthcare,2017,AA,AA,0,0,0,0,6,6,0,unchanged
I01282,Retail,2017,BB,BB,0,0,0,0,3,3,0,unchanged
I01283,Telecom,2017,A,A,0,0,0,0,5,5,0,unchanged
I01284,Technology,2017,B,D,0,0,1,2,2,0,-2,default
I01285,Retail,2017,B,BB,1,0,0,-1,2,3,1,upgrade
I01286,Telecom,2017,A,A,0,0,0,0,5,5,0,unchanged
I01287,Financials,2017,A,A,0,0,0,0,5,5,0,unchanged
I01288,Financials,2017,A,A,0,0,0,0,5,5,0,unchanged
I01289,Industrials,2017,A,A,0,0,0,0,5,5,0,unchanged
I01290,Retail,2017,B,B,0,0,0,0,2,2,0,unchanged
I01291,Financials,2017,A,A,0,0,0,0,5,5,0,unchanged
I01292,Utilities,2017,BB,B,0,1,0,1,3,2,-1,downgrade
I01294,Telecom,2017,B,B,0,0,0,0,2,2,0,unchanged
I01295,Healthcare,2017,A,A,0,0,0,0,5,5,0,unchanged
I01296,Telecom,2017,BB,BB,0,0,0,0,3,3,0,unchanged
I01297,Retail,2017,AA,AA,0,0,0,0,6,6,0,unchanged
I01298,Telecom,2017,A,A,0,0,0,0,5,5,0,unchanged
I01299,Healthcare,2017,AA,AA,0,0,0,0,6,6,0,unchanged
I01301,Telecom,2017,BB,BB,0,0,0,0,3,3,0,unchanged
I01302,Consumer,2017,CCC,B,1,0,0,-1,1,2,1,upgrade
I01303,Technology,2017,BBB,BBB,0,0,0,0,4,4,0,unchanged
I01304,Telecom,2017,BB,BB,0,0,0,0,3,3,0,unchanged
I01305,Retail,2017,BB,B,0,1,0,1,3,2,-1,downgrade
I01306,Industrials,2017,BB,BB,0,0,0,0,3,3,0,unchanged
I01307,Real_Estate,2017,AA,AA,0,0,0,0,6,6,0,unchanged
I01308,Financials,2017,BBB,BB,0,1,0,1,4,3,-1,downgrade
I01309,Technology,2017,B,B,0,0,0,0,2,2,0,unchanged
I01310,Industrials,2017,BBB,BBB,0,0,0,0,4,4,0,unchanged
I01311,Telecom,2017,A,A,0,0,0,0,5,5,0,unchanged
I01312,Consumer,2017,BBB,BBB,0,0,0,0,4,4,0,unchanged
I01313,Consumer,2017,BBB,BBB,0,0,0,0,4,4,0,unchanged
I01314,Industrials,2017,BBB,BBB,0,0,0,0,4,4,0,unchanged
I01315,Energy,2017,BBB,BBB,0,0,0,0,4,4,0,unchanged
I01316,Financials,2017,B,B,0,0,0,0,2,2,0,unchanged
I01317,Consumer,2017,B,B,0,0,0,0,2,2,0,unchanged
I01319,Retail,2017,B,B,0,0,0,0,2,2,0,unchanged
I01320,Healthcare,2017,BB,BB,0,0,0,0,3,3,0,unchanged
I01321,Healthcare,2017,AAA,AAA,0,0,0,0,7,7,0,unchanged
I01323,Consumer,2017,AA,AA,0,0,0,0,6,6,0,unchanged
I01324,Real_Estate,2017,A,A,0,0,0,0,5,5,0,unchanged
I01326,Retail,2017,B,B,0,0,0,0,2,2,0,unchanged
I01327,Utilities,2017,BBB,BBB,0,0,0,0,4,4,0,unchanged
I01328,Technology,2017,A,A,0,0,0,0,5,5,0,unchanged
I01329,Industrials,2017,BBB,BBB,0,0,0,0,4,4,0,unchanged
I01330,Telecom,2017,A,A,0,0,0,0,5,5,0,unchanged
I01331,Healthcare,2017,BBB,A,1,0,0,-1,4,5,1,upgrade
I01333,Healthcare,2017,B,B,0,0,0,0,2,2,0,unchanged
I01334,Retail,2017,BBB,BB,0,1,0,1,4,3,-1,downgrade
I01335,Telecom,2017,A,A,0,0,0,0,5,5,0,unchanged
I01336,Real_Estate,2017,B,B,0,0,0,0,2,2,0,unchanged
I01337,Telecom,2017,AAA,AAA,0,0,0,0,7,7,0,unchanged
I01338,Healthcare,2017,BB,CCC,0,1,0,2,3,1,-2,downgrade
I01339,Industrials,2017,A,A,0,0,0,0,5,5,0,unchanged
I01340,Energy,2017,BB,BBB,1,0,0,-1,3,4,1,upgrade
I01342,Energy,2017,BBB,BBB,0,0,0,0,4,4,0,unchanged
I01344,Telecom,2017,AAA,AAA,0,0,0,0,7,7,0,unchanged
I01345,Telecom,2017,BBB,BB,0,1,0,1,4,3,-1,downgrade
I01346,Consumer,2017,B,B,0,0,0,0,2,2,0,unchanged
I01347,Technology,2017,BB,BB,0,0,0,0,3,3,0,unchanged
I01348,Energy,2017,BBB,BBB,0,0,0,0,4,4,0,unchanged
I01349,Technology,2017,BBB,BBB,0,0,0,0,4,4,0,unchanged
I01350,Industrials,2017,B,BB,1,0,0,-1,2,3,1,upgrade
I01351,Financials,2017,A,A,0,0,0,0,5,5,0,unchanged
I01352,Real_Estate,2017,A,A,0,0,0,0,5,5,0,unchanged
I01353,Healthcare,2017,BBB,A,1,0,0,-1,4,5,1,upgrade
I01354,Telecom,2017,A,A,0,0,0,0,5,5,0,unchanged
I01356,Utilities,2017,A,A,0,0,0,0,5,5,0,unchanged
I01357,Financials,2017,BB,BB,0,0,0,0,3,3,0,unchanged
I01358,Technology,2017,BBB,BBB,0,0,0,0,4,4,0,unchanged
I01360,Healthcare,2017,CCC,CCC,0,0,0,0,1,1,0,unchanged
I01362,Energy,2017,A,A,0,0,0,0,5,5,0,unchanged
I01363,Financials,2017,BBB,BBB,0,0,0,0,4,4,0,unchanged
I01364,Real_Estate,2017,AA,AA,0,0,0,0,6,6,0,unchanged
I01365,Financials,2017,BBB,BB,0,1,0,1,4,3,-1,downgrade
I01366,Consumer,2017,BB,BB,0,0,0,0,3,3,0,unchanged
I01367,Energy,2017,CCC,CCC,0,0,0,0,1,1,0,unchanged
I01368,Retail,2017,BBB,BBB,0,0,0,0,4,4,0,unchanged
I01369,Healthcare,2017,BB,BB,0,0,0,0,3,3,0,unchanged
I01370,Energy,2017,B,CCC,0,1,0,1,2,1,-1,downgrade
I01372,Utilities,2017,A,A,0,0,0,0,5,5,0,unchanged
I01373,Consumer,2017,B,D,0,0,1,2,2,0,-2,default
I01374,Technology,2017,A,A,0,0,0,0,5,5,0,unchanged
I01375,Utilities,2017,BBB,BBB,0,0,0,0,4,4,0,unchanged
I01376,Real_Estate,2017,BBB,BBB,0,0,0,0,4,4,0,unchanged
I01377,Industrials,2017,AA,AA,0,0,0,0,6,6,0,unchanged
I01379,Retail,2017,A,A,0,0,0,0,5,5,0,unchanged
I01380,Energy,2017,BB,BB,0,0,0,0,3,3,0,unchanged
I01381,Healthcare,2017,BB,B,0,1,0,1,3,2,-1,downgrade
I01382,Industrials,2017,A,A,0,0,0,0,5,5,0,unchanged
I01383,Consumer,2017,BBB,BBB,0,0,0,0,4,4,0,unchanged
I01384,Energy,2017,AA,AA,0,0,0,0,6,6,0,unchanged
I01385,Technology,2017,BB,BB,0,0,0,0,3,3,0,unchanged
I01386,Healthcare,2017,BB,BB,0,0,0,0,3,3,0,unchanged
I01387,Retail,2017,BB,BB,0,0,0,0,3,3,0,unchanged
I01388,Telecom,2017,A,A,0,0,0,0,5,5,0,unchanged
I01389,Utilities,2017,CCC,D,0,0,1,1,1,0,-1,default
I01390,Real_Estate,2017,BB,BB,0,0,0,0,3,3,0,unchanged
I01391,Technology,2017,BB,BB,0,0,0,0,3,3,0,unchanged
I01392,Real_Estate,2017,AAA,AAA,0,0,0,0,7,7,0,unchanged
I01393,Industrials,2017,A,A,0,0,0,0,5,5,0,unchanged
I01394,Industrials,2017,A,BBB,0,1,0,1,5,4,-1,downgrade
I01395,Telecom,2017,A,A,0,0,0,0,5,5,0,unchanged
I01396,Financials,2017,AA,AA,0,0,0,0,6,6,0,unchanged
I01397,Healthcare,2017,BB,BB,0,0,0,0,3,3,0,unchanged
I01398,Telecom,2017,BBB,BBB,0,0,0,0,4,4,0,unchanged
I01399,Real_Estate,2017,A,A,0,0,0,0,5,5,0,unchanged
I01400,Retail,2017,AAA,AAA,0,0,0,0,7,7,0,unchanged
I01401,Technology,2017,BBB,BBB,0,0,0,0,4,4,0,unchanged
I01402,Industrials,2017,BBB,BBB,0,0,0,0,4,4,0,unchanged
I01403,Telecom,2017,AA,AA,0,0,0,0,6,6,0,unchanged
I01404,Industrials,2017,BBB,A,1,0,0,-1,4,5,1,upgrade
I01405,Utilities,2017,BB,BB,0,0,0,0,3,3,0,unchanged
I01406,Real_Estate,2017,BB,B,0,1,0,1,3,2,-1,downgrade
I01407,Financials,2017,BB,BB,0,0,0,0,3,3,0,unchanged
I01408,Healthcare,2017,B,B,0,0,0,0,2,2,0,unchanged
I01409,Industrials,2017,B,BB,1,0,0,-1,2,3,1,upgrade
I01410,Technology,2017,BBB,A,1,0,0,-1,4,5,1,upgrade
I01411,Energy,2017,A,BBB,0,1,0,1,5,4,-1,downgrade
I01412,Industrials,2017,BB,BB,0,0,0,0,3,3,0,unchanged
I01413,Real_Estate,2017,BB,BB,0,0,0,0,3,3,0,unchanged
I01414,Consumer,2017,BB,BB,0,0,0,0,3,3,0,unchanged
I01415,Technology,2017,BBB,BBB,0,0,0,0,4,4,0,unchanged
I01416,Healthcare,2017,BBB,BBB,0,0,0,0,4,4,0,unchanged
I01417,Healthcare,2017,A,A,0,0,0,0,5,5,0,unchanged
I01418,Technology,2017,BB,BB,0,0,0,0,3,3,0,unchanged
I01419,Financials,2017,AA,AA,0,0,0,0,6,6,0,unchanged
I01420,Real_Estate,2017,B,B,0,0,0,0,2,2,0,unchanged
I01421,Utilities,2017,BBB,BBB,0,0,0,0,4,4,0,unchanged
I01422,Real_Estate,2017,BBB,BBB,0,0,0,0,4,4,0,unchanged
I01423,Technology,2017,B,B,0,0,0,0,2,2,0,unchanged
I01424,Utilities,2017,AA,AA,0,0,0,0,6,6,0,unchanged
I01425,Telecom,2017,B,B,0,0,0,0,2,2,0,unchanged
I01426,Real_Estate,2017,BBB,BBB,0,0,0,0,4,4,0,unchanged
I01427,Utilities,2017,AA,AA,0,0,0,0,6,6,0,unchanged
I01428,Financials,2017,AA,AA,0,0,0,0,6,6,0,unchanged
I01430,Energy,2017,CCC,D,0,0,1,1,1,0,-1,default
I01431,Energy,2017,BB,BB,0,0,0,0,3,3,0,unchanged
I01432,Consumer,2017,AA,AA,0,0,0,0,6,6,0,unchanged
I01434,Healthcare,2017,BBB,BBB,0,0,0,0,4,4,0,unchanged
I01435,Industrials,2017,B,B,0,0,0,0,2,2,0,unchanged
I01436,Industrials,2017,BBB,BBB,0,0,0,0,4,4,0,unchanged
I01437,Healthcare,2017,BBB,BBB,0,0,0,0,4,4,0,unchanged
I01438,Technology,2017,A,A,0,0,0,0,5,5,0,unchanged
I01439,Energy,2017,AA,AA,0,0,0,0,6,6,0,unchanged
I01440,Telecom,2017,BBB,BBB,0,0,0,0,4,4,0,unchanged
I01441,Energy,2017,A,A,0,0,0,0,5,5,0,unchanged
I01442,Energy,2017,BB,BB,0,0,0,0,3,3,0,unchanged
I01443,Utilities,2017,A,A,0,0,0,0,5,5,0,unchanged
I01444,Real_Estate,2017,BBB,BBB,0,0,0,0,4,4,0,unchanged
I01446,Healthcare,2017,BB,BB,0,0,0,0,3,3,0,unchanged
I01447,Technology,2017,A,AA,1,0,0,-1,5,6,1,upgrade
I01448,Retail,2017,BB,BB,0,0,0,0,3,3,0,unchanged
I01450,Real_Estate,2017,B,B,0,0,0,0,2,2,0,unchanged
I01451,Telecom,2017,CCC,CCC,0,0,0,0,1,1,0,unchanged
I01452,Energy,2017,BB,BB,0,0,0,0,3,3,0,unchanged
I01453,Consumer,2017,A,A,0,0,0,0,5,5,0,unchanged
I01454,Real_Estate,2017,CCC,B,1,0,0,-1,1,2,1,upgrade
I01455,Technology,2017,BBB,BBB,0,0,0,0,4,4,0,unchanged
I01456,Telecom,2017,BBB,BBB,0,0,0,0,4,4,0,unchanged
I01457,Industrials,2017,B,B,0,0,0,0,2,2,0,unchanged
I01458,Healthcare,2017,BB,BB,0,0,0,0,3,3,0,unchanged
I01459,Industrials,2017,A,A,0,0,0,0,5,5,0,unchanged
I01460,Retail,2017,B,D,0,0,1,2,2,0,-2,default
I01461,Retail,2017,BB,BBB,1,0,0,-1,3,4,1,upgrade
I01462,Consumer,2017,BB,BB,0,0,0,0,3,3,0,unchanged
I01463,Real_Estate,2017,B,BB,1,0,0,-1,2,3,1,upgrade
I01464,Consumer,2017,BBB,B,0,1,0,2,4,2,-2,downgrade
I01465,Consumer,2017,AA,AA,0,0,0,0,6,6,0,unchanged
I01466,Real_Estate,2017,BBB,BBB,0,0,0,0,4,4,0,unchanged
I01467,Retail,2017,B,B,0,0,0,0,2,2,0,unchanged
I01468,Retail,2017,BB,BB,0,0,0,0,3,3,0,unchanged
I01469,Utilities,2017,CCC,CCC,0,0,0,0,1,1,0,unchanged
I01470,Real_Estate,2017,A,A,0,0,0,0,5,5,0,unchanged
I01471,Energy,2017,BBB,A,1,0,0,-1,4,5,1,upgrade
I01472,Telecom,2017,BBB,BBB,0,0,0,0,4,4,0,unchanged
I01473,Financials,2017,BBB,A,1,0,0,-1,4,5,1,upgrade
I01474,Healthcare,2017,BB,BB,0,0,0,0,3,3,0,unchanged
I01475,Retail,2017,A,A,0,0,0,0,5,5,0,unchanged
I01476,Retail,2017,BBB,A,1,0,0,-1,4,5,1,upgrade
I01477,Industrials,2017,CCC,CCC,0,0,0,0,1,1,0,unchanged
I01478,Retail,2017,B,B,0,0,0,0,2,2,0,unchanged
I01479,Energy,2017,B,B,0,0,0,0,2,2,0,unchanged
I01480,Telecom,2017,A,A,0,0,0,0,5,5,0,unchanged
I01481,Energy,2017,BB,B,0,1,0,1,3,2,-1,downgrade
I01482,Industrials,2017,BBB,BBB,0,0,0,0,4,4,0,unchanged
I01483,Technology,2017,B,B,0,0,0,0,2,2,0,unchanged
I01484,Telecom,2017,BB,BB,0,0,0,0,3,3,0,unchanged
I01485,Utilities,2017,B,B,0,0,0,0,2,2,0,unchanged
I01486,Industrials,2017,BBB,BBB,0,0,0,0,4,4,0,unchanged
I01487,Energy,2017,A,A,0,0,0,0,5,5,0,unchanged
I01488,Industrials,2017,A,A,0,0,0,0,5,5,0,unchanged
I01489,Industrials,2017,BBB,BBB,0,0,0,0,4,4,0,unchanged
I01490,Energy,2017,A,A,0,0,0,0,5,5,0,unchanged
I01491,Real_Estate,2017,BBB,BBB,0,0,0,0,4,4,0,unchanged
I01492,Real_Estate,2017,B,B,0,0,0,0,2,2,0,unchanged
I01493,Telecom,2017,AA,AA,0,0,0,0,6,6,0,unchanged
I01494,Financials,2017,BBB,BBB,0,0,0,0,4,4,0,unchanged
I01495,Financials,2017,AA,AA,0,0,0,0,6,6,0,unchanged
I01496,Healthcare,2017,A,A,0,0,0,0,5,5,0,unchanged
I01497,Healthcare,2017,A,A,0,0,0,0,5,5,0,unchanged
I01498,Real_Estate,2017,BBB,BBB,0,0,0,0,4,4,0,unchanged
I01499,Healthcare,2017,BB,BB,0,0,0,0,3,3,0,unchanged
I01500,Financials,2017,BBB,BBB,0,0,0,0,4,4,0,unchanged
I01501,Telecom,2017,BB,BB,0,0,0,0,3,3,0,unchanged
I01502,Retail,2017,BBB,BBB,0,0,0,0,4,4,0,unchanged
I01503,Healthcare,2017,A,A,0,0,0,0,5,5,0,unchanged
I01504,Healthcare,2017,BB,BB,0,0,0,0,3,3,0,unchanged
I01505,Real_Estate,2017,BBB,B,0,1,0,2,4,2,-2,downgrade
I01506,Financials,2017,BBB,BBB,0,0,0,0,4,4,0,unchanged
I01507,Telecom,2017,BBB,BBB,0,0,0,0,4,4,0,unchanged
I01508,Consumer,2017,BBB,BBB,0,0,0,0,4,4,0,unchanged
I01509,Financials,2017,BBB,BBB,0,0,0,0,4,4,0,unchanged
I01510,Telecom,2017,AA,AA,0,0,0,0,6,6,0,unchanged
I01511,Utilities,2017,CCC,CCC,0,0,0,0,1,1,0,unchanged
I01512,Utilities,2017,BB,BB,0,0,0,0,3,3,0,unchanged
I01513,Telecom,2017,BBB,BBB,0,0,0,0,4,4,0,unchanged
I01514,Industrials,2017,BB,BBB,1,0,0,-1,3,4,1,upgrade
I01515,Healthcare,2017,A,BBB,0,1,0,1,5,4,-1,downgrade
I01516,Industrials,2017,BBB,BBB,0,0,0,0,4,4,0,unchanged
I01517,Healthcare,2017,BB,BB,0,0,0,0,3,3,0,unchanged
I01518,Energy,2017,B,B,0,0,0,0,2,2,0,unchanged
I01519,Real_Estate,2017,BB,BB,0,0,0,0,3,3,0,unchanged
I01520,Utilities,2017,CCC,CCC,0,0,0,0,1,1,0,unchanged
I01521,Technology,2017,BBB,BBB,0,0,0,0,4,4,0,unchanged
I01522,Technology,2017,BBB,BBB,0,0,0,0,4,4,0,unchanged
I01523,Industrials,2017,B,B,0,0,0,0,2,2,0,unchanged
I01524,Telecom,2017,A,A,0,0,0,0,5,5,0,unchanged
I01525,Utilities,2017,BB,BB,0,0,0,0,3,3,0,unchanged
I01526,Financials,2017,A,A,0,0,0,0,5,5,0,unchanged
I01527,Real_Estate,2017,BB,BB,0,0,0,0,3,3,0,unchanged
I01528,Utilities,2017,AA,AA,0,0,0,0,6,6,0,unchanged
I01529,Telecom,2017,BBB,BBB,0,0,0,0,4,4,0,unchanged
I01530,Healthcare,2017,A,A,0,0,0,0,5,5,0,unchanged
I01531,Telecom,2017,CCC,CCC,0,0,0,0,1,1,0,unchanged
I01533,Financials,2017,A,A,0,0,0,0,5,5,0,unchanged
I01534,Energy,2017,BB,BB,0,0,0,0,3,3,0,unchanged
I01535,Utilities,2017,CCC,BB,1,0,0,-2,1,3,2,upgrade
I01536,Energy,2017,CCC,D,0,0,1,1,1,0,-1,default
I01537,Healthcare,2017,A,A,0,0,0,0,5,5,0,unchanged
I01538,Energy,2017,A,A,0,0,0,0,5,5,0,unchanged
I01539,Consumer,2017,BB,CCC,0,1,0,2,3,1,-2,downgrade
I01540,Consumer,2017,BBB,BBB,0,0,0,0,4,4,0,unchanged
I01541,Consumer,2017,BBB,BBB,0,0,0,0,4,4,0,unchanged
I01542,Financials,2017,BB,B,0,1,0,1,3,2,-1,downgrade
I01543,Industrials,2017,BBB,BBB,0,0,0,0,4,4,0,unchanged
I01544,Consumer,2017,B,B,0,0,0,0,2,2,0,unchanged
I01545,Healthcare,2017,AAA,AAA,0,0,0,0,7,7,0,unchanged
I01547,Utilities,2017,BBB,BBB,0,0,0,0,4,4,0,unchanged
I01548,Industrials,2017,BB,B,0,1,0,1,3,2,-1,downgrade
I01549,Consumer,2017,BBB,BBB,0,0,0,0,4,4,0,unchanged
I01550,Retail,2017,BB,CCC,0,1,0,2,3,1,-2,downgrade
I01551,Technology,2017,A,A,0,0,0,0,5,5,0,unchanged
I01552,Financials,2017,AA,AA,0,0,0,0,6,6,0,unchanged
I01553,Telecom,2017,BBB,BBB,0,0,0,0,4,4,0,unchanged
I01554,Retail,2017,CCC,CCC,0,0,0,0,1,1,0,unchanged
I01555,Energy,2017,B,D,0,0,1,2,2,0,-2,default
I01556,Healthcare,2017,BB,BBB,1,0,0,-1,3,4,1,upgrade
I01557,Real_Estate,2017,BBB,A,1,0,0,-1,4,5,1,upgrade
I01558,Technology,2017,BBB,BBB,0,0,0,0,4,4,0,unchanged
I01559,Energy,2017,BB,B,0,1,0,1,3,2,-1,downgrade
I01560,Industrials,2017,CCC,D,0,0,1,1,1,0,-1,default
I01561,Utilities,2017,B,B,0,0,0,0,2,2,0,unchanged
I01562,Industrials,2017,BBB,BBB,0,0,0,0,4,4,0,unchanged
I01563,Technology,2017,BB,BB,0,0,0,0,3,3,0,unchanged
I01564,Real_Estate,2017,BB,BB,0,0,0,0,3,3,0,unchanged
I01565,Retail,2017,A,A,0,0,0,0,5,5,0,unchanged
I01566,Financials,2017,B,B,0,0,0,0,2,2,0,unchanged
I01567,Energy,2017,B,B,0,0,0,0,2,2,0,unchanged
I01568,Technology,2017,BBB,BBB,0,0,0,0,4,4,0,unchanged
I01569,Consumer,2017,AAA,AAA,0,0,0,0,7,7,0,unchanged
I01571,Consumer,2017,BB,BB,0,0,0,0,3,3,0,unchanged
I01572,Utilities,2017,A,BBB,0,1,0,1,5,4,-1,downgrade
I01573,Retail,2017,AA,AA,0,0,0,0,6,6,0,unchanged
I01575,Utilities,2017,A,A,0,0,0,0,5,5,0,unchanged
I01577,Financials,2017,BB,B,0,1,0,1,3,2,-1,downgrade
I01578,Industrials,2017,BB,B,0,1,0,1,3,2,-1,downgrade
I01579,Industrials,2017,AA,AA,0,0,0,0,6,6,0,unchanged
I01580,Financials,2017,A,A,0,0,0,0,5,5,0,unchanged
I01581,Financials,2017,BB,BB,0,0,0,0,3,3,0,unchanged
I01582,Utilities,2017,AA,AA,0,0,0,0,6,6,0,unchanged
I01583,Industrials,2017,CCC,CCC,0,0,0,0,1,1,0,unchanged
I01584,Technology,2017,BB,BB,0,0,0,0,3,3,0,unchanged
I01585,Financials,2017,B,B,0,0,0,0,2,2,0,unchanged
I01586,Utilities,2017,A,A,0,0,0,0,5,5,0,unchanged
I01587,Healthcare,2017,BBB,BBB,0,0,0,0,4,4,0,unchanged
I01588,Real_Estate,2017,B,CCC,0,1,0,1,2,1,-1,downgrade
I01589,Telecom,2017,BBB,BBB,0,0,0,0,4,4,0,unchanged
I01590,Telecom,2017,BBB,A,1,0,0,-1,4,5,1,upgrade
I01591,Financials,2017,BB,BB,0,0,0,0,3,3,0,unchanged
I01592,Technology,2017,BBB,BBB,0,0,0,0,4,4,0,unchanged
I01593,Utilities,2017,B,B,0,0,0,0,2,2,0,unchanged
I01594,Real_Estate,2017,BB,B,0,1,0,1,3,2,-1,downgrade
I01595,Energy,2017,BBB,BBB,0,0,0,0,4,4,0,unchanged
I01596,Consumer,2017,A,A,0,0,0,0,5,5,0,unchanged
I01597,Retail,2017,A,A,0,0,0,0,5,5,0,unchanged
I01598,Consumer,2017,BBB,BBB,0,0,0,0,4,4,0,unchanged
I01599,Industrials,2017,AA,AA,0,0,0,0,6,6,0,unchanged
I01600,Retail,2017,B,B,0,0,0,0,2,2,0,unchanged
I01601,Financials,2017,B,B,0,0,0,0,2,2,0,unchanged
I01602,Healthcare,2017,AAA,AAA,0,0,0,0,7,7,0,unchanged
I01603,Healthcare,2017,AAA,AAA,0,0,0,0,7,7,0,unchanged
I01604,Industrials,2017,BB,BB,0,0,0,0,3,3,0,unchanged
I01605,Energy,2017,BBB,A,1,0,0,-1,4,5,1,upgrade
I01606,Technology,2017,A,A,0,0,0,0,5,5,0,unchanged
I01607,Utilities,2017,A,A,0,0,0,0,5,5,0,unchanged
I01608,Energy,2017,BBB,BBB,0,0,0,0,4,4,0,unchanged
I01609,Real_Estate,2017,BB,B,0,1,0,1,3,2,-1,downgrade
I01610,Industrials,2017,BBB,BBB,0,0,0,0,4,4,0,unchanged
I01611,Consumer,2017,CCC,CCC,0,0,0,0,1,1,0,unchanged
I01612,Industrials,2017,BB,BB,0,0,0,0,3,3,0,unchanged
I01613,Industrials,2017,CCC,CCC,0,0,0,0,1,1,0,unchanged
I01614,Technology,2017,BB,B,0,1,0,1,3,2,-1,downgrade
I01615,Consumer,2017,BBB,BBB,0,0,0,0,4,4,0,unchanged
I01616,Real_Estate,2017,B,B,0,0,0,0,2,2,0,unchanged
I01617,Industrials,2017,BB,BB,0,0,0,0,3,3,0,unchanged
I01618,Retail,2017,B,D,0,0,1,2,2,0,-2,default
I01619,Technology,2017,BBB,BBB,0,0,0,0,4,4,0,unchanged
I01620,Healthcare,2017,BBB,BBB,0,0,0,0,4,4,0,unchanged
I01621,Industrials,2017,BBB,BBB,0,0,0,0,4,4,0,unchanged
I01622,Financials,2017,CCC,CCC,0,0,0,0,1,1,0,unchanged
I01623,Energy,2017,A,AA,1,0,0,-1,5,6,1,upgrade
I01624,Energy,2017,BBB,BBB,0,0,0,0,4,4,0,unchanged
I01626,Energy,2017,B,B,0,0,0,0,2,2,0,unchanged
I01627,Financials,2017,AA,AA,0,0,0,0,6,6,0,unchanged
I01628,Real_Estate,2017,B,B,0,0,0,0,2,2,0,unchanged
I01629,Real_Estate,2017,AA,AA,0,0,0,0,6,6,0,unchanged
I01630,Telecom,2017,BB,BB,0,0,0,0,3,3,0,unchanged
I01631,Technology,2017,AAA,AAA,0,0,0,0,7,7,0,unchanged
I01632,Healthcare,2017,BBB,BBB,0,0,0,0,4,4,0,unchanged
I01633,Financials,2017,BBB,BBB,0,0,0,0,4,4,0,unchanged
I01634,Telecom,2017,BBB,BBB,0,0,0,0,4,4,0,unchanged
I01635,Telecom,2017,B,B,0,0,0,0,2,2,0,unchanged
I01636,Technology,2017,BB,BB,0,0,0,0,3,3,0,unchanged
I01637,Financials,2017,BBB,BBB,0,0,0,0,4,4,0,unchanged
I01638,Utilities,2017,BBB,BBB,0,0,0,0,4,4,0,unchanged
I01639,Energy,2017,BBB,BBB,0,0,0,0,4,4,0,unchanged
I01640,Technology,2017,CCC,CCC,0,0,0,0,1,1,0,unchanged
I01641,Industrials,2017,BBB,BBB,0,0,0,0,4,4,0,unchanged
I01642,Consumer,2017,A,BBB,0,1,0,1,5,4,-1,downgrade
I01643,Utilities,2017,BBB,BB,0,1,0,1,4,3,-1,downgrade
I01645,Industrials,2017,BB,B,0,1,0,1,3,2,-1,downgrade
I01646,Healthcare,2017,BBB,BBB,0,0,0,0,4,4,0,unchanged
I01648,Retail,2017,BB,BB,0,0,0,0,3,3,0,unchanged
I01649,Financials,2017,A,A,0,0,0,0,5,5,0,unchanged
I01650,Technology,2017,BBB,BBB,0,0,0,0,4,4,0,unchanged
I01651,Retail,2017,B,BBB,1,0,0,-2,2,4,2,upgrade
I01652,Energy,2017,A,A,0,0,0,0,5,5,0,unchanged
I01653,Industrials,2017,BBB,BBB,0,0,0,0,4,4,0,unchanged
I01654,Retail,2017,B,B,0,0,0,0,2,2,0,unchanged
I01656,Healthcare,2017,BB,BB,0,0,0,0,3,3,0,unchanged
I01657,Retail,2017,B,B,0,0,0,0,2,2,0,unchanged
I01658,Energy,2017,CCC,CCC,0,0,0,0,1,1,0,unchanged
I01659,Technology,2017,A,A,0,0,0,0,5,5,0,unchanged
I01660,Industrials,2017,A,A,0,0,0,0,5,5,0,unchanged
I01661,Utilities,2017,BB,BB,0,0,0,0,3,3,0,unchanged
I01662,Industrials,2017,B,B,0,0,0,0,2,2,0,unchanged
I01663,Industrials,2017,B,B,0,0,0,0,2,2,0,unchanged
I01664,Telecom,2017,B,BB,1,0,0,-1,2,3,1,upgrade
I01665,Retail,2017,BBB,BBB,0,0,0,0,4,4,0,unchanged
I01666,Consumer,2017,BB,BB,0,0,0,0,3,3,0,unchanged
I01667,Healthcare,2017,BBB,A,1,0,0,-1,4,5,1,upgrade
I01668,Energy,2017,BB,D,0,0,1,3,3,0,-3,default
I01669,Real_Estate,2017,BBB,BBB,0,0,0,0,4,4,0,unchanged
I01670,Retail,2017,A,A,0,0,0,0,5,5,0,unchanged
I01671,Technology,2017,BBB,B,0,1,0,2,4,2,-2,downgrade
I01672,Consumer,2017,AA,AA,0,0,0,0,6,6,0,unchanged
I01673,Real_Estate,2017,B,B,0,0,0,0,2,2,0,unchanged
I01674,Utilities,2017,A,A,0,0,0,0,5,5,0,unchanged
I01675,Retail,2017,BB,BB,0,0,0,0,3,3,0,unchanged
I01676,Telecom,2017,AA,AA,0,0,0,0,6,6,0,unchanged
I01677,Utilities,2017,BBB,BB,0,1,0,1,4,3,-1,downgrade
I01678,Real_Estate,2017,AAA,AAA,0,0,0,0,7,7,0,unchanged
I01679,Telecom,2017,BB,BB,0,0,0,0,3,3,0,unchanged
I01680,Financials,2017,BB,BB,0,0,0,0,3,3,0,unchanged
I01681,Healthcare,2017,AA,AA,0,0,0,0,6,6,0,unchanged
I01682,Real_Estate,2017,BBB,BB,0,1,0,1,4,3,-1,downgrade
I01683,Technology,2017,A,A,0,0,0,0,5,5,0,unchanged
I01684,Healthcare,2017,BB,BB,0,0,0,0,3,3,0,unchanged
I01685,Telecom,2017,BBB,AAA,1,0,0,-3,4,7,3,upgrade
I01686,Utilities,2017,AA,AA,0,0,0,0,6,6,0,unchanged
I01687,Real_Estate,2017,A,A,0,0,0,0,5,5,0,unchanged
I01688,Energy,2017,A,A,0,0,0,0,5,5,0,unchanged
I01689,Retail,2017,A,A,0,0,0,0,5,5,0,unchanged
I01691,Consumer,2017,A,A,0,0,0,0,5,5,0,unchanged
I01692,Energy,2017,BBB,BBB,0,0,0,0,4,4,0,unchanged
I01693,Healthcare,2017,AA,AA,0,0,0,0,6,6,0,unchanged
I01694,Consumer,2017,BBB,BBB,0,0,0,0,4,4,0,unchanged
I01695,Financials,2017,B,B,0,0,0,0,2,2,0,unchanged
I01696,Technology,2017,BBB,BBB,0,0,0,0,4,4,0,unchanged
I01697,Telecom,2017,BBB,BBB,0,0,0,0,4,4,0,unchanged
I01698,Energy,2017,BB,BB,0,0,0,0,3,3,0,unchanged
I01699,Retail,2017,A,A,0,0,0,0,5,5,0,unchanged
I01700,Industrials,2017,BB,BBB,1,0,0,-1,3,4,1,upgrade
I01701,Industrials,2017,A,A,0,0,0,0,5,5,0,unchanged
I01702,Technology,2017,B,B,0,0,0,0,2,2,0,unchanged
I01703,Energy,2017,CCC,CCC,0,0,0,0,1,1,0,unchanged
I01704,Industrials,2017,A,A,0,0,0,0,5,5,0,unchanged
I01705,Energy,2017,A,A,0,0,0,0,5,5,0,unchanged
I01706,Consumer,2017,BBB,BBB,0,0,0,0,4,4,0,unchanged
I01707,Retail,2017,A,A,0,0,0,0,5,5,0,unchanged
I01708,Consumer,2017,BBB,BBB,0,0,0,0,4,4,0,unchanged
I01709,Technology,2017,B,B,0,0,0,0,2,2,0,unchanged
I01710,Utilities,2017,AA,AA,0,0,0,0,6,6,0,unchanged
I01711,Telecom,2017,B,CCC,0,1,0,1,2,1,-1,downgrade
I01712,Utilities,2017,B,B,0,0,0,0,2,2,0,unchanged
I01713,Telecom,2017,BBB,BBB,0,0,0,0,4,4,0,unchanged
I01714,Financials,2017,AA,AA,0,0,0,0,6,6,0,unchanged
I01715,Industrials,2017,A,A,0,0,0,0,5,5,0,unchanged
I01716,Industrials,2017,A,A,0,0,0,0,5,5,0,unchanged
I01717,Technology,2017,BBB,BBB,0,0,0,0,4,4,0,unchanged
I01718,Consumer,2017,B,B,0,0,0,0,2,2,0,unchanged
I01719,Healthcare,2017,BBB,BBB,0,0,0,0,4,4,0,unchanged
I01721,Telecom,2017,B,B,0,0,0,0,2,2,0,unchanged
I01722,Technology,2017,B,B,0,0,0,0,2,2,0,unchanged
I01723,Utilities,2017,B,B,0,0,0,0,2,2,0,unchanged
I01724,Energy,2017,BBB,BBB,0,0,0,0,4,4,0,unchanged
I01725,Energy,2017,CCC,CCC,0,0,0,0,1,1,0,unchanged
I01726,Financials,2017,BBB,BBB,0,0,0,0,4,4,0,unchanged
I01727,Industrials,2017,BBB,BBB,0,0,0,0,4,4,0,unchanged
I01728,Healthcare,2017,AA,AA,0,0,0,0,6,6,0,unchanged
I01729,Financials,2017,BB,BB,0,0,0,0,3,3,0,unchanged
I01730,Technology,2017,BBB,BBB,0,0,0,0,4,4,0,unchanged
I01731,Technology,2017,BBB,BBB,0,0,0,0,4,4,0,unchanged
I01732,Industrials,2017,BBB,BBB,0,0,0,0,4,4,0,unchanged
I01733,Energy,2017,B,B,0,0,0,0,2,2,0,unchanged
I01734,Consumer,2017,AA,AA,0,0,0,0,6,6,0,unchanged
I01735,Retail,2017,BBB,BBB,0,0,0,0,4,4,0,unchanged
I01736,Utilities,2017,A,A,0,0,0,0,5,5,0,unchanged
I01737,Industrials,2017,A,A,0,0,0,0,5,5,0,unchanged
I01738,Energy,2017,B,B,0,0,0,0,2,2,0,unchanged
I01739,Healthcare,2017,BBB,BBB,0,0,0,0,4,4,0,unchanged
I01740,Industrials,2017,AA,A,0,1,0,1,6,5,-1,downgrade
I01741,Financials,2017,A,A,0,0,0,0,5,5,0,unchanged
I01743,Utilities,2017,BBB,BBB,0,0,0,0,4,4,0,unchanged
I01744,Technology,2017,BB,BB,0,0,0,0,3,3,0,unchanged
I01745,Retail,2017,CCC,D,0,0,1,1,1,0,-1,default
I01746,Telecom,2017,A,A,0,0,0,0,5,5,0,unchanged
I01747,Retail,2017,B,B,0,0,0,0,2,2,0,unchanged
I01748,Telecom,2017,AA,AA,0,0,0,0,6,6,0,unchanged
I01749,Telecom,2017,B,B,0,0,0,0,2,2,0,unchanged
I01750,Utilities,2017,AA,AA,0,0,0,0,6,6,0,unchanged
I01751,Utilities,2017,B,B,0,0,0,0,2,2,0,unchanged
I01752,Utilities,2017,CCC,CCC,0,0,0,0,1,1,0,unchanged
I01753,Real_Estate,2017,A,A,0,0,0,0,5,5,0,unchanged
I01754,Technology,2017,AAA,AAA,0,0,0,0,7,7,0,unchanged
I01755,Consumer,2017,BB,BB,0,0,0,0,3,3,0,unchanged
I01756,Technology,2017,B,B,0,0,0,0,2,2,0,unchanged
I01757,Financials,2017,A,A,0,0,0,0,5,5,0,unchanged
I01758,Retail,2017,BB,BB,0,0,0,0,3,3,0,unchanged
I01759,Financials,2017,A,A,0,0,0,0,5,5,0,unchanged
I01760,Energy,2017,A,A,0,0,0,0,5,5,0,unchanged
I01761,Financials,2017,BBB,BBB,0,0,0,0,4,4,0,unchanged
I01762,Industrials,2017,BBB,BBB,0,0,0,0,4,4,0,unchanged
I01763,Technology,2017,B,BBB,1,0,0,-2,2,4,2,upgrade
I01764,Retail,2017,AA,AA,0,0,0,0,6,6,0,unchanged
I01765,Utilities,2017,A,BBB,0,1,0,1,5,4,-1,downgrade
I01766,Telecom,2017,AA,AA,0,0,0,0,6,6,0,unchanged
I01767,Telecom,2017,B,B,0,0,0,0,2,2,0,unchanged
I01768,Financials,2017,BBB,BBB,0,0,0,0,4,4,0,unchanged
I01769,Healthcare,2017,B,B,0,0,0,0,2,2,0,unchanged
I01770,Utilities,2017,A,A,0,0,0,0,5,5,0,unchanged
I01771,Real_Estate,2017,AA,AA,0,0,0,0,6,6,0,unchanged
I01772,Retail,2017,CCC,CCC,0,0,0,0,1,1,0,unchanged
I01773,Retail,2017,A,A,0,0,0,0,5,5,0,unchanged
I01774,Telecom,2017,BB,BB,0,0,0,0,3,3,0,unchanged
I01775,Financials,2017,B,B,0,0,0,0,2,2,0,unchanged
I01776,Retail,2017,A,A,0,0,0,0,5,5,0,unchanged
I01777,Real_Estate,2017,B,B,0,0,0,0,2,2,0,unchanged
I01778,Retail,2017,B,B,0,0,0,0,2,2,0,unchanged
I01779,Utilities,2017,A,AA,1,0,0,-1,5,6,1,upgrade
I01780,Industrials,2017,AA,AA,0,0,0,0,6,6,0,unchanged
I01781,Real_Estate,2017,AA,AA,0,0,0,0,6,6,0,unchanged
I01782,Retail,2017,BB,BB,0,0,0,0,3,3,0,unchanged
I01784,Technology,2017,BBB,A,1,0,0,-1,4,5,1,upgrade
I01785,Healthcare,2017,BBB,BBB,0,0,0,0,4,4,0,unchanged
I01786,Industrials,2017,B,B,0,0,0,0,2,2,0,unchanged
I01787,Healthcare,2017,BB,BB,0,0,0,0,3,3,0,unchanged
I01788,Retail,2017,BBB,BBB,0,0,0,0,4,4,0,unchanged
I01789,Consumer,2017,CCC,CCC,0,0,0,0,1,1,0,unchanged
I01790,Real_Estate,2017,BBB,BBB,0,0,0,0,4,4,0,unchanged
I01791,Retail,2017,AA,AA,0,0,0,0,6,6,0,unchanged
I01792,Industrials,2017,BBB,BBB,0,0,0,0,4,4,0,unchanged
I01793,Utilities,2017,CCC,CCC,0,0,0,0,1,1,0,unchanged
I01794,Healthcare,2017,BB,BB,0,0,0,0,3,3,0,unchanged
I01795,Financials,2017,CCC,D,0,0,1,1,1,0,-1,default
I01796,Telecom,2017,A,A,0,0,0,0,5,5,0,unchanged
I01797,Real_Estate,2017,AA,AA,0,0,0,0,6,6,0,unchanged
I01798,Technology,2017,A,A,0,0,0,0,5,5,0,unchanged
I01799,Utilities,2017,AAA,AAA,0,0,0,0,7,7,0,unchanged
I01800,Financials,2017,BBB,BBB,0,0,0,0,4,4,0,unchanged
I01801,Real_Estate,2017,BBB,A,1,0,0,-1,4,5,1,upgrade
I01802,Energy,2017,BBB,BBB,0,0,0,0,4,4,0,unchanged
I01803,Energy,2017,BB,BB,0,0,0,0,3,3,0,unchanged
I01804,Energy,2017,BB,B,0,1,0,1,3,2,-1,downgrade
I01806,Healthcare,2017,BBB,A,1,0,0,-1,4,5,1,upgrade
I01807,Energy,2017,BBB,BBB,0,0,0,0,4,4,0,unchanged
I01808,Utilities,2017,BB,BB,0,0,0,0,3,3,0,unchanged
I01809,Consumer,2017,BBB,BBB,0,0,0,0,4,4,0,unchanged
I01810,Technology,2017,B,D,0,0,1,2,2,0,-2,default
I01811,Telecom,2017,BB,BB,0,0,0,0,3,3,0,unchanged
I01812,Technology,2017,BB,BB,0,0,0,0,3,3,0,unchanged
I01814,Retail,2017,A,A,0,0,0,0,5,5,0,unchanged
I01816,Technology,2017,B,B,0,0,0,0,2,2,0,unchanged
I01817,Utilities,2017,B,B,0,0,0,0,2,2,0,unchanged
I01818,Technology,2017,BBB,BBB,0,0,0,0,4,4,0,unchanged
I01819,Industrials,2017,BBB,BBB,0,0,0,0,4,4,0,unchanged
I01820,Financials,2017,BBB,BBB,0,0,0,0,4,4,0,unchanged
I01821,Technology,2017,BB,BB,0,0,0,0,3,3,0,unchanged
I01822,Consumer,2017,BB,BB,0,0,0,0,3,3,0,unchanged
I01823,Energy,2017,BB,BB,0,0,0,0,3,3,0,unchanged
I01824,Industrials,2017,B,B,0,0,0,0,2,2,0,unchanged
I01825,Utilities,2017,BB,BBB,1,0,0,-1,3,4,1,upgrade
I01826,Technology,2017,A,A,0,0,0,0,5,5,0,unchanged
I01827,Healthcare,2017,BBB,BBB,0,0,0,0,4,4,0,unchanged
I01828,Consumer,2017,BBB,BBB,0,0,0,0,4,4,0,unchanged
I01829,Utilities,2017,BBB,BBB,0,0,0,0,4,4,0,unchanged
I01830,Industrials,2017,BBB,BBB,0,0,0,0,4,4,0,unchanged
I01831,Financials,2017,BBB,BBB,0,0,0,0,4,4,0,unchanged
I01832,Energy,2017,B,B,0,0,0,0,2,2,0,unchanged
I01833,Utilities,2017,BBB,BBB,0,0,0,0,4,4,0,unchanged
I01834,Energy,2017,BBB,BBB,0,0,0,0,4,4,0,unchanged
I01835,Financials,2017,A,A,0,0,0,0,5,5,0,unchanged
I01836,Financials,2017,BB,BB,0,0,0,0,3,3,0,unchanged
I01837,Consumer,2017,AA,AA,0,0,0,0,6,6,0,unchanged
I01838,Industrials,2017,A,A,0,0,0,0,5,5,0,unchanged
I01839,Healthcare,2017,B,B,0,0,0,0,2,2,0,unchanged
I01841,Retail,2017,AAA,AAA,0,0,0,0,7,7,0,unchanged
I01842,Retail,2017,AAA,AAA,0,0,0,0,7,7,0,unchanged
I01843,Industrials,2017,B,B,0,0,0,0,2,2,0,unchanged
I01844,Retail,2017,BBB,BBB,0,0,0,0,4,4,0,unchanged
I01845,Telecom,2017,B,B,0,0,0,0,2,2,0,unchanged
I01846,Technology,2017,A,A,0,0,0,0,5,5,0,unchanged
I01847,Healthcare,2017,BBB,BBB,0,0,0,0,4,4,0,unchanged
I01848,Industrials,2017,BB,BB,0,0,0,0,3,3,0,unchanged
I01849,Industrials,2017,B,B,0,0,0,0,2,2,0,unchanged
I01850,Financials,2017,BB,BB,0,0,0,0,3,3,0,unchanged
I01851,Real_Estate,2017,BBB,BB,0,1,0,1,4,3,-1,downgrade
I01852,Utilities,2017,A,BBB,0,1,0,1,5,4,-1,downgrade
I01853,Utilities,2017,BB,BB,0,0,0,0,3,3,0,unchanged
I01854,Utilities,2017,A,A,0,0,0,0,5,5,0,unchanged
I01855,Consumer,2017,BBB,BBB,0,0,0,0,4,4,0,unchanged
I01856,Consumer,2017,A,A,0,0,0,0,5,5,0,unchanged
I01857,Healthcare,2017,BBB,BBB,0,0,0,0,4,4,0,unchanged
I01858,Industrials,2017,BB,BB,0,0,0,0,3,3,0,unchanged
I01859,Technology,2017,CCC,CCC,0,0,0,0,1,1,0,unchanged
I01860,Telecom,2017,A,A,0,0,0,0,5,5,0,unchanged
I01861,Telecom,2017,A,A,0,0,0,0,5,5,0,unchanged
I01862,Utilities,2017,A,A,0,0,0,0,5,5,0,unchanged
I01863,Telecom,2017,BB,BB,0,0,0,0,3,3,0,unchanged
I01864,Telecom,2017,BBB,BBB,0,0,0,0,4,4,0,unchanged
I01865,Retail,2017,A,A,0,0,0,0,5,5,0,unchanged
I01866,Technology,2017,BBB,BBB,0,0,0,0,4,4,0,unchanged
I01867,Telecom,2017,BBB,BBB,0,0,0,0,4,4,0,unchanged
I01868,Industrials,2017,A,A,0,0,0,0,5,5,0,unchanged
I01869,Utilities,2017,BBB,BBB,0,0,0,0,4,4,0,unchanged
I01870,Consumer,2017,BBB,A,1,0,0,-1,4,5,1,upgrade
I01871,Technology,2017,AAA,AA,0,1,0,1,7,6,-1,downgrade
I01872,Industrials,2017,AA,A,0,1,0,1,6,5,-1,downgrade
I01873,Technology,2017,BBB,A,1,0,0,-1,4,5,1,upgrade
I01875,Energy,2017,BBB,BBB,0,0,0,0,4,4,0,unchanged
I01876,Energy,2017,BBB,BB,0,1,0,1,4,3,-1,downgrade
I01877,Telecom,2017,AA,AA,0,0,0,0,6,6,0,unchanged
I01878,Real_Estate,2017,AA,A,0,1,0,1,6,5,-1,downgrade
I01879,Telecom,2017,B,B,0,0,0,0,2,2,0,unchanged
I01880,Real_Estate,2017,BB,BB,0,0,0,0,3,3,0,unchanged
I01881,Healthcare,2017,CCC,D,0,0,1,1,1,0,-1,default
I01882,Industrials,2017,BBB,BB,0,1,0,1,4,3,-1,downgrade
I01883,Utilities,2017,B,B,0,0,0,0,2,2,0,unchanged
I01884,Retail,2017,BBB,BBB,0,0,0,0,4,4,0,unchanged
I01885,Energy,2017,BBB,BBB,0,0,0,0,4,4,0,unchanged
I01886,Financials,2017,BB,BB,0,0,0,0,3,3,0,unchanged
I01887,Utilities,2017,BBB,BBB,0,0,0,0,4,4,0,unchanged
I01888,Financials,2017,BB,BB,0,0,0,0,3,3,0,unchanged
I01889,Industrials,2017,A,BBB,0,1,0,1,5,4,-1,downgrade
I01890,Industrials,2017,AAA,AAA,0,0,0,0,7,7,0,unchanged
I01891,Real_Estate,2017,BBB,BBB,0,0,0,0,4,4,0,unchanged
I01892,Utilities,2017,BB,BB,0,0,0,0,3,3,0,unchanged
I01893,Real_Estate,2017,CCC,CCC,0,0,0,0,1,1,0,unchanged
I01894,Industrials,2017,B,B,0,0,0,0,2,2,0,unchanged
I01895,Consumer,2017,AAA,AAA,0,0,0,0,7,7,0,unchanged
I01896,Consumer,2017,BB,BB,0,0,0,0,3,3,0,unchanged
I01897,Financials,2017,B,B,0,0,0,0,2,2,0,unchanged
I01898,Telecom,2017,BBB,BBB,0,0,0,0,4,4,0,unchanged
I01899,Retail,2017,BB,BB,0,0,0,0,3,3,0,unchanged
I01901,Energy,2017,AA,AA,0,0,0,0,6,6,0,unchanged
I01902,Industrials,2017,CCC,B,1,0,0,-1,1,2,1,upgrade
I01903,Utilities,2017,A,A,0,0,0,0,5,5,0,unchanged
I01904,Industrials,2017,A,A,0,0,0,0,5,5,0,unchanged
I01905,Telecom,2017,BBB,A,1,0,0,-1,4,5,1,upgrade
I01906,Healthcare,2017,AA,A,0,1,0,1,6,5,-1,downgrade
I01907,Technology,2017,B,B,0,0,0,0,2,2,0,unchanged
I01908,Healthcare,2017,AA,AA,0,0,0,0,6,6,0,unchanged
I01909,Retail,2017,BBB,BBB,0,0,0,0,4,4,0,unchanged
I01910,Retail,2017,BB,BB,0,0,0,0,3,3,0,unchanged
I01911,Telecom,2017,AA,AA,0,0,0,0,6,6,0,unchanged
I01912,Healthcare,2017,BBB,BBB,0,0,0,0,4,4,0,unchanged
I01913,Real_Estate,2017,BBB,BBB,0,0,0,0,4,4,0,unchanged
I01914,Consumer,2017,BB,B,0,1,0,1,3,2,-1,downgrade
I01915,Financials,2017,BBB,BBB,0,0,0,0,4,4,0,unchanged
I01916,Real_Estate,2017,B,B,0,0,0,0,2,2,0,unchanged
I01917,Financials,2017,CCC,D,0,0,1,1,1,0,-1,default
I01918,Retail,2017,AA,AA,0,0,0,0,6,6,0,unchanged
I01919,Telecom,2017,B,BB,1,0,0,-1,2,3,1,upgrade
I01921,Consumer,2017,B,B,0,0,0,0,2,2,0,unchanged
I01922,Healthcare,2017,BBB,BBB,0,0,0,0,4,4,0,unchanged
I01923,Healthcare,2017,B,B,0,0,0,0,2,2,0,unchanged
I01924,Energy,2017,CCC,CCC,0,0,0,0,1,1,0,unchanged
I01925,Utilities,2017,BB,B,0,1,0,1,3,2,-1,downgrade
I01926,Healthcare,2017,A,A,0,0,0,0,5,5,0,unchanged
I01927,Telecom,2017,BBB,BBB,0,0,0,0,4,4,0,unchanged
I01928,Consumer,2017,BB,BB,0,0,0,0,3,3,0,unchanged
I01929,Industrials,2017,AA,AA,0,0,0,0,6,6,0,unchanged
I01930,Financials,2017,BBB,BB,0,1,0,1,4,3,-1,downgrade
I01931,Telecom,2017,BB,BB,0,0,0,0,3,3,0,unchanged
I01932,Consumer,2017,B,B,0,0,0,0,2,2,0,unchanged
I01933,Real_Estate,2017,B,B,0,0,0,0,2,2,0,unchanged
I01934,Consumer,2017,B,B,0,0,0,0,2,2,0,unchanged
I01935,Industrials,2017,A,A,0,0,0,0,5,5,0,unchanged
I01936,Retail,2017,BBB,BBB,0,0,0,0,4,4,0,unchanged
I01938,Energy,2017,BBB,BBB,0,0,0,0,4,4,0,unchanged
I01939,Financials,2017,AA,AA,0,0,0,0,6,6,0,unchanged
I01940,Technology,2017,B,B,0,0,0,0,2,2,0,unchanged
I01941,Technology,2017,BB,BB,0,0,0,0,3,3,0,unchanged
I01942,Financials,2017,BBB,BBB,0,0,0,0,4,4,0,unchanged
I01943,Healthcare,2017,AA,AA,0,0,0,0,6,6,0,unchanged
I01944,Financials,2017,BBB,BBB,0,0,0,0,4,4,0,unchanged
I01945,Financials,2017,A,A,0,0,0,0,5,5,0,unchanged
I01947,Consumer,2017,BBB,BBB,0,0,0,0,4,4,0,unchanged
I01948,Financials,2017,B,BB,1,0,0,-1,2,3,1,upgrade
I01949,Real_Estate,2017,BBB,BBB,0,0,0,0,4,4,0,unchanged
I01950,Real_Estate,2017,AA,AA,0,0,0,0,6,6,0,unchanged
I01951,Utilities,2017,BBB,BBB,0,0,0,0,4,4,0,unchanged
I01953,Energy,2017,BBB,B,0,1,0,2,4,2,-2,downgrade
I01954,Industrials,2017,AAA,AAA,0,0,0,0,7,7,0,unchanged
I01955,Energy,2017,BB,A,1,0,0,-2,3,5,2,upgrade
I01956,Retail,2017,BB,BB,0,0,0,0,3,3,0,unchanged
I01957,Consumer,2017,BB,BB,0,0,0,0,3,3,0,unchanged
I01960,Utilities,2017,BB,BB,0,0,0,0,3,3,0,unchanged
I01961,Healthcare,2017,BB,D,0,0,1,3,3,0,-3,default
I01962,Consumer,2017,B,D,0,0,1,2,2,0,-2,default
I01963,Energy,2017,BB,BB,0,0,0,0,3,3,0,unchanged
I01964,Retail,2017,BBB,BBB,0,0,0,0,4,4,0,unchanged
I01965,Consumer,2017,AA,AA,0,0,0,0,6,6,0,unchanged
I01966,Utilities,2017,BBB,BBB,0,0,0,0,4,4,0,unchanged
I01967,Industrials,2017,BBB,BBB,0,0,0,0,4,4,0,unchanged
I01968,Healthcare,2017,BBB,BBB,0,0,0,0,4,4,0,unchanged
I01969,Consumer,2017,BB,BB,0,0,0,0,3,3,0,unchanged
I01970,Consumer,2017,BB,BB,0,0,0,0,3,3,0,unchanged
I01971,Retail,2017,BB,BB,0,0,0,0,3,3,0,unchanged
I01973,Utilities,2017,BBB,BBB,0,0,0,0,4,4,0,unchanged
I01974,Retail,2017,BB,BB,0,0,0,0,3,3,0,unchanged
I01975,Utilities,2017,A,A,0,0,0,0,5,5,0,unchanged
I01976,Technology,2017,BBB,BBB,0,0,0,0,4,4,0,unchanged
I01977,Healthcare,2017,BB,BB,0,0,0,0,3,3,0,unchanged
I01978,Telecom,2017,BBB,BBB,0,0,0,0,4,4,0,unchanged
I01979,Financials,2017,A,BBB,0,1,0,1,5,4,-1,downgrade
I01980,Consumer,2017,A,A,0,0,0,0,5,5,0,unchanged
I01981,Retail,2017,A,AA,1,0,0,-1,5,6,1,upgrade
I01982,Industrials,2017,BB,BB,0,0,0,0,3,3,0,unchanged
I01983,Technology,2017,B,B,0,0,0,0,2,2,0,unchanged
I01984,Industrials,2017,BBB,BBB,0,0,0,0,4,4,0,unchanged
I01985,Technology,2017,AA,AA,0,0,0,0,6,6,0,unchanged
I01986,Consumer,2017,BBB,BBB,0,0,0,0,4,4,0,unchanged
I01987,Retail,2017,B,B,0,0,0,0,2,2,0,unchanged
I01988,Healthcare,2017,BBB,BBB,0,0,0,0,4,4,0,unchanged
I01989,Industrials,2017,A,A,0,0,0,0,5,5,0,unchanged
I01990,Financials,2017,BBB,BBB,0,0,0,0,4,4,0,unchanged
I01991,Real_Estate,2017,B,B,0,0,0,0,2,2,0,unchanged
I01992,Utilities,2017,B,BB,1,0,0,-1,2,3,1,upgrade
I01993,Energy,2017,BB,BB,0,0,0,0,3,3,0,unchanged
I01994,Real_Estate,2017,BBB,BBB,0,0,0,0,4,4,0,unchanged
I01995,Real_Estate,2017,BB,BB,0,0,0,0,3,3,0,unchanged
I01996,Energy,2017,A,A,0,0,0,0,5,5,0,unchanged
I01997,Utilities,2017,BBB,BBB,0,0,0,0,4,4,0,unchanged
I01998,Telecom,2017,BB,BB,0,0,0,0,3,3,0,unchanged
I01999,Consumer,2017,BBB,BBB,0,0,0,0,4,4,0,unchanged
I02000,Financials,2017,A,A,0,0,0,0,5,5,0,unchanged
I00001,Consumer,2018,A,A,0,0,0,0,5,5,0,unchanged
I00002,Industrials,2018,BBB,BBB,0,0,0,0,4,4,0,unchanged
I00003,Industrials,2018,BB,BB,0,0,0,0,3,3,0,unchanged
I00004,Industrials,2018,BBB,BBB,0,0,0,0,4,4,0,unchanged
I00005,Real_Estate,2018,A,A,0,0,0,0,5,5,0,unchanged
I00006,Financials,2018,B,B,0,0,0,0,2,2,0,unchanged
I00007,Utilities,2018,BBB,BBB,0,0,0,0,4,4,0,unchanged
I00008,Healthcare,2018,BBB,BBB,0,0,0,0,4,4,0,unchanged
I00009,Consumer,2018,BBB,BBB,0,0,0,0,4,4,0,unchanged
I00010,Real_Estate,2018,AA,AA,0,0,0,0,6,6,0,unchanged
I00011,Healthcare,2018,BBB,BBB,0,0,0,0,4,4,0,unchanged
I00012,Retail,2018,BBB,BBB,0,0,0,0,4,4,0,unchanged
I00014,Telecom,2018,BB,BBB,1,0,0,-1,3,4,1,upgrade
I00015,Telecom,2018,B,B,0,0,0,0,2,2,0,unchanged
I00016,Healthcare,2018,CCC,CCC,0,0,0,0,1,1,0,unchanged
I00017,Retail,2018,CCC,CCC,0,0,0,0,1,1,0,unchanged
I00018,Consumer,2018,BB,BB,0,0,0,0,3,3,0,unchanged
I00019,Utilities,2018,A,A,0,0,0,0,5,5,0,unchanged
I00020,Healthcare,2018,B,B,0,0,0,0,2,2,0,unchanged
I00021,Financials,2018,BB,BB,0,0,0,0,3,3,0,unchanged
I00025,Retail,2018,AAA,AAA,0,0,0,0,7,7,0,unchanged
I00028,Telecom,2018,BBB,BBB,0,0,0,0,4,4,0,unchanged
I00029,Energy,2018,B,B,0,0,0,0,2,2,0,unchanged
I00030,Utilities,2018,CCC,B,1,0,0,-1,1,2,1,upgrade
I00031,Utilities,2018,A,AA,1,0,0,-1,5,6,1,upgrade
I00032,Healthcare,2018,B,B,0,0,0,0,2,2,0,unchanged
I00033,Energy,2018,BBB,BBB,0,0,0,0,4,4,0,unchanged
I00034,Financials,2018,CCC,CCC,0,0,0,0,1,1,0,unchanged
I00036,Real_Estate,2018,BBB,BBB,0,0,0,0,4,4,0,unchanged
I00037,Retail,2018,BB,BB,0,0,0,0,3,3,0,unchanged
I00038,Telecom,2018,A,A,0,0,0,0,5,5,0,unchanged
I00039,Energy,2018,B,B,0,0,0,0,2,2,0,unchanged
I00040,Utilities,2018,BBB,BBB,0,0,0,0,4,4,0,unchanged
I00041,Energy,2018,B,B,0,0,0,0,2,2,0,unchanged
I00042,Financials,2018,BBB,BBB,0,0,0,0,4,4,0,unchanged
I00043,Healthcare,2018,BBB,BBB,0,0,0,0,4,4,0,unchanged
I00044,Telecom,2018,BB,B,0,1,0,1,3,2,-1,downgrade
I00045,Technology,2018,AA,AA,0,0,0,0,6,6,0,unchanged
I00046,Energy,2018,AAA,AAA,0,0,0,0,7,7,0,unchanged
I00047,Energy,2018,AA,AA,0,0,0,0,6,6,0,unchanged
I00048,Healthcare,2018,BB,BB,0,0,0,0,3,3,0,unchanged
I00049,Telecom,2018,A,A,0,0,0,0,5,5,0,unchanged
I00050,Technology,2018,BB,BB,0,0,0,0,3,3,0,unchanged
I00051,Financials,2018,AAA,AAA,0,0,0,0,7,7,0,unchanged
I00052,Consumer,2018,B,B,0,0,0,0,2,2,0,unchanged
I00053,Industrials,2018,BBB,BBB,0,0,0,0,4,4,0,unchanged
I00054,Industrials,2018,B,B,0,0,0,0,2,2,0,unchanged
I00055,Financials,2018,A,A,0,0,0,0,5,5,0,unchanged
I00056,Industrials,2018,BBB,BBB,0,0,0,0,4,4,0,unchanged
I00057,Utilities,2018,BB,BB,0,0,0,0,3,3,0,unchanged
I00058,Real_Estate,2018,BBB,BB,0,1,0,1,4,3,-1,downgrade
I00059,Consumer,2018,CCC,CCC,0,0,0,0,1,1,0,unchanged
I00060,Healthcare,2018,BB,A,1,0,0,-2,3,5,2,upgrade
I00061,Energy,2018,B,BB,1,0,0,-1,2,3,1,upgrade
I00062,Real_Estate,2018,B,B,0,0,0,0,2,2,0,unchanged
I00064,Healthcare,2018,AA,AA,0,0,0,0,6,6,0,unchanged
I00066,Industrials,2018,B,B,0,0,0,0,2,2,0,unchanged
I00067,Consumer,2018,BBB,BBB,0,0,0,0,4,4,0,unchanged
I00068,Technology,2018,BBB,BBB,0,0,0,0,4,4,0,unchanged
I00069,Real_Estate,2018,A,A,0,0,0,0,5,5,0,unchanged
I00070,Utilities,2018,B,B,0,0,0,0,2,2,0,unchanged
I00071,Real_Estate,2018,BBB,BBB,0,0,0,0,4,4,0,unchanged
I00072,Financials,2018,AA,AA,0,0,0,0,6,6,0,unchanged
I00073,Energy,2018,B,B,0,0,0,0,2,2,0,unchanged
I00075,Retail,2018,BB,B,0,1,0,1,3,2,-1,downgrade
I00076,Energy,2018,BBB,BBB,0,0,0,0,4,4,0,unchanged
I00077,Consumer,2018,BBB,BBB,0,0,0,0,4,4,0,unchanged
I00078,Utilities,2018,AAA,AAA,0,0,0,0,7,7,0,unchanged
I00081,Utilities,2018,B,B,0,0,0,0,2,2,0,unchanged
I00082,Utilities,2018,A,A,0,0,0,0,5,5,0,unchanged
I00083,Industrials,2018,BBB,BBB,0,0,0,0,4,4,0,unchanged
I00084,Retail,2018,BB,BB,0,0,0,0,3,3,0,unchanged
I00085,Industrials,2018,A,BBB,0,1,0,1,5,4,-1,downgrade
I00086,Consumer,2018,A,A,0,0,0,0,5,5,0,unchanged
I00088,Financials,2018,B,B,0,0,0,0,2,2,0,unchanged
I00090,Utilities,2018,BBB,BBB,0,0,0,0,4,4,0,unchanged
I00091,Industrials,2018,CCC,CCC,0,0,0,0,1,1,0,unchanged
I00092,Financials,2018,AA,A,0,1,0,1,6,5,-1,downgrade
I00093,Energy,2018,B,B,0,0,0,0,2,2,0,unchanged
I00094,Retail,2018,AA,AA,0,0,0,0,6,6,0,unchanged
I00096,Industrials,2018,A,A,0,0,0,0,5,5,0,unchanged
I00097,Retail,2018,B,B,0,0,0,0,2,2,0,unchanged
I00098,Energy,2018,AA,AA,0,0,0,0,6,6,0,unchanged
I00099,Technology,2018,A,BB,0,1,0,2,5,3,-2,downgrade
I00100,Telecom,2018,BBB,BBB,0,0,0,0,4,4,0,unchanged
I00101,Retail,2018,AA,AA,0,0,0,0,6,6,0,unchanged
I00102,Utilities,2018,BB,BB,0,0,0,0,3,3,0,unchanged
I00103,Consumer,2018,AA,AA,0,0,0,0,6,6,0,unchanged
I00104,Consumer,2018,B,B,0,0,0,0,2,2,0,unchanged
I00105,Healthcare,2018,A,A,0,0,0,0,5,5,0,unchanged
I00106,Financials,2018,A,A,0,0,0,0,5,5,0,unchanged
I00107,Retail,2018,AA,AA,0,0,0,0,6,6,0,unchanged
I00108,Telecom,2018,BBB,BBB,0,0,0,0,4,4,0,unchanged
I00109,Retail,2018,BB,BB,0,0,0,0,3,3,0,unchanged
I00110,Utilities,2018,BBB,BBB,0,0,0,0,4,4,0,unchanged
I00111,Industrials,2018,A,B,0,1,0,3,5,2,-3,downgrade
I00112,Energy,2018,BB,BB,0,0,0,0,3,3,0,unchanged
I00113,Technology,2018,BB,BBB,1,0,0,-1,3,4,1,upgrade
I00114,Telecom,2018,BBB,A,1,0,0,-1,4,5,1,upgrade
I00115,Technology,2018,B,B,0,0,0,0,2,2,0,unchanged
I00116,Real_Estate,2018,A,A,0,0,0,0,5,5,0,unchanged
I00117,Telecom,2018,BB,BB,0,0,0,0,3,3,0,unchanged
I00118,Industrials,2018,BB,B,0,1,0,1,3,2,-1,downgrade
I00119,Utilities,2018,A,A,0,0,0,0,5,5,0,unchanged
I00120,Utilities,2018,BBB,BBB,0,0,0,0,4,4,0,unchanged
I00121,Industrials,2018,BBB,BBB,0,0,0,0,4,4,0,unchanged
I00122,Telecom,2018,BB,BB,0,0,0,0,3,3,0,unchanged
I00123,Healthcare,2018,A,A,0,0,0,0,5,5,0,unchanged
I00124,Industrials,2018,BBB,BBB,0,0,0,0,4,4,0,unchanged
I00125,Utilities,2018,B,B,0,0,0,0,2,2,0,unchanged
I00126,Technology,2018,A,A,0,0,0,0,5,5,0,unchanged
I00127,Utilities,2018,B,B,0,0,0,0,2,2,0,unchanged
I00128,Healthcare,2018,CCC,CCC,0,0,0,0,1,1,0,unchanged
I00129,Telecom,2018,B,BB,1,0,0,-1,2,3,1,upgrade
I00130,Consumer,2018,BBB,BBB,0,0,0,0,4,4,0,unchanged
I00131,Real_Estate,2018,A,A,0,0,0,0,5,5,0,unchanged
I00132,Retail,2018,B,B,0,0,0,0,2,2,0,unchanged
I00133,Real_Estate,2018,A,A,0,0,0,0,5,5,0,unchanged
I00134,Healthcare,2018,A,BBB,0,1,0,1,5,4,-1,downgrade
I00135,Technology,2018,A,A,0,0,0,0,5,5,0,unchanged
I00136,Consumer,2018,B,B,0,0,0,0,2,2,0,unchanged
I00137,Financials,2018,A,A,0,0,0,0,5,5,0,unchanged
I00138,Telecom,2018,B,B,0,0,0,0,2,2,0,unchanged
I00139,Telecom,2018,BB,BB,0,0,0,0,3,3,0,unchanged
I00140,Consumer,2018,AA,AA,0,0,0,0,6,6,0,unchanged
I00141,Energy,2018,BB,BBB,1,0,0,-1,3,4,1,upgrade
I00142,Telecom,2018,BBB,BBB,0,0,0,0,4,4,0,unchanged
I00143,Retail,2018,B,B,0,0,0,0,2,2,0,unchanged
I00144,Financials,2018,A,A,0,0,0,0,5,5,0,unchanged
I00145,Financials,2018,A,A,0,0,0,0,5,5,0,unchanged
I00146,Technology,2018,AA,AA,0,0,0,0,6,6,0,unchanged
I00147,Real_Estate,2018,A,A,0,0,0,0,5,5,0,unchanged
I00148,Retail,2018,A,A,0,0,0,0,5,5,0,unchanged
I00149,Financials,2018,BBB,BBB,0,0,0,0,4,4,0,unchanged
I00150,Retail,2018,BB,BB,0,0,0,0,3,3,0,unchanged
I00151,Healthcare,2018,B,B,0,0,0,0,2,2,0,unchanged
I00152,Energy,2018,BBB,BBB,0,0,0,0,4,4,0,unchanged
I00153,Financials,2018,A,A,0,0,0,0,5,5,0,unchanged
I00154,Energy,2018,B,B,0,0,0,0,2,2,0,unchanged
I00155,Energy,2018,BBB,BB,0,1,0,1,4,3,-1,downgrade
I00156,Telecom,2018,BBB,BBB,0,0,0,0,4,4,0,unchanged
I00157,Retail,2018,A,A,0,0,0,0,5,5,0,unchanged
I00158,Financials,2018,A,A,0,0,0,0,5,5,0,unchanged
I00159,Consumer,2018,A,A,0,0,0,0,5,5,0,unchanged
I00160,Consumer,2018,BBB,BBB,0,0,0,0,4,4,0,unchanged
I00161,Technology,2018,BBB,BBB,0,0,0,0,4,4,0,unchanged
I00162,Real_Estate,2018,BB,BB,0,0,0,0,3,3,0,unchanged
I00164,Consumer,2018,BBB,A,1,0,0,-1,4,5,1,upgrade
I00165,Healthcare,2018,BBB,A,1,0,0,-1,4,5,1,upgrade
I00166,Telecom,2018,BB,BB,0,0,0,0,3,3,0,unchanged
I00167,Utilities,2018,B,B,0,0,0,0,2,2,0,unchanged
I00168,Utilities,2018,B,B,0,0,0,0,2,2,0,unchanged
I00169,Technology,2018,AA,AA,0,0,0,0,6,6,0,unchanged
I00171,Utilities,2018,A,A,0,0,0,0,5,5,0,unchanged
I00172,Technology,2018,BB,B,0,1,0,1,3,2,-1,downgrade
I00173,Healthcare,2018,B,B,0,0,0,0,2,2,0,unchanged
I00174,Utilities,2018,B,B,0,0,0,0,2,2,0,unchanged
I00175,Technology,2018,BBB,BBB,0,0,0,0,4,4,0,unchanged
I00176,Consumer,2018,BB,BB,0,0,0,0,3,3,0,unchanged
I00177,Energy,2018,CCC,CCC,0,0,0,0,1,1,0,unchanged
I00178,Telecom,2018,CCC,CCC,0,0,0,0,1,1,0,unchanged
I00179,Consumer,2018,AA,AA,0,0,0,0,6,6,0,unchanged
I00182,Consumer,2018,BBB,BBB,0,0,0,0,4,4,0,unchanged
I00183,Financials,2018,BB,BB,0,0,0,0,3,3,0,unchanged
I00184,Telecom,2018,B,B,0,0,0,0,2,2,0,unchanged
I00185,Retail,2018,BBB,BBB,0,0,0,0,4,4,0,unchanged
I00186,Energy,2018,BBB,BBB,0,0,0,0,4,4,0,unchanged
I00187,Utilities,2018,AA,AA,0,0,0,0,6,6,0,unchanged
I00188,Telecom,2018,B,B,0,0,0,0,2,2,0,unchanged
I00189,Telecom,2018,B,B,0,0,0,0,2,2,0,unchanged
I00190,Industrials,2018,B,B,0,0,0,0,2,2,0,unchanged
I00191,Technology,2018,A,A,0,0,0,0,5,5,0,unchanged
I00193,Industrials,2018,B,B,0,0,0,0,2,2,0,unchanged
I00194,Industrials,2018,BB,BB,0,0,0,0,3,3,0,unchanged
I00195,Healthcare,2018,B,B,0,0,0,0,2,2,0,unchanged
I00196,Financials,2018,B,B,0,0,0,0,2,2,0,unchanged
I00197,Industrials,2018,BBB,BBB,0,0,0,0,4,4,0,unchanged
I00198,Healthcare,2018,BBB,BBB,0,0,0,0,4,4,0,unchanged
I00199,Healthcare,2018,BB,BB,0,0,0,0,3,3,0,unchanged
I00200,Retail,2018,BBB,BBB,0,0,0,0,4,4,0,unchanged
I00201,Telecom,2018,BBB,BBB,0,0,0,0,4,4,0,unchanged
I00202,Utilities,2018,BBB,BBB,0,0,0,0,4,4,0,unchanged
I00203,Financials,2018,A,A,0,0,0,0,5,5,0,unchanged
I00204,Energy,2018,BB,B,0,1,0,1,3,2,-1,downgrade
I00206,Industrials,2018,A,A,0,0,0,0,5,5,0,unchanged
I00207,Retail,2018,BBB,BBB,0,0,0,0,4,4,0,unchanged
I00208,Healthcare,2018,BBB,BBB,0,0,0,0,4,4,0,unchanged
I00209,Utilities,2018,B,B,0,0,0,0,2,2,0,unchanged
I00210,Telecom,2018,BBB,BBB,0,0,0,0,4,4,0,unchanged
I00211,Healthcare,2018,BBB,BB,0,1,0,1,4,3,-1,downgrade
I00212,Healthcare,2018,BB,B,0,1,0,1,3,2,-1,downgrade
I00213,Retail,2018,AA,AA,0,0,0,0,6,6,0,unchanged
I00214,Energy,2018,A,A,0,0,0,0,5,5,0,unchanged
I00215,Energy,2018,A,BBB,0,1,0,1,5,4,-1,downgrade
I00216,Technology,2018,A,A,0,0,0,0,5,5,0,unchanged
I00217,Consumer,2018,B,CCC,0,1,0,1,2,1,-1,downgrade
I00218,Telecom,2018,BB,BB,0,0,0,0,3,3,0,unchanged
I00219,Telecom,2018,A,A,0,0,0,0,5,5,0,unchanged
I00220,Utilities,2018,A,A,0,0,0,0,5,5,0,unchanged
I00221,Retail,2018,BB,BB,0,0,0,0,3,3,0,unchanged
I00224,Financials,2018,A,A,0,0,0,0,5,5,0,unchanged
I00225,Financials,2018,AA,AA,0,0,0,0,6,6,0,unchanged
I00226,Industrials,2018,B,D,0,0,1,2,2,0,-2,default
I00227,Technology,2018,B,B,0,0,0,0,2,2,0,unchanged
I00228,Utilities,2018,A,B,0,1,0,3,5,2,-3,downgrade
I00229,Telecom,2018,BBB,BBB,0,0,0,0,4,4,0,unchanged
I00230,Industrials,2018,BBB,BBB,0,0,0,0,4,4,0,unchanged
I00231,Retail,2018,A,A,0,0,0,0,5,5,0,unchanged
I00233,Healthcare,2018,B,B,0,0,0,0,2,2,0,unchanged
I00234,Real_Estate,2018,A,A,0,0,0,0,5,5,0,unchanged
I00235,Healthcare,2018,BB,BB,0,0,0,0,3,3,0,unchanged
I00236,Healthcare,2018,BBB,A,1,0,0,-1,4,5,1,upgrade
I00237,Financials,2018,AA,AA,0,0,0,0,6,6,0,unchanged
I00238,Healthcare,2018,B,B,0,0,0,0,2,2,0,unchanged
I00239,Industrials,2018,A,A,0,0,0,0,5,5,0,unchanged
I00240,Real_Estate,2018,A,A,0,0,0,0,5,5,0,unchanged
I00241,Healthcare,2018,A,A,0,0,0,0,5,5,0,unchanged
I00242,Telecom,2018,B,BB,1,0,0,-1,2,3,1,upgrade
I00243,Telecom,2018,BBB,BBB,0,0,0,0,4,4,0,unchanged
I00244,Real_Estate,2018,B,B,0,0,0,0,2,2,0,unchanged
I00245,Telecom,2018,BB,BB,0,0,0,0,3,3,0,unchanged
I00246,Technology,2018,BBB,BBB,0,0,0,0,4,4,0,unchanged
I00247,Industrials,2018,BB,BB,0,0,0,0,3,3,0,unchanged
I00248,Telecom,2018,A,A,0,0,0,0,5,5,0,unchanged
I00250,Industrials,2018,AA,AA,0,0,0,0,6,6,0,unchanged
I00251,Consumer,2018,A,A,0,0,0,0,5,5,0,unchanged
I00252,Utilities,2018,AA,AA,0,0,0,0,6,6,0,unchanged
I00253,Telecom,2018,AA,AA,0,0,0,0,6,6,0,unchanged
I00254,Real_Estate,2018,BB,BB,0,0,0,0,3,3,0,unchanged
I00255,Consumer,2018,B,D,0,0,1,2,2,0,-2,default
I00256,Telecom,2018,A,A,0,0,0,0,5,5,0,unchanged
I00257,Utilities,2018,BB,BB,0,0,0,0,3,3,0,unchanged
I00258,Real_Estate,2018,A,A,0,0,0,0,5,5,0,unchanged
I00259,Telecom,2018,B,B,0,0,0,0,2,2,0,unchanged
I00260,Healthcare,2018,CCC,CCC,0,0,0,0,1,1,0,unchanged
I00261,Utilities,2018,A,A,0,0,0,0,5,5,0,unchanged
I00262,Technology,2018,AAA,AAA,0,0,0,0,7,7,0,unchanged
I00263,Energy,2018,BBB,BBB,0,0,0,0,4,4,0,unchanged
I00264,Telecom,2018,AAA,AA,0,1,0,1,7,6,-1,downgrade
I00265,Real_Estate,2018,BBB,BBB,0,0,0,0,4,4,0,unchanged
I00266,Real_Estate,2018,BB,BB,0,0,0,0,3,3,0,unchanged
I00267,Healthcare,2018,A,A,0,0,0,0,5,5,0,unchanged
I00268,Telecom,2018,AA,AA,0,0,0,0,6,6,0,unchanged
I00270,Utilities,2018,BB,BB,0,0,0,0,3,3,0,unchanged
I00271,Retail,2018,BB,BB,0,0,0,0,3,3,0,unchanged
I00272,Consumer,2018,BB,B,0,1,0,1,3,2,-1,downgrade
I00273,Energy,2018,BBB,BBB,0,0,0,0,4,4,0,unchanged
I00274,Consumer,2018,B,B,0,0,0,0,2,2,0,unchanged
I00275,Financials,2018,B,B,0,0,0,0,2,2,0,unchanged
I00276,Financials,2018,B,B,0,0,0,0,2,2,0,unchanged
I00277,Retail,2018,BBB,B,0,1,0,2,4,2,-2,downgrade
I00278,Retail,2018,CCC,CCC,0,0,0,0,1,1,0,unchanged
I00279,Financials,2018,BB,BB,0,0,0,0,3,3,0,unchanged
I00280,Utilities,2018,AA,AA,0,0,0,0,6,6,0,unchanged
I00281,Utilities,2018,AAA,AAA,0,0,0,0,7,7,0,unchanged
I00282,Healthcare,2018,B,D,0,0,1,2,2,0,-2,default
I00283,Healthcare,2018,AA,AA,0,0,0,0,6,6,0,unchanged
I00284,Healthcare,2018,CCC,CCC,0,0,0,0,1,1,0,unchanged
I00285,Energy,2018,BBB,BBB,0,0,0,0,4,4,0,unchanged
I00287,Energy,2018,BBB,BBB,0,0,0,0,4,4,0,unchanged
I00288,Technology,2018,BBB,BBB,0,0,0,0,4,4,0,unchanged
I00289,Industrials,2018,BBB,BBB,0,0,0,0,4,4,0,unchanged
I00290,Retail,2018,A,BBB,0,1,0,1,5,4,-1,downgrade
I00291,Energy,2018,AA,BBB,0,1,0,2,6,4,-2,downgrade
I00292,Energy,2018,BBB,BBB,0,0,0,0,4,4,0,unchanged
I00293,Industrials,2018,A,A,0,0,0,0,5,5,0,unchanged
I00294,Financials,2018,BBB,BBB,0,0,0,0,4,4,0,unchanged
I00295,Financials,2018,BBB,BBB,0,0,0,0,4,4,0,unchanged
I00296,Technology,2018,BBB,BBB,0,0,0,0,4,4,0,unchanged
I00297,Telecom,2018,BB,BB,0,0,0,0,3,3,0,unchanged
I00298,Utilities,2018,BBB,BBB,0,0,0,0,4,4,0,unchanged
I00299,Financials,2018,A,D,0,0,1,5,5,0,-5,default
I00300,Real_Estate,2018,BB,BB,0,0,0,0,3,3,0,unchanged
I00301,Healthcare,2018,B,BB,1,0,0,-1,2,3,1,upgrade
I00302,Utilities,2018,BBB,BBB,0,0,0,0,4,4,0,unchanged
I00303,Financials,2018,AA,AA,0,0,0,0,6,6,0,unchanged
I00304,Financials,2018,A,BBB,0,1,0,1,5,4,-1,downgrade
I00306,Telecom,2018,CCC,CCC,0,0,0,0,1,1,0,unchanged
I00308,Real_Estate,2018,BBB,BBB,0,0,0,0,4,4,0,unchanged
I00309,Energy,2018,A,A,0,0,0,0,5,5,0,unchanged
I00310,Healthcare,2018,A,A,0,0,0,0,5,5,0,unchanged
I00311,Real_Estate,2018,B,B,0,0,0,0,2,2,0,unchanged
I00312,Technology,2018,BBB,BBB,0,0,0,0,4,4,0,unchanged
I00313,Consumer,2018,A,A,0,0,0,0,5,5,0,unchanged
I00314,Industrials,2018,AAA,AAA,0,0,0,0,7,7,0,unchanged
I00315,Industrials,2018,BB,BB,0,0,0,0,3,3,0,unchanged
I00316,Technology,2018,BB,BB,0,0,0,0,3,3,0,unchanged
I00318,Energy,2018,B,B,0,0,0,0,2,2,0,unchanged
I00319,Financials,2018,AA,A,0,1,0,1,6,5,-1,downgrade
I00320,Consumer,2018,BBB,A,1,0,0,-1,4,5,1,upgrade
I00321,Healthcare,2018,A,A,0,0,0,0,5,5,0,unchanged
I00322,Technology,2018,B,B,0,0,0,0,2,2,0,unchanged
I00324,Financials,2018,B,B,0,0,0,0,2,2,0,unchanged
I00325,Retail,2018,A,A,0,0,0,0,5,5,0,unchanged
I00326,Telecom,2018,BBB,BBB,0,0,0,0,4,4,0,unchanged
I00327,Utilities,2018,A,BBB,0,1,0,1,5,4,-1,downgrade
I00328,Real_Estate,2018,BBB,BBB,0,0,0,0,4,4,0,unchanged
I00329,Technology,2018,AA,AA,0,0,0,0,6,6,0,unchanged
I00330,Industrials,2018,BBB,BB,0,1,0,1,4,3,-1,downgrade
I00331,Utilities,2018,CCC,D,0,0,1,1,1,0,-1,default
I00332,Telecom,2018,BB,BB,0,0,0,0,3,3,0,unchanged
I00333,Consumer,2018,BB,BB,0,0,0,0,3,3,0,unchanged
I00334,Utilities,2018,BBB,BBB,0,0,0,0,4,4,0,unchanged
I00335,Utilities,2018,BB,BB,0,0,0,0,3,3,0,unchanged
I00336,Utilities,2018,B,B,0,0,0,0,2,2,0,unchanged
I00337,Financials,2018,AA,AA,0,0,0,0,6,6,0,unchanged
I00338,Financials,2018,BBB,BBB,0,0,0,0,4,4,0,unchanged
I00339,Retail,2018,BB,BB,0,0,0,0,3,3,0,unchanged
I00340,Real_Estate,2018,BB,BB,0,0,0,0,3,3,0,unchanged
I00341,Financials,2018,BBB,BBB,0,0,0,0,4,4,0,unchanged
I00342,Technology,2018,BBB,BBB,0,0,0,0,4,4,0,unchanged
I00343,Consumer,2018,B,B,0,0,0,0,2,2,0,unchanged
I00344,Energy,2018,AA,AAA,1,0,0,-1,6,7,1,upgrade
I00345,Utilities,2018,BB,B,0,1,0,1,3,2,-1,downgrade
I00346,Industrials,2018,B,B,0,0,0,0,2,2,0,unchanged
I00347,Financials,2018,B,B,0,0,0,0,2,2,0,unchanged
I00348,Retail,2018,BBB,BBB,0,0,0,0,4,4,0,unchanged
I00349,Utilities,2018,BBB,BBB,0,0,0,0,4,4,0,unchanged
I00350,Healthcare,2018,B,B,0,0,0,0,2,2,0,unchanged
I00351,Technology,2018,AA,AA,0,0,0,0,6,6,0,unchanged
I00352,Utilities,2018,A,A,0,0,0,0,5,5,0,unchanged
I00353,Retail,2018,BB,BB,0,0,0,0,3,3,0,unchanged
I00354,Healthcare,2018,AAA,AAA,0,0,0,0,7,7,0,unchanged
I00355,Healthcare,2018,BB,BB,0,0,0,0,3,3,0,unchanged
I00356,Healthcare,2018,AA,AA,0,0,0,0,6,6,0,unchanged
I00357,Industrials,2018,A,A,0,0,0,0,5,5,0,unchanged
I00359,Consumer,2018,A,BBB,0,1,0,1,5,4,-1,downgrade
I00360,Real_Estate,2018,B,B,0,0,0,0,2,2,0,unchanged
I00361,Healthcare,2018,B,B,0,0,0,0,2,2,0,unchanged
I00362,Industrials,2018,BBB,BBB,0,0,0,0,4,4,0,unchanged
I00363,Energy,2018,BBB,BBB,0,0,0,0,4,4,0,unchanged
I00366,Energy,2018,B,B,0,0,0,0,2,2,0,unchanged
I00367,Utilities,2018,BBB,BBB,0,0,0,0,4,4,0,unchanged
I00368,Healthcare,2018,BBB,BBB,0,0,0,0,4,4,0,unchanged
I00369,Healthcare,2018,BBB,BB,0,1,0,1,4,3,-1,downgrade
I00370,Utilities,2018,BBB,BBB,0,0,0,0,4,4,0,unchanged
I00371,Technology,2018,A,A,0,0,0,0,5,5,0,unchanged
I00372,Energy,2018,B,CCC,0,1,0,1,2,1,-1,downgrade
I00373,Energy,2018,BB,BB,0,0,0,0,3,3,0,unchanged
I00374,Utilities,2018,BB,BB,0,0,0,0,3,3,0,unchanged
I00375,Retail,2018,A,A,0,0,0,0,5,5,0,unchanged
I00376,Industrials,2018,BB,B,0,1,0,1,3,2,-1,downgrade
I00377,Energy,2018,A,A,0,0,0,0,5,5,0,unchanged
I00378,Technology,2018,B,B,0,0,0,0,2,2,0,unchanged
I00379,Healthcare,2018,AA,AA,0,0,0,0,6,6,0,unchanged
I00380,Financials,2018,A,A,0,0,0,0,5,5,0,unchanged
I00381,Telecom,2018,A,A,0,0,0,0,5,5,0,unchanged
I00382,Energy,2018,BB,BB,0,0,0,0,3,3,0,unchanged
I00383,Financials,2018,B,B,0,0,0,0,2,2,0,unchanged
I00384,Healthcare,2018,BB,BB,0,0,0,0,3,3,0,unchanged
I00385,Industrials,2018,AA,AA,0,0,0,0,6,6,0,unchanged
I00386,Real_Estate,2018,BBB,BB,0,1,0,1,4,3,-1,downgrade
I00387,Financials,2018,BBB,BBB,0,0,0,0,4,4,0,unchanged
I00388,Retail,2018,B,B,0,0,0,0,2,2,0,unchanged
I00389,Healthcare,2018,B,B,0,0,0,0,2,2,0,unchanged
I00390,Consumer,2018,B,BB,1,0,0,-1,2,3,1,upgrade
I00391,Technology,2018,A,A,0,0,0,0,5,5,0,unchanged
I00392,Healthcare,2018,BBB,BBB,0,0,0,0,4,4,0,unchanged
I00393,Industrials,2018,BB,BB,0,0,0,0,3,3,0,unchanged
I00394,Technology,2018,BB,BBB,1,0,0,-1,3,4,1,upgrade
I00395,Healthcare,2018,BBB,BBB,0,0,0,0,4,4,0,unchanged
I00396,Industrials,2018,BB,BB,0,0,0,0,3,3,0,unchanged
I00397,Energy,2018,AA,AA,0,0,0,0,6,6,0,unchanged
I00398,Retail,2018,AA,AA,0,0,0,0,6,6,0,unchanged
I00399,Technology,2018,BBB,BBB,0,0,0,0,4,4,0,unchanged
I00400,Industrials,2018,BB,BBB,1,0,0,-1,3,4,1,upgrade
I00401,Utilities,2018,B,B,0,0,0,0,2,2,0,unchanged
I00403,Energy,2018,B,B,0,0,0,0,2,2,0,unchanged
I00404,Industrials,2018,B,B,0,0,0,0,2,2,0,unchanged
I00405,Retail,2018,B,B,0,0,0,0,2,2,0,unchanged
I00406,Financials,2018,B,B,0,0,0,0,2,2,0,unchanged
I00407,Energy,2018,A,A,0,0,0,0,5,5,0,unchanged
I00408,Financials,2018,A,A,0,0,0,0,5,5,0,unchanged
I00409,Technology,2018,A,A,0,0,0,0,5,5,0,unchanged
I00410,Energy,2018,B,B,0,0,0,0,2,2,0,unchanged
I00411,Retail,2018,BB,BB,0,0,0,0,3,3,0,unchanged
I00412,Industrials,2018,A,A,0,0,0,0,5,5,0,unchanged
I00414,Real_Estate,2018,B,B,0,0,0,0,2,2,0,unchanged
I00416,Energy,2018,BBB,BBB,0,0,0,0,4,4,0,unchanged
I00417,Consumer,2018,B,D,0,0,1,2,2,0,-2,default
I00419,Industrials,2018,A,A,0,0,0,0,5,5,0,unchanged
I00420,Telecom,2018,BBB,BBB,0,0,0,0,4,4,0,unchanged
I00421,Retail,2018,A,A,0,0,0,0,5,5,0,unchanged
I00422,Healthcare,2018,B,B,0,0,0,0,2,2,0,unchanged
I00424,Telecom,2018,A,BBB,0,1,0,1,5,4,-1,downgrade
I00425,Healthcare,2018,BB,BB,0,0,0,0,3,3,0,unchanged
I00426,Telecom,2018,B,B,0,0,0,0,2,2,0,unchanged
I00427,Financials,2018,BB,BB,0,0,0,0,3,3,0,unchanged
I00428,Retail,2018,AA,AA,0,0,0,0,6,6,0,unchanged
I00429,Industrials,2018,BBB,A,1,0,0,-1,4,5,1,upgrade
I00430,Financials,2018,A,A,0,0,0,0,5,5,0,unchanged
I00432,Financials,2018,B,B,0,0,0,0,2,2,0,unchanged
I00433,Real_Estate,2018,A,A,0,0,0,0,5,5,0,unchanged
I00434,Consumer,2018,B,B,0,0,0,0,2,2,0,unchanged
I00435,Retail,2018,B,B,0,0,0,0,2,2,0,unchanged
I00438,Financials,2018,BB,BB,0,0,0,0,3,3,0,unchanged
I00440,Energy,2018,AA,AA,0,0,0,0,6,6,0,unchanged
I00441,Industrials,2018,BBB,BBB,0,0,0,0,4,4,0,unchanged
I00442,Consumer,2018,BBB,BBB,0,0,0,0,4,4,0,unchanged
I00443,Retail,2018,B,B,0,0,0,0,2,2,0,unchanged
I00444,Financials,2018,BB,BB,0,0,0,0,3,3,0,unchanged
I00445,Industrials,2018,BBB,BBB,0,0,0,0,4,4,0,unchanged
I00446,Financials,2018,B,D,0,0,1,2,2,0,-2,default
I00447,Retail,2018,A,A,0,0,0,0,5,5,0,unchanged
I00448,Energy,2018,B,B,0,0,0,0,2,2,0,unchanged
I00450,Healthcare,2018,B,B,0,0,0,0,2,2,0,unchanged
I00451,Energy,2018,AAA,AAA,0,0,0,0,7,7,0,unchanged
I00452,Industrials,2018,BBB,BBB,0,0,0,0,4,4,0,unchanged
I00453,Energy,2018,BBB,BBB,0,0,0,0,4,4,0,unchanged
I00454,Financials,2018,BBB,BBB,0,0,0,0,4,4,0,unchanged
I00455,Financials,2018,BB,BB,0,0,0,0,3,3,0,unchanged
I00457,Industrials,2018,B,B,0,0,0,0,2,2,0,unchanged
I00458,Telecom,2018,BBB,BBB,0,0,0,0,4,4,0,unchanged
I00460,Telecom,2018,AAA,AAA,0,0,0,0,7,7,0,unchanged
I00461,Energy,2018,BBB,BBB,0,0,0,0,4,4,0,unchanged
I00462,Real_Estate,2018,A,A,0,0,0,0,5,5,0,unchanged
I00463,Financials,2018,BBB,BBB,0,0,0,0,4,4,0,unchanged
I00464,Healthcare,2018,A,A,0,0,0,0,5,5,0,unchanged
I00465,Energy,2018,AAA,AAA,0,0,0,0,7,7,0,unchanged
I00466,Energy,2018,BBB,A,1,0,0,-1,4,5,1,upgrade
I00467,Financials,2018,A,A,0,0,0,0,5,5,0,unchanged
I00468,Technology,2018,A,A,0,0,0,0,5,5,0,unchanged
I00469,Real_Estate,2018,AA,AA,0,0,0,0,6,6,0,unchanged
I00470,Financials,2018,BBB,BBB,0,0,0,0,4,4,0,unchanged
I00471,Energy,2018,B,B,0,0,0,0,2,2,0,unchanged
I00472,Retail,2018,B,B,0,0,0,0,2,2,0,unchanged
I00474,Technology,2018,B,BB,1,0,0,-1,2,3,1,upgrade
I00475,Telecom,2018,BBB,BBB,0,0,0,0,4,4,0,unchanged
I00476,Utilities,2018,BBB,BB,0,1,0,1,4,3,-1,downgrade
I00477,Technology,2018,A,A,0,0,0,0,5,5,0,unchanged
I00478,Healthcare,2018,BBB,BBB,0,0,0,0,4,4,0,unchanged
I00479,Consumer,2018,B,BB,1,0,0,-1,2,3,1,upgrade
I00480,Industrials,2018,A,A,0,0,0,0,5,5,0,unchanged
I00482,Telecom,2018,BBB,BBB,0,0,0,0,4,4,0,unchanged
I00483,Utilities,2018,CCC,CCC,0,0,0,0,1,1,0,unchanged
I00484,Real_Estate,2018,A,AA,1,0,0,-1,5,6,1,upgrade
I00485,Consumer,2018,B,CCC,0,1,0,1,2,1,-1,downgrade
I00486,Utilities,2018,BB,BB,0,0,0,0,3,3,0,unchanged
I00487,Consumer,2018,BBB,BBB,0,0,0,0,4,4,0,unchanged
I00488,Utilities,2018,BBB,BBB,0,0,0,0,4,4,0,unchanged
I00489,Industrials,2018,B,B,0,0,0,0,2,2,0,unchanged
I00490,Utilities,2018,A,A,0,0,0,0,5,5,0,unchanged
I00491,Utilities,2018,BB,BB,0,0,0,0,3,3,0,unchanged
I00492,Financials,2018,BB,BB,0,0,0,0,3,3,0,unchanged
I00493,Industrials,2018,BB,BB,0,0,0,0,3,3,0,unchanged
I00494,Utilities,2018,BB,BB,0,0,0,0,3,3,0,unchanged
I00495,Financials,2018,A,A,0,0,0,0,5,5,0,unchanged
I00496,Energy,2018,BBB,BBB,0,0,0,0,4,4,0,unchanged
I00497,Industrials,2018,B,B,0,0,0,0,2,2,0,unchanged
I00498,Utilities,2018,BBB,BBB,0,0,0,0,4,4,0,unchanged
I00499,Real_Estate,2018,B,B,0,0,0,0,2,2,0,unchanged
I00500,Financials,2018,B,B,0,0,0,0,2,2,0,unchanged
I00502,Consumer,2018,AA,AA,0,0,0,0,6,6,0,unchanged
I00503,Telecom,2018,BBB,BBB,0,0,0,0,4,4,0,unchanged
I00504,Retail,2018,CCC,BB,1,0,0,-2,1,3,2,upgrade
I00505,Financials,2018,B,B,0,0,0,0,2,2,0,unchanged
I00506,Utilities,2018,BB,BB,0,0,0,0,3,3,0,unchanged
I00507,Real_Estate,2018,A,A,0,0,0,0,5,5,0,unchanged
I00508,Industrials,2018,A,A,0,0,0,0,5,5,0,unchanged
I00509,Real_Estate,2018,BB,BB,0,0,0,0,3,3,0,unchanged
I00510,Consumer,2018,BB,BB,0,0,0,0,3,3,0,unchanged
I00511,Consumer,2018,B,CCC,0,1,0,1,2,1,-1,downgrade
I00512,Financials,2018,BB,BB,0,0,0,0,3,3,0,unchanged
I00513,Financials,2018,AA,AA,0,0,0,0,6,6,0,unchanged
I00514,Technology,2018,B,B,0,0,0,0,2,2,0,unchanged
I00515,Retail,2018,B,B,0,0,0,0,2,2,0,unchanged
I00516,Consumer,2018,CCC,CCC,0,0,0,0,1,1,0,unchanged
I00517,Retail,2018,A,A,0,0,0,0,5,5,0,unchanged
I00518,Industrials,2018,BBB,BBB,0,0,0,0,4,4,0,unchanged
I00519,Telecom,2018,A,A,0,0,0,0,5,5,0,unchanged
I00520,Telecom,2018,BB,BB,0,0,0,0,3,3,0,unchanged
I00521,Telecom,2018,B,B,0,0,0,0,2,2,0,unchanged
I00522,Utilities,2018,A,A,0,0,0,0,5,5,0,unchanged
I00523,Utilities,2018,BBB,BBB,0,0,0,0,4,4,0,unchanged
I00525,Industrials,2018,B,B,0,0,0,0,2,2,0,unchanged
I00526,Utilities,2018,B,B,0,0,0,0,2,2,0,unchanged
I00527,Real_Estate,2018,BB,BB,0,0,0,0,3,3,0,unchanged
I00528,Real_Estate,2018,BBB,BBB,0,0,0,0,4,4,0,unchanged
I00529,Telecom,2018,B,B,0,0,0,0,2,2,0,unchanged
I00530,Healthcare,2018,B,B,0,0,0,0,2,2,0,unchanged
I00531,Technology,2018,AA,AA,0,0,0,0,6,6,0,unchanged
I00532,Consumer,2018,BBB,BBB,0,0,0,0,4,4,0,unchanged
I00533,Financials,2018,B,B,0,0,0,0,2,2,0,unchanged
I00534,Utilities,2018,BBB,BBB,0,0,0,0,4,4,0,unchanged
I00535,Healthcare,2018,A,A,0,0,0,0,5,5,0,unchanged
I00536,Financials,2018,BBB,BBB,0,0,0,0,4,4,0,unchanged
I00537,Financials,2018,B,D,0,0,1,2,2,0,-2,default
I00538,Retail,2018,B,B,0,0,0,0,2,2,0,unchanged
I00539,Telecom,2018,B,BB,1,0,0,-1,2,3,1,upgrade
I00540,Retail,2018,AA,AA,0,0,0,0,6,6,0,unchanged
I00541,Telecom,2018,CCC,CCC,0,0,0,0,1,1,0,unchanged
I00542,Financials,2018,AA,AA,0,0,0,0,6,6,0,unchanged
I00543,Energy,2018,B,B,0,0,0,0,2,2,0,unchanged
I00545,Utilities,2018,BBB,BBB,0,0,0,0,4,4,0,unchanged
I00547,Real_Estate,2018,AA,AA,0,0,0,0,6,6,0,unchanged
I00548,Real_Estate,2018,AA,AA,0,0,0,0,6,6,0,unchanged
I00549,Financials,2018,BB,BB,0,0,0,0,3,3,0,unchanged
I00550,Consumer,2018,BBB,A,1,0,0,-1,4,5,1,upgrade
I00551,Real_Estate,2018,BBB,BBB,0,0,0,0,4,4,0,unchanged
I00552,Retail,2018,BB,B,0,1,0,1,3,2,-1,downgrade
I00553,Healthcare,2018,AA,AA,0,0,0,0,6,6,0,unchanged
I00554,Consumer,2018,B,B,0,0,0,0,2,2,0,unchanged
I00555,Consumer,2018,A,A,0,0,0,0,5,5,0,unchanged
I00556,Consumer,2018,BBB,BBB,0,0,0,0,4,4,0,unchanged
I00557,Financials,2018,AA,AA,0,0,0,0,6,6,0,unchanged
I00558,Real_Estate,2018,B,B,0,0,0,0,2,2,0,unchanged
I00559,Telecom,2018,A,A,0,0,0,0,5,5,0,unchanged
I00560,Consumer,2018,A,A,0,0,0,0,5,5,0,unchanged
I00561,Financials,2018,AA,AA,0,0,0,0,6,6,0,unchanged
I00562,Financials,2018,BB,BB,0,0,0,0,3,3,0,unchanged
I00563,Telecom,2018,B,CCC,0,1,0,1,2,1,-1,downgrade
I00564,Telecom,2018,BBB,BBB,0,0,0,0,4,4,0,unchanged
I00565,Technology,2018,BBB,BBB,0,0,0,0,4,4,0,unchanged
I00566,Healthcare,2018,A,A,0,0,0,0,5,5,0,unchanged
I00567,Industrials,2018,A,A,0,0,0,0,5,5,0,unchanged
I00568,Consumer,2018,BB,BB,0,0,0,0,3,3,0,unchanged
I00569,Healthcare,2018,AA,AA,0,0,0,0,6,6,0,unchanged
I00571,Real_Estate,2018,A,A,0,0,0,0,5,5,0,unchanged
I00572,Energy,2018,BBB,BBB,0,0,0,0,4,4,0,unchanged
I00573,Industrials,2018,BBB,BBB,0,0,0,0,4,4,0,unchanged
I00574,Industrials,2018,A,BBB,0,1,0,1,5,4,-1,downgrade
I00575,Retail,2018,BB,BB,0,0,0,0,3,3,0,unchanged
I00576,Industrials,2018,BB,BB,0,0,0,0,3,3,0,unchanged
I00577,Industrials,2018,BB,BB,0,0,0,0,3,3,0,unchanged
I00578,Industrials,2018,A,A,0,0,0,0,5,5,0,unchanged
I00579,Energy,2018,AA,AA,0,0,0,0,6,6,0,unchanged
I00580,Industrials,2018,A,A,0,0,0,0,5,5,0,unchanged
I00581,Retail,2018,B,B,0,0,0,0,2,2,0,unchanged
I00582,Healthcare,2018,BBB,BBB,0,0,0,0,4,4,0,unchanged
I00583,Financials,2018,CCC,CCC,0,0,0,0,1,1,0,unchanged
I00584,Retail,2018,A,A,0,0,0,0,5,5,0,unchanged
I00585,Utilities,2018,BBB,BBB,0,0,0,0,4,4,0,unchanged
I00586,Healthcare,2018,AA,AA,0,0,0,0,6,6,0,unchanged
I00587,Consumer,2018,B,B,0,0,0,0,2,2,0,unchanged
I00588,Financials,2018,A,A,0,0,0,0,5,5,0,unchanged
I00589,Technology,2018,BBB,BB,0,1,0,1,4,3,-1,downgrade
I00590,Healthcare,2018,AA,AA,0,0,0,0,6,6,0,unchanged
I00591,Real_Estate,2018,AA,AA,0,0,0,0,6,6,0,unchanged
I00592,Healthcare,2018,AAA,AAA,0,0,0,0,7,7,0,unchanged
I00593,Energy,2018,A,A,0,0,0,0,5,5,0,unchanged
I00594,Healthcare,2018,BBB,BBB,0,0,0,0,4,4,0,unchanged
I00595,Utilities,2018,BBB,BBB,0,0,0,0,4,4,0,unchanged
I00596,Real_Estate,2018,A,A,0,0,0,0,5,5,0,unchanged
I00597,Utilities,2018,A,A,0,0,0,0,5,5,0,unchanged
I00598,Healthcare,2018,BBB,A,1,0,0,-1,4,5,1,upgrade
I00599,Healthcare,2018,AA,A,0,1,0,1,6,5,-1,downgrade
I00600,Energy,2018,BBB,BBB,0,0,0,0,4,4,0,unchanged
I00601,Utilities,2018,BB,BB,0,0,0,0,3,3,0,unchanged
I00602,Consumer,2018,AA,AA,0,0,0,0,6,6,0,unchanged
I00603,Financials,2018,AA,AA,0,0,0,0,6,6,0,unchanged
I00605,Telecom,2018,A,A,0,0,0,0,5,5,0,unchanged
I00606,Real_Estate,2018,B,B,0,0,0,0,2,2,0,unchanged
I00607,Retail,2018,B,B,0,0,0,0,2,2,0,unchanged
I00608,Industrials,2018,BBB,BBB,0,0,0,0,4,4,0,unchanged
I00609,Utilities,2018,AAA,AAA,0,0,0,0,7,7,0,unchanged
I00610,Utilities,2018,A,A,0,0,0,0,5,5,0,unchanged
I00611,Consumer,2018,B,B,0,0,0,0,2,2,0,unchanged
I00612,Technology,2018,A,A,0,0,0,0,5,5,0,unchanged
I00613,Technology,2018,A,A,0,0,0,0,5,5,0,unchanged
I00614,Industrials,2018,BBB,BBB,0,0,0,0,4,4,0,unchanged
I00615,Healthcare,2018,CCC,D,0,0,1,1,1,0,-1,default
I00616,Telecom,2018,A,A,0,0,0,0,5,5,0,unchanged
I00617,Industrials,2018,B,CCC,0,1,0,1,2,1,-1,downgrade
I00618,Retail,2018,B,B,0,0,0,0,2,2,0,unchanged
I00619,Utilities,2018,A,A,0,0,0,0,5,5,0,unchanged
I00620,Healthcare,2018,AA,AA,0,0,0,0,6,6,0,unchanged
I00621,Technology,2018,BBB,BBB,0,0,0,0,4,4,0,unchanged
I00622,Retail,2018,B,B,0,0,0,0,2,2,0,unchanged
I00625,Telecom,2018,BB,BB,0,0,0,0,3,3,0,unchanged
I00626,Utilities,2018,BBB,BB,0,1,0,1,4,3,-1,downgrade
I00627,Technology,2018,AA,AA,0,0,0,0,6,6,0,unchanged
I00628,Telecom,2018,BBB,BBB,0,0,0,0,4,4,0,unchanged
I00629,Industrials,2018,A,A,0,0,0,0,5,5,0,unchanged
I00630,Energy,2018,BBB,BBB,0,0,0,0,4,4,0,unchanged
I00631,Utilities,2018,BB,BB,0,0,0,0,3,3,0,unchanged
I00632,Industrials,2018,A,A,0,0,0,0,5,5,0,unchanged
I00633,Retail,2018,BB,BB,0,0,0,0,3,3,0,unchanged
I00635,Consumer,2018,B,B,0,0,0,0,2,2,0,unchanged
I00636,Consumer,2018,BB,BB,0,0,0,0,3,3,0,unchanged
I00637,Consumer,2018,A,A,0,0,0,0,5,5,0,unchanged
I00638,Technology,2018,BBB,BBB,0,0,0,0,4,4,0,unchanged
I00639,Telecom,2018,B,BB,1,0,0,-1,2,3,1,upgrade
I00640,Telecom,2018,BBB,BBB,0,0,0,0,4,4,0,unchanged
I00641,Consumer,2018,BBB,BBB,0,0,0,0,4,4,0,unchanged
I00642,Industrials,2018,BBB,A,1,0,0,-1,4,5,1,upgrade
I00643,Industrials,2018,AA,AA,0,0,0,0,6,6,0,unchanged
I00644,Utilities,2018,BBB,BBB,0,0,0,0,4,4,0,unchanged
I00646,Industrials,2018,BBB,BBB,0,0,0,0,4,4,0,unchanged
I00647,Real_Estate,2018,BB,BB,0,0,0,0,3,3,0,unchanged
I00648,Financials,2018,A,A,0,0,0,0,5,5,0,unchanged
I00649,Energy,2018,BBB,BBB,0,0,0,0,4,4,0,unchanged
I00650,Utilities,2018,B,B,0,0,0,0,2,2,0,unchanged
I00651,Utilities,2018,AA,AA,0,0,0,0,6,6,0,unchanged
I00652,Technology,2018,BBB,BBB,0,0,0,0,4,4,0,unchanged
I00653,Telecom,2018,BB,BB,0,0,0,0,3,3,0,unchanged
I00654,Financials,2018,BB,BB,0,0,0,0,3,3,0,unchanged
I00655,Healthcare,2018,BBB,BBB,0,0,0,0,4,4,0,unchanged
I00656,Financials,2018,BBB,BBB,0,0,0,0,4,4,0,unchanged
I00658,Telecom,2018,BBB,BBB,0,0,0,0,4,4,0,unchanged
I00659,Telecom,2018,BBB,BBB,0,0,0,0,4,4,0,unchanged
I00660,Industrials,2018,B,B,0,0,0,0,2,2,0,unchanged
I00661,Healthcare,2018,BBB,BBB,0,0,0,0,4,4,0,unchanged
I00662,Real_Estate,2018,B,B,0,0,0,0,2,2,0,unchanged
I00663,Technology,2018,AA,A,0,1,0,1,6,5,-1,downgrade
I00664,Healthcare,2018,A,A,0,0,0,0,5,5,0,unchanged
I00665,Financials,2018,BBB,BBB,0,0,0,0,4,4,0,unchanged
I00666,Telecom,2018,B,B,0,0,0,0,2,2,0,unchanged
I00667,Healthcare,2018,BBB,BBB,0,0,0,0,4,4,0,unchanged
I00668,Retail,2018,A,A,0,0,0,0,5,5,0,unchanged
I00669,Real_Estate,2018,A,A,0,0,0,0,5,5,0,unchanged
I00670,Healthcare,2018,A,A,0,0,0,0,5,5,0,unchanged
I00671,Retail,2018,A,A,0,0,0,0,5,5,0,unchanged
I00672,Retail,2018,B,B,0,0,0,0,2,2,0,unchanged
I00673,Healthcare,2018,BBB,BBB,0,0,0,0,4,4,0,unchanged
I00674,Retail,2018,BB,BB,0,0,0,0,3,3,0,unchanged
I00675,Telecom,2018,BB,BB,0,0,0,0,3,3,0,unchanged
I00676,Retail,2018,CCC,D,0,0,1,1,1,0,-1,default
I00677,Healthcare,2018,A,A,0,0,0,0,5,5,0,unchanged
I00678,Real_Estate,2018,BBB,BB,0,1,0,1,4,3,-1,downgrade
I00679,Consumer,2018,AA,AA,0,0,0,0,6,6,0,unchanged
I00680,Healthcare,2018,BB,BB,0,0,0,0,3,3,0,unchanged
I00681,Energy,2018,B,B,0,0,0,0,2,2,0,unchanged
I00682,Industrials,2018,BBB,BBB,0,0,0,0,4,4,0,unchanged
I00683,Utilities,2018,BB,BBB,1,0,0,-1,3,4,1,upgrade
I00684,Real_Estate,2018,A,A,0,0,0,0,5,5,0,unchanged
I00685,Real_Estate,2018,BBB,BBB,0,0,0,0,4,4,0,unchanged
I00686,Utilities,2018,B,B,0,0,0,0,2,2,0,unchanged
I00687,Telecom,2018,AA,AA,0,0,0,0,6,6,0,unchanged
I00688,Financials,2018,A,A,0,0,0,0,5,5,0,unchanged
I00691,Healthcare,2018,B,B,0,0,0,0,2,2,0,unchanged
I00692,Retail,2018,BB,BB,0,0,0,0,3,3,0,unchanged
I00693,Financials,2018,BB,BB,0,0,0,0,3,3,0,unchanged
I00694,Financials,2018,BBB,BBB,0,0,0,0,4,4,0,unchanged
I00695,Real_Estate,2018,BBB,BBB,0,0,0,0,4,4,0,unchanged
I00696,Healthcare,2018,AAA,AAA,0,0,0,0,7,7,0,unchanged
I00697,Financials,2018,A,A,0,0,0,0,5,5,0,unchanged
I00698,Financials,2018,BB,BB,0,0,0,0,3,3,0,unchanged
I00699,Energy,2018,BB,BB,0,0,0,0,3,3,0,unchanged
I00700,Real_Estate,2018,BBB,BBB,0,0,0,0,4,4,0,unchanged
I00701,Technology,2018,B,B,0,0,0,0,2,2,0,unchanged
I00702,Telecom,2018,BBB,BBB,0,0,0,0,4,4,0,unchanged
I00703,Healthcare,2018,A,A,0,0,0,0,5,5,0,unchanged
I00704,Technology,2018,BBB,BBB,0,0,0,0,4,4,0,unchanged
I00705,Retail,2018,BBB,BBB,0,0,0,0,4,4,0,unchanged
I00706,Industrials,2018,B,B,0,0,0,0,2,2,0,unchanged
I00707,Financials,2018,A,A,0,0,0,0,5,5,0,unchanged
I00708,Financials,2018,AA,BBB,0,1,0,2,6,4,-2,downgrade
I00709,Consumer,2018,B,B,0,0,0,0,2,2,0,unchanged
I00710,Financials,2018,BBB,BBB,0,0,0,0,4,4,0,unchanged
I00711,Telecom,2018,A,A,0,0,0,0,5,5,0,unchanged
I00712,Retail,2018,BB,BB,0,0,0,0,3,3,0,unchanged
I00714,Technology,2018,A,A,0,0,0,0,5,5,0,unchanged
I00715,Healthcare,2018,BBB,BBB,0,0,0,0,4,4,0,unchanged
I00716,Energy,2018,BB,B,0,1,0,1,3,2,-1,downgrade
I00717,Technology,2018,A,A,0,0,0,0,5,5,0,unchanged
I00718,Retail,2018,A,A,0,0,0,0,5,5,0,unchanged
I00719,Consumer,2018,A,A,0,0,0,0,5,5,0,unchanged
I00720,Telecom,2018,A,A,0,0,0,0,5,5,0,unchanged
I00721,Utilities,2018,BB,BB,0,0,0,0,3,3,0,unchanged
I00722,Financials,2018,B,B,0,0,0,0,2,2,0,unchanged
I00723,Industrials,2018,CCC,D,0,0,1,1,1,0,-1,default
I00724,Consumer,2018,BBB,BBB,0,0,0,0,4,4,0,unchanged
I00725,Healthcare,2018,AA,AA,0,0,0,0,6,6,0,unchanged
I00726,Healthcare,2018,AA,AA,0,0,0,0,6,6,0,unchanged
I00727,Consumer,2018,BB,BB,0,0,0,0,3,3,0,unchanged
I00728,Energy,2018,A,A,0,0,0,0,5,5,0,unchanged
I00729,Telecom,2018,BBB,BBB,0,0,0,0,4,4,0,unchanged
I00731,Utilities,2018,AA,A,0,1,0,1,6,5,-1,downgrade
I00732,Consumer,2018,BB,BBB,1,0,0,-1,3,4,1,upgrade
I00733,Energy,2018,BBB,BBB,0,0,0,0,4,4,0,unchanged
I00734,Utilities,2018,B,B,0,0,0,0,2,2,0,unchanged
I00735,Real_Estate,2018,B,B,0,0,0,0,2,2,0,unchanged
I00736,Healthcare,2018,BB,B,0,1,0,1,3,2,-1,downgrade
I00738,Healthcare,2018,BB,BBB,1,0,0,-1,3,4,1,upgrade
I00739,Telecom,2018,B,B,0,0,0,0,2,2,0,unchanged
I00740,Healthcare,2018,B,B,0,0,0,0,2,2,0,unchanged
I00741,Industrials,2018,B,B,0,0,0,0,2,2,0,unchanged
I00742,Consumer,2018,A,A,0,0,0,0,5,5,0,unchanged
I00745,Energy,2018,BBB,BBB,0,0,0,0,4,4,0,unchanged
I00746,Financials,2018,B,B,0,0,0,0,2,2,0,unchanged
I00747,Energy,2018,BBB,BBB,0,0,0,0,4,4,0,unchanged
I00748,Utilities,2018,BBB,BBB,0,0,0,0,4,4,0,unchanged
I00749,Telecom,2018,B,B,0,0,0,0,2,2,0,unchanged
I00750,Technology,2018,AA,AA,0,0,0,0,6,6,0,unchanged
I00751,Real_Estate,2018,A,A,0,0,0,0,5,5,0,unchanged
I00752,Retail,2018,A,A,0,0,0,0,5,5,0,unchanged
I00753,Industrials,2018,AA,AA,0,0,0,0,6,6,0,unchanged
I00754,Real_Estate,2018,A,A,0,0,0,0,5,5,0,unchanged
I00755,Retail,2018,A,A,0,0,0,0,5,5,0,unchanged
I00756,Financials,2018,BB,BB,0,0,0,0,3,3,0,unchanged
I00757,Industrials,2018,B,B,0,0,0,0,2,2,0,unchanged
I00758,Consumer,2018,BBB,B,0,1,0,2,4,2,-2,downgrade
I00759,Telecom,2018,B,B,0,0,0,0,2,2,0,unchanged
I00760,Retail,2018,CCC,CCC,0,0,0,0,1,1,0,unchanged
I00761,Telecom,2018,BBB,BBB,0,0,0,0,4,4,0,unchanged
I00762,Retail,2018,BBB,BBB,0,0,0,0,4,4,0,unchanged
I00763,Utilities,2018,BB,BB,0,0,0,0,3,3,0,unchanged
I00764,Technology,2018,BBB,BBB,0,0,0,0,4,4,0,unchanged
I00765,Industrials,2018,AA,AA,0,0,0,0,6,6,0,unchanged
I00766,Industrials,2018,A,A,0,0,0,0,5,5,0,unchanged
I00767,Telecom,2018,B,B,0,0,0,0,2,2,0,unchanged
I00768,Energy,2018,A,A,0,0,0,0,5,5,0,unchanged
I00769,Retail,2018,BBB,BBB,0,0,0,0,4,4,0,unchanged
I00770,Retail,2018,BBB,BBB,0,0,0,0,4,4,0,unchanged
I00771,Financials,2018,A,A,0,0,0,0,5,5,0,unchanged
I00772,Technology,2018,BBB,BBB,0,0,0,0,4,4,0,unchanged
I00773,Industrials,2018,AA,AA,0,0,0,0,6,6,0,unchanged
I00774,Financials,2018,BBB,A,1,0,0,-1,4,5,1,upgrade
I00775,Financials,2018,A,A,0,0,0,0,5,5,0,unchanged
I00776,Consumer,2018,AA,AA,0,0,0,0,6,6,0,unchanged
I00777,Utilities,2018,BB,BB,0,0,0,0,3,3,0,unchanged
I00778,Financials,2018,BBB,BBB,0,0,0,0,4,4,0,unchanged
I00779,Financials,2018,A,A,0,0,0,0,5,5,0,unchanged
I00780,Consumer,2018,AA,AA,0,0,0,0,6,6,0,unchanged
I00781,Industrials,2018,BB,BB,0,0,0,0,3,3,0,unchanged
I00782,Telecom,2018,BBB,BBB,0,0,0,0,4,4,0,unchanged
I00783,Utilities,2018,BB,BB,0,0,0,0,3,3,0,unchanged
I00784,Financials,2018,B,B,0,0,0,0,2,2,0,unchanged
I00785,Consumer,2018,B,B,0,0,0,0,2,2,0,unchanged
I00786,Healthcare,2018,AAA,AAA,0,0,0,0,7,7,0,unchanged
I00787,Industrials,2018,A,A,0,0,0,0,5,5,0,unchanged
I00788,Real_Estate,2018,BB,CCC,0,1,0,2,3,1,-2,downgrade
I00789,Utilities,2018,AA,AA,0,0,0,0,6,6,0,unchanged
I00790,Retail,2018,BB,B,0,1,0,1,3,2,-1,downgrade
I00791,Energy,2018,BBB,BBB,0,0,0,0,4,4,0,unchanged
I00792,Real_Estate,2018,AA,AA,0,0,0,0,6,6,0,unchanged
I00793,Consumer,2018,A,A,0,0,0,0,5,5,0,unchanged
I00794,Energy,2018,BB,BB,0,0,0,0,3,3,0,unchanged
I00795,Consumer,2018,A,A,0,0,0,0,5,5,0,unchanged
I00797,Telecom,2018,B,B,0,0,0,0,2,2,0,unchanged
I00798,Consumer,2018,BBB,BBB,0,0,0,0,4,4,0,unchanged
I00799,Industrials,2018,A,AA,1,0,0,-1,5,6,1,upgrade
I00800,Real_Estate,2018,B,B,0,0,0,0,2,2,0,unchanged
I00801,Telecom,2018,BB,BBB,1,0,0,-1,3,4,1,upgrade
I00802,Industrials,2018,BBB,BBB,0,0,0,0,4,4,0,unchanged
I00803,Retail,2018,AAA,AAA,0,0,0,0,7,7,0,unchanged
I00804,Healthcare,2018,A,A,0,0,0,0,5,5,0,unchanged
I00805,Real_Estate,2018,CCC,CCC,0,0,0,0,1,1,0,unchanged
I00806,Financials,2018,B,B,0,0,0,0,2,2,0,unchanged
I00807,Consumer,2018,BB,BB,0,0,0,0,3,3,0,unchanged
I00808,Energy,2018,BBB,BBB,0,0,0,0,4,4,0,unchanged
I00809,Healthcare,2018,B,B,0,0,0,0,2,2,0,unchanged
I00810,Technology,2018,B,CCC,0,1,0,1,2,1,-1,downgrade
I00811,Telecom,2018,A,A,0,0,0,0,5,5,0,unchanged
I00812,Utilities,2018,A,A,0,0,0,0,5,5,0,unchanged
I00813,Real_Estate,2018,A,A,0,0,0,0,5,5,0,unchanged
I00814,Financials,2018,BB,BB,0,0,0,0,3,3,0,unchanged
I00816,Telecom,2018,B,B,0,0,0,0,2,2,0,unchanged
I00817,Utilities,2018,CCC,D,0,0,1,1,1,0,-1,default
I00818,Real_Estate,2018,B,B,0,0,0,0,2,2,0,unchanged
I00819,Real_Estate,2018,BBB,BBB,0,0,0,0,4,4,0,unchanged
I00820,Real_Estate,2018,BB,BB,0,0,0,0,3,3,0,unchanged
I00821,Consumer,2018,BBB,BB,0,1,0,1,4,3,-1,downgrade
I00822,Consumer,2018,BBB,BBB,0,0,0,0,4,4,0,unchanged
I00823,Consumer,2018,A,A,0,0,0,0,5,5,0,unchanged
I00824,Consumer,2018,BB,BB,0,0,0,0,3,3,0,unchanged
I00825,Consumer,2018,CCC,CCC,0,0,0,0,1,1,0,unchanged
I00826,Energy,2018,AA,AA,0,0,0,0,6,6,0,unchanged
I00828,Consumer,2018,A,A,0,0,0,0,5,5,0,unchanged
I00829,Industrials,2018,BB,BB,0,0,0,0,3,3,0,unchanged
I00830,Financials,2018,B,B,0,0,0,0,2,2,0,unchanged
I00831,Consumer,2018,BBB,BBB,0,0,0,0,4,4,0,unchanged
I00832,Telecom,2018,BBB,BBB,0,0,0,0,4,4,0,unchanged
I00833,Real_Estate,2018,AA,AA,0,0,0,0,6,6,0,unchanged
I00834,Industrials,2018,AAA,AAA,0,0,0,0,7,7,0,unchanged
I00835,Telecom,2018,AA,AA,0,0,0,0,6,6,0,unchanged
I00836,Financials,2018,A,A,0,0,0,0,5,5,0,unchanged
I00837,Utilities,2018,BB,BB,0,0,0,0,3,3,0,unchanged
I00838,Financials,2018,AA,AA,0,0,0,0,6,6,0,unchanged
I00839,Energy,2018,A,A,0,0,0,0,5,5,0,unchanged
I00840,Industrials,2018,B,B,0,0,0,0,2,2,0,unchanged
I00841,Industrials,2018,B,B,0,0,0,0,2,2,0,unchanged
I00842,Retail,2018,AAA,AAA,0,0,0,0,7,7,0,unchanged
I00843,Industrials,2018,A,A,0,0,0,0,5,5,0,unchanged
I00844,Utilities,2018,B,B,0,0,0,0,2,2,0,unchanged
I00845,Industrials,2018,AA,AA,0,0,0,0,6,6,0,unchanged
I00846,Utilities,2018,BB,BB,0,0,0,0,3,3,0,unchanged
I00847,Financials,2018,B,B,0,0,0,0,2,2,0,unchanged
I00848,Technology,2018,AA,AA,0,0,0,0,6,6,0,unchanged
I00850,Utilities,2018,A,BBB,0,1,0,1,5,4,-1,downgrade
I00851,Industrials,2018,BBB,BBB,0,0,0,0,4,4,0,unchanged
I00852,Technology,2018,B,D,0,0,1,2,2,0,-2,default
I00853,Retail,2018,BB,BB,0,0,0,0,3,3,0,unchanged
I00854,Financials,2018,BBB,BBB,0,0,0,0,4,4,0,unchanged
I00855,Financials,2018,AA,AA,0,0,0,0,6,6,0,unchanged
I00856,Technology,2018,B,B,0,0,0,0,2,2,0,unchanged
I00857,Consumer,2018,BBB,BBB,0,0,0,0,4,4,0,unchanged
I00858,Consumer,2018,BBB,BBB,0,0,0,0,4,4,0,unchanged
I00859,Technology,2018,BBB,BBB,0,0,0,0,4,4,0,unchanged
I00860,Real_Estate,2018,CCC,B,1,0,0,-1,1,2,1,upgrade
I00861,Utilities,2018,CCC,B,1,0,0,-1,1,2,1,upgrade
I00862,Retail,2018,B,B,0,0,0,0,2,2,0,unchanged
I00863,Technology,2018,BBB,BBB,0,0,0,0,4,4,0,unchanged
I00864,Real_Estate,2018,BBB,BBB,0,0,0,0,4,4,0,unchanged
I00865,Consumer,2018,A,BBB,0,1,0,1,5,4,-1,downgrade
I00866,Utilities,2018,A,A,0,0,0,0,5,5,0,unchanged
I00867,Energy,2018,BBB,BBB,0,0,0,0,4,4,0,unchanged
I00868,Retail,2018,A,A,0,0,0,0,5,5,0,unchanged
I00869,Retail,2018,B,B,0,0,0,0,2,2,0,unchanged
I00870,Energy,2018,B,B,0,0,0,0,2,2,0,unchanged
I00871,Real_Estate,2018,BBB,BBB,0,0,0,0,4,4,0,unchanged
I00873,Financials,2018,A,A,0,0,0,0,5,5,0,unchanged
I00874,Financials,2018,B,B,0,0,0,0,2,2,0,unchanged
I00875,Industrials,2018,A,A,0,0,0,0,5,5,0,unchanged
I00876,Energy,2018,B,B,0,0,0,0,2,2,0,unchanged
I00877,Real_Estate,2018,BBB,BB,0,1,0,1,4,3,-1,downgrade
I00878,Financials,2018,A,A,0,0,0,0,5,5,0,unchanged
I00879,Industrials,2018,A,A,0,0,0,0,5,5,0,unchanged
I00880,Retail,2018,BBB,BBB,0,0,0,0,4,4,0,unchanged
I00881,Energy,2018,BB,BB,0,0,0,0,3,3,0,unchanged
I00882,Financials,2018,B,B,0,0,0,0,2,2,0,unchanged
I00883,Real_Estate,2018,B,B,0,0,0,0,2,2,0,unchanged
I00884,Telecom,2018,AA,AA,0,0,0,0,6,6,0,unchanged
I00885,Technology,2018,A,A,0,0,0,0,5,5,0,unchanged
I00886,Telecom,2018,CCC,D,0,0,1,1,1,0,-1,default
I00887,Technology,2018,BBB,A,1,0,0,-1,4,5,1,upgrade
I00888,Technology,2018,BBB,BBB,0,0,0,0,4,4,0,unchanged
I00889,Retail,2018,A,A,0,0,0,0,5,5,0,unchanged
I00890,Energy,2018,A,A,0,0,0,0,5,5,0,unchanged
I00891,Industrials,2018,BBB,BBB,0,0,0,0,4,4,0,unchanged
I00892,Energy,2018,A,A,0,0,0,0,5,5,0,unchanged
I00893,Real_Estate,2018,BBB,BBB,0,0,0,0,4,4,0,unchanged
I00894,Energy,2018,A,A,0,0,0,0,5,5,0,unchanged
I00895,Real_Estate,2018,B,B,0,0,0,0,2,2,0,unchanged
I00896,Telecom,2018,CCC,CCC,0,0,0,0,1,1,0,unchanged
I00897,Real_Estate,2018,A,A,0,0,0,0,5,5,0,unchanged
I00898,Retail,2018,BBB,BBB,0,0,0,0,4,4,0,unchanged
I00899,Telecom,2018,BB,BB,0,0,0,0,3,3,0,unchanged
I00900,Industrials,2018,BB,B,0,1,0,1,3,2,-1,downgrade
I00901,Energy,2018,B,B,0,0,0,0,2,2,0,unchanged
I00902,Healthcare,2018,BBB,BBB,0,0,0,0,4,4,0,unchanged
I00903,Consumer,2018,BBB,BBB,0,0,0,0,4,4,0,unchanged
I00904,Technology,2018,CCC,CCC,0,0,0,0,1,1,0,unchanged
I00905,Technology,2018,B,B,0,0,0,0,2,2,0,unchanged
I00906,Financials,2018,BB,BB,0,0,0,0,3,3,0,unchanged
I00907,Healthcare,2018,BBB,BB,0,1,0,1,4,3,-1,downgrade
I00908,Financials,2018,BBB,BBB,0,0,0,0,4,4,0,unchanged
I00909,Telecom,2018,BB,BB,0,0,0,0,3,3,0,unchanged
I00910,Energy,2018,BB,B,0,1,0,1,3,2,-1,downgrade
I00911,Retail,2018,AA,AA,0,0,0,0,6,6,0,unchanged
I00912,Real_Estate,2018,B,B,0,0,0,0,2,2,0,unchanged
I00913,Industrials,2018,BB,BB,0,0,0,0,3,3,0,unchanged
I00914,Telecom,2018,BB,BB,0,0,0,0,3,3,0,unchanged
I00915,Technology,2018,AAA,AA,0,1,0,1,7,6,-1,downgrade
I00916,Energy,2018,A,A,0,0,0,0,5,5,0,unchanged
I00917,Industrials,2018,A,A,0,0,0,0,5,5,0,unchanged
I00918,Energy,2018,BB,BB,0,0,0,0,3,3,0,unchanged
I00920,Energy,2018,BBB,BBB,0,0,0,0,4,4,0,unchanged
I00921,Financials,2018,AA,AA,0,0,0,0,6,6,0,unchanged
I00922,Telecom,2018,A,A,0,0,0,0,5,5,0,unchanged
I00923,Consumer,2018,BBB,BB,0,1,0,1,4,3,-1,downgrade
I00924,Healthcare,2018,BBB,BBB,0,0,0,0,4,4,0,unchanged
I00925,Utilities,2018,AA,AA,0,0,0,0,6,6,0,unchanged
I00926,Utilities,2018,CCC,CCC,0,0,0,0,1,1,0,unchanged
I00927,Energy,2018,BBB,BBB,0,0,0,0,4,4,0,unchanged
I00928,Consumer,2018,A,A,0,0,0,0,5,5,0,unchanged
I00929,Industrials,2018,B,B,0,0,0,0,2,2,0,unchanged
I00930,Real_Estate,2018,A,A,0,0,0,0,5,5,0,unchanged
I00931,Technology,2018,BB,BB,0,0,0,0,3,3,0,unchanged
I00932,Real_Estate,2018,AA,AA,0,0,0,0,6,6,0,unchanged
I00933,Telecom,2018,BBB,BBB,0,0,0,0,4,4,0,unchanged
I00934,Telecom,2018,BBB,BBB,0,0,0,0,4,4,0,unchanged
I00935,Technology,2018,BB,B,0,1,0,1,3,2,-1,downgrade
I00936,Energy,2018,BBB,BB,0,1,0,1,4,3,-1,downgrade
I00937,Industrials,2018,BBB,BBB,0,0,0,0,4,4,0,unchanged
I00938,Telecom,2018,B,B,0,0,0,0,2,2,0,unchanged
I00939,Technology,2018,A,A,0,0,0,0,5,5,0,unchanged
I00940,Financials,2018,AA,AA,0,0,0,0,6,6,0,unchanged
I00942,Technology,2018,B,B,0,0,0,0,2,2,0,unchanged
I00943,Real_Estate,2018,BB,BB,0,0,0,0,3,3,0,unchanged
I00944,Healthcare,2018,CCC,CCC,0,0,0,0,1,1,0,unchanged
I00945,Industrials,2018,A,A,0,0,0,0,5,5,0,unchanged
I00946,Utilities,2018,BB,BB,0,0,0,0,3,3,0,unchanged
I00947,Telecom,2018,BBB,BBB,0,0,0,0,4,4,0,unchanged
I00948,Technology,2018,BB,BB,0,0,0,0,3,3,0,unchanged
I00949,Financials,2018,BBB,BBB,0,0,0,0,4,4,0,unchanged
I00950,Telecom,2018,B,B,0,0,0,0,2,2,0,unchanged
I00951,Real_Estate,2018,A,A,0,0,0,0,5,5,0,unchanged
I00952,Technology,2018,CCC,CCC,0,0,0,0,1,1,0,unchanged
I00953,Real_Estate,2018,B,B,0,0,0,0,2,2,0,unchanged
I00954,Healthcare,2018,A,A,0,0,0,0,5,5,0,unchanged
I00955,Real_Estate,2018,BB,BBB,1,0,0,-1,3,4,1,upgrade
I00956,Consumer,2018,BB,BB,0,0,0,0,3,3,0,unchanged
I00957,Healthcare,2018,BBB,A,1,0,0,-1,4,5,1,upgrade
I00958,Healthcare,2018,BBB,BBB,0,0,0,0,4,4,0,unchanged
I00959,Utilities,2018,BBB,BBB,0,0,0,0,4,4,0,unchanged
I00960,Industrials,2018,B,B,0,0,0,0,2,2,0,unchanged
I00961,Telecom,2018,BB,BB,0,0,0,0,3,3,0,unchanged
I00962,Healthcare,2018,AA,AA,0,0,0,0,6,6,0,unchanged
I00963,Utilities,2018,A,BBB,0,1,0,1,5,4,-1,downgrade
I00964,Financials,2018,BBB,BBB,0,0,0,0,4,4,0,unchanged
I00965,Consumer,2018,BB,BB,0,0,0,0,3,3,0,unchanged
I00966,Healthcare,2018,BBB,BBB,0,0,0,0,4,4,0,unchanged
I00967,Retail,2018,B,B,0,0,0,0,2,2,0,unchanged
I00968,Healthcare,2018,A,A,0,0,0,0,5,5,0,unchanged
I00970,Real_Estate,2018,BBB,BBB,0,0,0,0,4,4,0,unchanged
I00972,Utilities,2018,B,B,0,0,0,0,2,2,0,unchanged
I00973,Energy,2018,A,A,0,0,0,0,5,5,0,unchanged
I00974,Healthcare,2018,BBB,BBB,0,0,0,0,4,4,0,unchanged
I00975,Real_Estate,2018,BBB,BBB,0,0,0,0,4,4,0,unchanged
I00976,Consumer,2018,CCC,CCC,0,0,0,0,1,1,0,unchanged
I00977,Industrials,2018,AA,AA,0,0,0,0,6,6,0,unchanged
I00978,Utilities,2018,BB,BBB,1,0,0,-1,3,4,1,upgrade
I00979,Retail,2018,CCC,CCC,0,0,0,0,1,1,0,unchanged
I00980,Financials,2018,AA,AA,0,0,0,0,6,6,0,unchanged
I00981,Financials,2018,B,B,0,0,0,0,2,2,0,unchanged
I00982,Telecom,2018,BB,BBB,1,0,0,-1,3,4,1,upgrade
I00983,Industrials,2018,BBB,BBB,0,0,0,0,4,4,0,unchanged
I00984,Consumer,2018,AA,AA,0,0,0,0,6,6,0,unchanged
I00985,Energy,2018,A,A,0,0,0,0,5,5,0,unchanged
I00986,Industrials,2018,BBB,BBB,0,0,0,0,4,4,0,unchanged
I00987,Healthcare,2018,BB,BB,0,0,0,0,3,3,0,unchanged
I00988,Real_Estate,2018,BB,B,0,1,0,1,3,2,-1,downgrade
I00989,Industrials,2018,A,BBB,0,1,0,1,5,4,-1,downgrade
I00990,Energy,2018,AA,AA,0,0,0,0,6,6,0,unchanged
I00992,Technology,2018,B,D,0,0,1,2,2,0,-2,default
I00993,Retail,2018,BB,BBB,1,0,0,-1,3,4,1,upgrade
I00995,Utilities,2018,B,B,0,0,0,0,2,2,0,unchanged
I00996,Real_Estate,2018,B,B,0,0,0,0,2,2,0,unchanged
I00997,Energy,2018,AAA,AAA,0,0,0,0,7,7,0,unchanged
I00998,Healthcare,2018,BBB,BBB,0,0,0,0,4,4,0,unchanged
I01000,Retail,2018,B,B,0,0,0,0,2,2,0,unchanged
I01001,Telecom,2018,B,BB,1,0,0,-1,2,3,1,upgrade
I01003,Telecom,2018,B,D,0,0,1,2,2,0,-2,default
I01004,Financials,2018,BBB,A,1,0,0,-1,4,5,1,upgrade
I01005,Industrials,2018,B,CCC,0,1,0,1,2,1,-1,downgrade
I01006,Real_Estate,2018,B,D,0,0,1,2,2,0,-2,default
I01007,Technology,2018,B,B,0,0,0,0,2,2,0,unchanged
I01008,Retail,2018,B,B,0,0,0,0,2,2,0,unchanged
I01009,Consumer,2018,A,A,0,0,0,0,5,5,0,unchanged
I01010,Energy,2018,BBB,BBB,0,0,0,0,4,4,0,unchanged
I01011,Energy,2018,AA,AA,0,0,0,0,6,6,0,unchanged
I01012,Consumer,2018,B,B,0,0,0,0,2,2,0,unchanged
I01013,Technology,2018,BBB,BBB,0,0,0,0,4,4,0,unchanged
I01014,Healthcare,2018,BBB,BBB,0,0,0,0,4,4,0,unchanged
I01015,Energy,2018,A,A,0,0,0,0,5,5,0,unchanged
I01016,Consumer,2018,AA,AA,0,0,0,0,6,6,0,unchanged
I01017,Retail,2018,BBB,BBB,0,0,0,0,4,4,0,unchanged
I01018,Healthcare,2018,AA,AA,0,0,0,0,6,6,0,unchanged
I01020,Financials,2018,BBB,BBB,0,0,0,0,4,4,0,unchanged
I01021,Utilities,2018,A,A,0,0,0,0,5,5,0,unchanged
I01022,Utilities,2018,BBB,BB,0,1,0,1,4,3,-1,downgrade
I01023,Healthcare,2018,BBB,BBB,0,0,0,0,4,4,0,unchanged
I01024,Technology,2018,BBB,A,1,0,0,-1,4,5,1,upgrade
I01025,Utilities,2018,B,B,0,0,0,0,2,2,0,unchanged
I01027,Real_Estate,2018,AA,AA,0,0,0,0,6,6,0,unchanged
I01028,Energy,2018,CCC,CCC,0,0,0,0,1,1,0,unchanged
I01029,Utilities,2018,BBB,A,1,0,0,-1,4,5,1,upgrade
I01030,Technology,2018,B,B,0,0,0,0,2,2,0,unchanged
I01031,Utilities,2018,BBB,BBB,0,0,0,0,4,4,0,unchanged
I01032,Financials,2018,BB,BBB,1,0,0,-1,3,4,1,upgrade
I01034,Energy,2018,BBB,BBB,0,0,0,0,4,4,0,unchanged
I01035,Technology,2018,B,B,0,0,0,0,2,2,0,unchanged
I01036,Telecom,2018,BB,BB,0,0,0,0,3,3,0,unchanged
I01038,Real_Estate,2018,AA,AA,0,0,0,0,6,6,0,unchanged
I01039,Energy,2018,BBB,BBB,0,0,0,0,4,4,0,unchanged
I01040,Telecom,2018,AAA,AAA,0,0,0,0,7,7,0,unchanged
I01041,Telecom,2018,BBB,BBB,0,0,0,0,4,4,0,unchanged
I01042,Utilities,2018,AA,AA,0,0,0,0,6,6,0,unchanged
I01043,Retail,2018,BB,BB,0,0,0,0,3,3,0,unchanged
I01044,Telecom,2018,A,A,0,0,0,0,5,5,0,unchanged
I01045,Technology,2018,B,B,0,0,0,0,2,2,0,unchanged
I01046,Financials,2018,B,B,0,0,0,0,2,2,0,unchanged
I01047,Consumer,2018,A,A,0,0,0,0,5,5,0,unchanged
I01048,Retail,2018,BB,B,0,1,0,1,3,2,-1,downgrade
I01049,Retail,2018,A,A,0,0,0,0,5,5,0,unchanged
I01050,Utilities,2018,BBB,BBB,0,0,0,0,4,4,0,unchanged
I01051,Retail,2018,BBB,BBB,0,0,0,0,4,4,0,unchanged
I01053,Retail,2018,BBB,BBB,0,0,0,0,4,4,0,unchanged
I01054,Energy,2018,AA,AA,0,0,0,0,6,6,0,unchanged
I01055,Energy,2018,AAA,AAA,0,0,0,0,7,7,0,unchanged
I01056,Telecom,2018,BB,BB,0,0,0,0,3,3,0,unchanged
I01057,Energy,2018,BB,BB,0,0,0,0,3,3,0,unchanged
I01058,Retail,2018,BB,BB,0,0,0,0,3,3,0,unchanged
I01059,Retail,2018,BBB,BBB,0,0,0,0,4,4,0,unchanged
I01060,Financials,2018,BBB,BB,0,1,0,1,4,3,-1,downgrade
I01061,Industrials,2018,BBB,BBB,0,0,0,0,4,4,0,unchanged
I01062,Energy,2018,BBB,BBB,0,0,0,0,4,4,0,unchanged
I01063,Consumer,2018,BB,BB,0,0,0,0,3,3,0,unchanged
I01064,Utilities,2018,B,B,0,0,0,0,2,2,0,unchanged
I01065,Healthcare,2018,B,B,0,0,0,0,2,2,0,unchanged
I01066,Consumer,2018,BBB,A,1,0,0,-1,4,5,1,upgrade
I01067,Healthcare,2018,BB,BB,0,0,0,0,3,3,0,unchanged
I01068,Real_Estate,2018,CCC,CCC,0,0,0,0,1,1,0,unchanged
I01069,Telecom,2018,BBB,A,1,0,0,-1,4,5,1,upgrade
I01070,Telecom,2018,BBB,BBB,0,0,0,0,4,4,0,unchanged
I01071,Retail,2018,BBB,BBB,0,0,0,0,4,4,0,unchanged
I01072,Technology,2018,BBB,BBB,0,0,0,0,4,4,0,unchanged
I01073,Real_Estate,2018,BBB,BBB,0,0,0,0,4,4,0,unchanged
I01074,Industrials,2018,AA,AAA,1,0,0,-1,6,7,1,upgrade
I01075,Energy,2018,BBB,BBB,0,0,0,0,4,4,0,unchanged
I01076,Industrials,2018,BB,BB,0,0,0,0,3,3,0,unchanged
I01077,Technology,2018,BB,BB,0,0,0,0,3,3,0,unchanged
I01078,Telecom,2018,CCC,CCC,0,0,0,0,1,1,0,unchanged
I01079,Healthcare,2018,BB,BB,0,0,0,0,3,3,0,unchanged
I01080,Technology,2018,BB,BB,0,0,0,0,3,3,0,unchanged
I01081,Healthcare,2018,BBB,BBB,0,0,0,0,4,4,0,unchanged
I01082,Technology,2018,A,A,0,0,0,0,5,5,0,unchanged
I01083,Healthcare,2018,AA,A,0,1,0,1,6,5,-1,downgrade
I01084,Retail,2018,BBB,BBB,0,0,0,0,4,4,0,unchanged
I01085,Consumer,2018,BBB,BBB,0,0,0,0,4,4,0,unchanged
I01086,Industrials,2018,B,B,0,0,0,0,2,2,0,unchanged
I01087,Utilities,2018,B,B,0,0,0,0,2,2,0,unchanged
I01088,Real_Estate,2018,B,B,0,0,0,0,2,2,0,unchanged
I01089,Real_Estate,2018,B,B,0,0,0,0,2,2,0,unchanged
I01090,Financials,2018,BB,BB,0,0,0,0,3,3,0,unchanged
I01091,Consumer,2018,A,A,0,0,0,0,5,5,0,unchanged
I01092,Consumer,2018,B,B,0,0,0,0,2,2,0,unchanged
I01093,Real_Estate,2018,BBB,BBB,0,0,0,0,4,4,0,unchanged
I01094,Technology,2018,A,A,0,0,0,0,5,5,0,unchanged
I01095,Industrials,2018,AA,AA,0,0,0,0,6,6,0,unchanged
I01096,Real_Estate,2018,A,A,0,0,0,0,5,5,0,unchanged
I01097,Healthcare,2018,BB,BB,0,0,0,0,3,3,0,unchanged
I01098,Telecom,2018,BBB,BBB,0,0,0,0,4,4,0,unchanged
I01099,Telecom,2018,A,A,0,0,0,0,5,5,0,unchanged
I01100,Retail,2018,A,A,0,0,0,0,5,5,0,unchanged
I01101,Industrials,2018,CCC,B,1,0,0,-1,1,2,1,upgrade
I01102,Retail,2018,A,A,0,0,0,0,5,5,0,unchanged
I01103,Healthcare,2018,B,BB,1,0,0,-1,2,3,1,upgrade
I01104,Healthcare,2018,CCC,CCC,0,0,0,0,1,1,0,unchanged
I01105,Technology,2018,BBB,BBB,0,0,0,0,4,4,0,unchanged
I01106,Industrials,2018,BB,BB,0,0,0,0,3,3,0,unchanged
I01107,Consumer,2018,CCC,CCC,0,0,0,0,1,1,0,unchanged
I01108,Real_Estate,2018,B,B,0,0,0,0,2,2,0,unchanged
I01109,Industrials,2018,BBB,BBB,0,0,0,0,4,4,0,unchanged
I01110,Energy,2018,A,A,0,0,0,0,5,5,0,unchanged
I01111,Financials,2018,B,B,0,0,0,0,2,2,0,unchanged
I01112,Technology,2018,A,A,0,0,0,0,5,5,0,unchanged
I01113,Healthcare,2018,B,B,0,0,0,0,2,2,0,unchanged
I01114,Industrials,2018,BB,BB,0,0,0,0,3,3,0,unchanged
I01115,Telecom,2018,BBB,BBB,0,0,0,0,4,4,0,unchanged
I01116,Real_Estate,2018,BB,BB,0,0,0,0,3,3,0,unchanged
I01117,Energy,2018,A,A,0,0,0,0,5,5,0,unchanged
I01118,Consumer,2018,BBB,BBB,0,0,0,0,4,4,0,unchanged
I01119,Retail,2018,B,B,0,0,0,0,2,2,0,unchanged
I01120,Real_Estate,2018,BBB,BBB,0,0,0,0,4,4,0,unchanged
I01121,Energy,2018,A,A,0,0,0,0,5,5,0,unchanged
I01122,Telecom,2018,B,B,0,0,0,0,2,2,0,unchanged
I01123,Technology,2018,B,B,0,0,0,0,2,2,0,unchanged
I01124,Energy,2018,BB,BB,0,0,0,0,3,3,0,unchanged
I01125,Financials,2018,A,A,0,0,0,0,5,5,0,unchanged
I01126,Financials,2018,BBB,BBB,0,0,0,0,4,4,0,unchanged
I01127,Industrials,2018,B,B,0,0,0,0,2,2,0,unchanged
I01128,Technology,2018,BBB,BBB,0,0,0,0,4,4,0,unchanged
I01129,Retail,2018,BBB,BB,0,1,0,1,4,3,-1,downgrade
I01130,Healthcare,2018,BBB,BBB,0,0,0,0,4,4,0,unchanged
I01131,Energy,2018,CCC,CCC,0,0,0,0,1,1,0,unchanged
I01132,Energy,2018,CCC,D,0,0,1,1,1,0,-1,default
I01133,Industrials,2018,BBB,BBB,0,0,0,0,4,4,0,unchanged
I01134,Energy,2018,BBB,BBB,0,0,0,0,4,4,0,unchanged
I01135,Energy,2018,BBB,BBB,0,0,0,0,4,4,0,unchanged
I01136,Energy,2018,BBB,BBB,0,0,0,0,4,4,0,unchanged
I01137,Telecom,2018,AA,AA,0,0,0,0,6,6,0,unchanged
I01138,Technology,2018,BBB,BBB,0,0,0,0,4,4,0,unchanged
I01139,Consumer,2018,BB,BB,0,0,0,0,3,3,0,unchanged
I01140,Technology,2018,CCC,CCC,0,0,0,0,1,1,0,unchanged
I01141,Financials,2018,BB,BB,0,0,0,0,3,3,0,unchanged
I01142,Financials,2018,BBB,BBB,0,0,0,0,4,4,0,unchanged
I01144,Real_Estate,2018,B,B,0,0,0,0,2,2,0,unchanged
I01145,Retail,2018,B,B,0,0,0,0,2,2,0,unchanged
I01146,Utilities,2018,BBB,BBB,0,0,0,0,4,4,0,unchanged
I01147,Energy,2018,BB,BB,0,0,0,0,3,3,0,unchanged
I01148,Technology,2018,B,B,0,0,0,0,2,2,0,unchanged
I01149,Utilities,2018,B,B,0,0,0,0,2,2,0,unchanged
I01151,Energy,2018,BB,BB,0,0,0,0,3,3,0,unchanged
I01152,Consumer,2018,BBB,BBB,0,0,0,0,4,4,0,unchanged
I01153,Technology,2018,A,A,0,0,0,0,5,5,0,unchanged
I01154,Financials,2018,BBB,BBB,0,0,0,0,4,4,0,unchanged
I01155,Financials,2018,BBB,BBB,0,0,0,0,4,4,0,unchanged
I01156,Energy,2018,A,A,0,0,0,0,5,5,0,unchanged
I01158,Energy,2018,B,B,0,0,0,0,2,2,0,unchanged
I01159,Energy,2018,A,A,0,0,0,0,5,5,0,unchanged
I01162,Industrials,2018,BB,BBB,1,0,0,-1,3,4,1,upgrade
I01163,Utilities,2018,B,B,0,0,0,0,2,2,0,unchanged
I01164,Retail,2018,AA,AA,0,0,0,0,6,6,0,unchanged
I01165,Real_Estate,2018,BBB,BBB,0,0,0,0,4,4,0,unchanged
I01166,Telecom,2018,BB,B,0,1,0,1,3,2,-1,downgrade
I01167,Retail,2018,A,A,0,0,0,0,5,5,0,unchanged
I01168,Energy,2018,A,AA,1,0,0,-1,5,6,1,upgrade
I01169,Energy,2018,CCC,B,1,0,0,-1,1,2,1,upgrade
I01170,Utilities,2018,A,A,0,0,0,0,5,5,0,unchanged
I01171,Industrials,2018,A,A,0,0,0,0,5,5,0,unchanged
I01172,Industrials,2018,BBB,BBB,0,0,0,0,4,4,0,unchanged
I01173,Consumer,2018,B,B,0,0,0,0,2,2,0,unchanged
I01174,Utilities,2018,AA,AA,0,0,0,0,6,6,0,unchanged
I01175,Consumer,2018,A,A,0,0,0,0,5,5,0,unchanged
I01176,Technology,2018,AAA,AAA,0,0,0,0,7,7,0,unchanged
I01177,Consumer,2018,BB,BB,0,0,0,0,3,3,0,unchanged
I01178,Financials,2018,A,A,0,0,0,0,5,5,0,unchanged
I01179,Financials,2018,AA,AA,0,0,0,0,6,6,0,unchanged
I01180,Financials,2018,BB,BB,0,0,0,0,3,3,0,unchanged
I01181,Real_Estate,2018,BB,BB,0,0,0,0,3,3,0,unchanged
I01182,Technology,2018,BBB,A,1,0,0,-1,4,5,1,upgrade
I01183,Financials,2018,BB,BB,0,0,0,0,3,3,0,unchanged
I01184,Financials,2018,BBB,BBB,0,0,0,0,4,4,0,unchanged
I01185,Healthcare,2018,BBB,BBB,0,0,0,0,4,4,0,unchanged
I01186,Financials,2018,A,A,0,0,0,0,5,5,0,unchanged
I01188,Retail,2018,B,B,0,0,0,0,2,2,0,unchanged
I01189,Energy,2018,B,B,0,0,0,0,2,2,0,unchanged
I01190,Energy,2018,BB,BB,0,0,0,0,3,3,0,unchanged
I01191,Financials,2018,A,A,0,0,0,0,5,5,0,unchanged
I01193,Healthcare,2018,B,BB,1,0,0,-1,2,3,1,upgrade
I01194,Financials,2018,BBB,BB,0,1,0,1,4,3,-1,downgrade
I01196,Healthcare,2018,B,B,0,0,0,0,2,2,0,unchanged
I01197,Healthcare,2018,AAA,AAA,0,0,0,0,7,7,0,unchanged
I01198,Telecom,2018,B,B,0,0,0,0,2,2,0,unchanged
I01199,Healthcare,2018,BBB,A,1,0,0,-1,4,5,1,upgrade
I01200,Consumer,2018,BB,BB,0,0,0,0,3,3,0,unchanged
I01201,Real_Estate,2018,A,A,0,0,0,0,5,5,0,unchanged
I01202,Utilities,2018,A,A,0,0,0,0,5,5,0,unchanged
I01204,Utilities,2018,BBB,BBB,0,0,0,0,4,4,0,unchanged
I01205,Energy,2018,BB,D,0,0,1,3,3,0,-3,default
I01206,Retail,2018,AA,AA,0,0,0,0,6,6,0,unchanged
I01207,Healthcare,2018,A,A,0,0,0,0,5,5,0,unchanged
I01208,Real_Estate,2018,BBB,BBB,0,0,0,0,4,4,0,unchanged
I01209,Industrials,2018,B,BB,1,0,0,-1,2,3,1,upgrade
I01210,Energy,2018,BBB,BBB,0,0,0,0,4,4,0,unchanged
I01211,Financials,2018,AA,AA,0,0,0,0,6,6,0,unchanged
I01212,Technology,2018,BB,BB,0,0,0,0,3,3,0,unchanged
I01213,Healthcare,2018,BBB,BBB,0,0,0,0,4,4,0,unchanged
I01214,Consumer,2018,BB,BB,0,0,0,0,3,3,0,unchanged
I01215,Healthcare,2018,BB,BB,0,0,0,0,3,3,0,unchanged
I01216,Energy,2018,BB,BB,0,0,0,0,3,3,0,unchanged
I01217,Healthcare,2018,BB,BB,0,0,0,0,3,3,0,unchanged
I01218,Energy,2018,BBB,BBB,0,0,0,0,4,4,0,unchanged
I01219,Energy,2018,BBB,BBB,0,0,0,0,4,4,0,unchanged
I01220,Healthcare,2018,A,A,0,0,0,0,5,5,0,unchanged
I01222,Technology,2018,A,A,0,0,0,0,5,5,0,unchanged
I01224,Industrials,2018,AAA,AAA,0,0,0,0,7,7,0,unchanged
I01225,Healthcare,2018,AA,AA,0,0,0,0,6,6,0,unchanged
I01226,Consumer,2018,BB,BB,0,0,0,0,3,3,0,unchanged
I01227,Financials,2018,A,A,0,0,0,0,5,5,0,unchanged
I01228,Financials,2018,AAA,AAA,0,0,0,0,7,7,0,unchanged
I01229,Technology,2018,BBB,BB,0,1,0,1,4,3,-1,downgrade
I01230,Healthcare,2018,A,A,0,0,0,0,5,5,0,unchanged
I01231,Energy,2018,B,B,0,0,0,0,2,2,0,unchanged
I01233,Utilities,2018,BBB,BBB,0,0,0,0,4,4,0,unchanged
I01234,Real_Estate,2018,CCC,D,0,0,1,1,1,0,-1,default
I01235,Real_Estate,2018,B,B,0,0,0,0,2,2,0,unchanged
I01236,Telecom,2018,BBB,BBB,0,0,0,0,4,4,0,unchanged
I01238,Retail,2018,A,A,0,0,0,0,5,5,0,unchanged
I01239,Energy,2018,B,B,0,0,0,0,2,2,0,unchanged
I01240,Energy,2018,B,B,0,0,0,0,2,2,0,unchanged
I01241,Healthcare,2018,BBB,BBB,0,0,0,0,4,4,0,unchanged
I01242,Retail,2018,BBB,BBB,0,0,0,0,4,4,0,unchanged
I01243,Consumer,2018,A,A,0,0,0,0,5,5,0,unchanged
I01244,Telecom,2018,B,B,0,0,0,0,2,2,0,unchanged
I01245,Retail,2018,A,A,0,0,0,0,5,5,0,unchanged
I01246,Retail,2018,B,B,0,0,0,0,2,2,0,unchanged
I01247,Retail,2018,AA,AA,0,0,0,0,6,6,0,unchanged
I01248,Healthcare,2018,BB,BBB,1,0,0,-1,3,4,1,upgrade
I01249,Energy,2018,BB,B,0,1,0,1,3,2,-1,downgrade
I01251,Utilities,2018,BB,BBB,1,0,0,-1,3,4,1,upgrade
I01252,Retail,2018,BB,BB,0,0,0,0,3,3,0,unchanged
I01253,Industrials,2018,AAA,AAA,0,0,0,0,7,7,0,unchanged
I01254,Telecom,2018,BB,BBB,1,0,0,-1,3,4,1,upgrade
I01255,Real_Estate,2018,BBB,BBB,0,0,0,0,4,4,0,unchanged
I01256,Retail,2018,A,A,0,0,0,0,5,5,0,unchanged
I01257,Energy,2018,A,A,0,0,0,0,5,5,0,unchanged
I01258,Industrials,2018,A,A,0,0,0,0,5,5,0,unchanged
I01259,Energy,2018,BB,BBB,1,0,0,-1,3,4,1,upgrade
I01260,Industrials,2018,AAA,AAA,0,0,0,0,7,7,0,unchanged
I01261,Telecom,2018,BB,BB,0,0,0,0,3,3,0,unchanged
I01262,Industrials,2018,A,A,0,0,0,0,5,5,0,unchanged
I01263,Consumer,2018,BB,B,0,1,0,1,3,2,-1,downgrade
I01264,Energy,2018,B,B,0,0,0,0,2,2,0,unchanged
I01265,Telecom,2018,AA,AA,0,0,0,0,6,6,0,unchanged
I01266,Utilities,2018,AAA,AAA,0,0,0,0,7,7,0,unchanged
I01267,Real_Estate,2018,B,B,0,0,0,0,2,2,0,unchanged
I01268,Energy,2018,BB,BB,0,0,0,0,3,3,0,unchanged
I01269,Consumer,2018,BB,B,0,1,0,1,3,2,-1,downgrade
I01270,Energy,2018,BBB,AA,1,0,0,-2,4,6,2,upgrade
I01271,Healthcare,2018,A,A,0,0,0,0,5,5,0,unchanged
I01272,Telecom,2018,BBB,BBB,0,0,0,0,4,4,0,unchanged
I01273,Healthcare,2018,A,A,0,0,0,0,5,5,0,unchanged
I01274,Healthcare,2018,AA,AA,0,0,0,0,6,6,0,unchanged
I01275,Utilities,2018,A,AA,1,0,0,-1,5,6,1,upgrade
I01276,Utilities,2018,A,A,0,0,0,0,5,5,0,unchanged
I01277,Retail,2018,CCC,CCC,0,0,0,0,1,1,0,unchanged
I01278,Healthcare,2018,BB,BB,0,0,0,0,3,3,0,unchanged
I01279,Financials,2018,BBB,BBB,0,0,0,0,4,4,0,unchanged
I01280,Industrials,2018,B,B,0,0,0,0,2,2,0,unchanged
I01281,Healthcare,2018,AA,AA,0,0,0,0,6,6,0,unchanged
I01282,Retail,2018,BB,BB,0,0,0,0,3,3,0,unchanged
I01283,Telecom,2018,A,A,0,0,0,0,5,5,0,unchanged
I01285,Retail,2018,BB,BB,0,0,0,0,3,3,0,unchanged
I01286,Telecom,2018,A,A,0,0,0,0,5,5,0,unchanged
I01287,Financials,2018,A,A,0,0,0,0,5,5,0,unchanged
I01288,Financials,2018,A,A,0,0,0,0,5,5,0,unchanged
I01289,Industrials,2018,A,A,0,0,0,0,5,5,0,unchanged
I01290,Retail,2018,B,B,0,0,0,0,2,2,0,unchanged
I01291,Financials,2018,A,A,0,0,0,0,5,5,0,unchanged
I01292,Utilities,2018,B,B,0,0,0,0,2,2,0,unchanged
I01294,Telecom,2018,B,B,0,0,0,0,2,2,0,unchanged
I01295,Healthcare,2018,A,A,0,0,0,0,5,5,0,unchanged
I01296,Telecom,2018,BB,BB,0,0,0,0,3,3,0,unchanged
I01297,Retail,2018,AA,AA,0,0,0,0,6,6,0,unchanged
I01298,Telecom,2018,A,A,0,0,0,0,5,5,0,unchanged
I01299,Healthcare,2018,AA,AA,0,0,0,0,6,6,0,unchanged
I01301,Telecom,2018,BB,BB,0,0,0,0,3,3,0,unchanged
I01302,Consumer,2018,B,B,0,0,0,0,2,2,0,unchanged
I01303,Technology,2018,BBB,BBB,0,0,0,0,4,4,0,unchanged
I01304,Telecom,2018,BB,BB,0,0,0,0,3,3,0,unchanged
I01305,Retail,2018,B,B,0,0,0,0,2,2,0,unchanged
I01306,Industrials,2018,BB,BB,0,0,0,0,3,3,0,unchanged
I01307,Real_Estate,2018,AA,AA,0,0,0,0,6,6,0,unchanged
I01308,Financials,2018,BB,BB,0,0,0,0,3,3,0,unchanged
I01309,Technology,2018,B,B,0,0,0,0,2,2,0,unchanged
I01310,Industrials,2018,BBB,BBB,0,0,0,0,4,4,0,unchanged
I01311,Telecom,2018,A,A,0,0,0,0,5,5,0,unchanged
I01312,Consumer,2018,BBB,BBB,0,0,0,0,4,4,0,unchanged
I01313,Consumer,2018,BBB,A,1,0,0,-1,4,5,1,upgrade
I01314,Industrials,2018,BBB,BBB,0,0,0,0,4,4,0,unchanged
I01315,Energy,2018,BBB,BBB,0,0,0,0,4,4,0,unchanged
I01316,Financials,2018,B,B,0,0,0,0,2,2,0,unchanged
I01317,Consumer,2018,B,B,0,0,0,0,2,2,0,unchanged
I01319,Retail,2018,B,B,0,0,0,0,2,2,0,unchanged
I01320,Healthcare,2018,BB,BB,0,0,0,0,3,3,0,unchanged
I01321,Healthcare,2018,AAA,AA,0,1,0,1,7,6,-1,downgrade
I01323,Consumer,2018,AA,AA,0,0,0,0,6,6,0,unchanged
I01324,Real_Estate,2018,A,A,0,0,0,0,5,5,0,unchanged
I01326,Retail,2018,B,BB,1,0,0,-1,2,3,1,upgrade
I01327,Utilities,2018,BBB,BBB,0,0,0,0,4,4,0,unchanged
I01328,Technology,2018,A,A,0,0,0,0,5,5,0,unchanged
I01329,Industrials,2018,BBB,BBB,0,0,0,0,4,4,0,unchanged
I01330,Telecom,2018,A,A,0,0,0,0,5,5,0,unchanged
I01331,Healthcare,2018,A,A,0,0,0,0,5,5,0,unchanged
I01333,Healthcare,2018,B,B,0,0,0,0,2,2,0,unchanged
I01334,Retail,2018,BB,BB,0,0,0,0,3,3,0,unchanged
I01335,Telecom,2018,A,A,0,0,0,0,5,5,0,unchanged
I01336,Real_Estate,2018,B,B,0,0,0,0,2,2,0,unchanged
I01337,Telecom,2018,AAA,AAA,0,0,0,0,7,7,0,unchanged
I01338,Healthcare,2018,CCC,D,0,0,1,1,1,0,-1,default
I01339,Industrials,2018,A,A,0,0,0,0,5,5,0,unchanged
I01340,Energy,2018,BBB,BB,0,1,0,1,4,3,-1,downgrade
I01342,Energy,2018,BBB,BBB,0,0,0,0,4,4,0,unchanged
I01344,Telecom,2018,AAA,AAA,0,0,0,0,7,7,0,unchanged
I01345,Telecom,2018,BB,BB,0,0,0,0,3,3,0,unchanged
I01346,Consumer,2018,B,B,0,0,0,0,2,2,0,unchanged
I01347,Technology,2018,BB,BB,0,0,0,0,3,3,0,unchanged
I01348,Energy,2018,BBB,A,1,0,0,-1,4,5,1,upgrade
I01349,Technology,2018,BBB,BBB,0,0,0,0,4,4,0,unchanged
I01350,Industrials,2018,BB,BB,0,0,0,0,3,3,0,unchanged
I01351,Financials,2018,A,BBB,0,1,0,1,5,4,-1,downgrade
I01352,Real_Estate,2018,A,A,0,0,0,0,5,5,0,unchanged
I01353,Healthcare,2018,A,A,0,0,0,0,5,5,0,unchanged
I01354,Telecom,2018,A,A,0,0,0,0,5,5,0,unchanged
I01356,Utilities,2018,A,A,0,0,0,0,5,5,0,unchanged
I01357,Financials,2018,BB,BB,0,0,0,0,3,3,0,unchanged
I01358,Technology,2018,BBB,BBB,0,0,0,0,4,4,0,unchanged
I01360,Healthcare,2018,CCC,CCC,0,0,0,0,1,1,0,unchanged
I01362,Energy,2018,A,A,0,0,0,0,5,5,0,unchanged
I01363,Financials,2018,BBB,BBB,0,0,0,0,4,4,0,unchanged
I01364,Real_Estate,2018,AA,AA,0,0,0,0,6,6,0,unchanged
I01365,Financials,2018,BB,BB,0,0,0,0,3,3,0,unchanged
I01366,Consumer,2018,BB,BB,0,0,0,0,3,3,0,unchanged
I01367,Energy,2018,CCC,CCC,0,0,0,0,1,1,0,unchanged
I01368,Retail,2018,BBB,BBB,0,0,0,0,4,4,0,unchanged
I01369,Healthcare,2018,BB,BB,0,0,0,0,3,3,0,unchanged
I01370,Energy,2018,CCC,B,1,0,0,-1,1,2,1,upgrade
I01372,Utilities,2018,A,A,0,0,0,0,5,5,0,unchanged
I01374,Technology,2018,A,A,0,0,0,0,5,5,0,unchanged
I01375,Utilities,2018,BBB,BBB,0,0,0,0,4,4,0,unchanged
I01376,Real_Estate,2018,BBB,BBB,0,0,0,0,4,4,0,unchanged
I01377,Industrials,2018,AA,AA,0,0,0,0,6,6,0,unchanged
I01379,Retail,2018,A,A,0,0,0,0,5,5,0,unchanged
I01380,Energy,2018,BB,BB,0,0,0,0,3,3,0,unchanged
I01381,Healthcare,2018,B,B,0,0,0,0,2,2,0,unchanged
I01382,Industrials,2018,A,A,0,0,0,0,5,5,0,unchanged
I01383,Consumer,2018,BBB,BBB,0,0,0,0,4,4,0,unchanged
I01384,Energy,2018,AA,AA,0,0,0,0,6,6,0,unchanged
I01385,Technology,2018,BB,BB,0,0,0,0,3,3,0,unchanged
I01386,Healthcare,2018,BB,BB,0,0,0,0,3,3,0,unchanged
I01387,Retail,2018,BB,BB,0,0,0,0,3,3,0,unchanged
I01388,Telecom,2018,A,A,0,0,0,0,5,5,0,unchanged
I01390,Real_Estate,2018,BB,BB,0,0,0,0,3,3,0,unchanged
I01391,Technology,2018,BB,BB,0,0,0,0,3,3,0,unchanged
I01392,Real_Estate,2018,AAA,AAA,0,0,0,0,7,7,0,unchanged
I01393,Industrials,2018,A,A,0,0,0,0,5,5,0,unchanged
I01394,Industrials,2018,BBB,BBB,0,0,0,0,4,4,0,unchanged
I01395,Telecom,2018,A,A,0,0,0,0,5,5,0,unchanged
I01396,Financials,2018,AA,A,0,1,0,1,6,5,-1,downgrade
I01397,Healthcare,2018,BB,BB,0,0,0,0,3,3,0,unchanged
I01398,Telecom,2018,BBB,BBB,0,0,0,0,4,4,0,unchanged
I01399,Real_Estate,2018,A,AA,1,0,0,-1,5,6,1,upgrade
I01400,Retail,2018,AAA,AAA,0,0,0,0,7,7,0,unchanged
I01401,Technology,2018,BBB,BBB,0,0,0,0,4,4,0,unchanged
I01402,Industrials,2018,BBB,BBB,0,0,0,0,4,4,0,unchanged
I01403,Telecom,2018,AA,AA,0,0,0,0,6,6,0,unchanged
I01404,Industrials,2018,A,A,0,0,0,0,5,5,0,unchanged
I01405,Utilities,2018,BB,BB,0,0,0,0,3,3,0,unchanged
I01406,Real_Estate,2018,B,B,0,0,0,0,2,2,0,unchanged
I01407,Financials,2018,BB,BB,0,0,0,0,3,3,0,unchanged
I01408,Healthcare,2018,B,B,0,0,0,0,2,2,0,unchanged
I01409,Industrials,2018,BB,BB,0,0,0,0,3,3,0,unchanged
I01410,Technology,2018,A,A,0,0,0,0,5,5,0,unchanged
I01411,Energy,2018,BBB,BBB,0,0,0,0,4,4,0,unchanged
I01412,Industrials,2018,BB,BB,0,0,0,0,3,3,0,unchanged
I01413,Real_Estate,2018,BB,BB,0,0,0,0,3,3,0,unchanged
I01414,Consumer,2018,BB,BB,0,0,0,0,3,3,0,unchanged
I01415,Technology,2018,BBB,BBB,0,0,0,0,4,4,0,unchanged
I01416,Healthcare,2018,BBB,BB,0,1,0,1,4,3,-1,downgrade
I01417,Healthcare,2018,A,A,0,0,0,0,5,5,0,unchanged
I01418,Technology,2018,BB,BB,0,0,0,0,3,3,0,unchanged
I01419,Financials,2018,AA,AA,0,0,0,0,6,6,0,unchanged
I01420,Real_Estate,2018,B,B,0,0,0,0,2,2,0,unchanged
I01421,Utilities,2018,BBB,BBB,0,0,0,0,4,4,0,unchanged
I01422,Real_Estate,2018,BBB,BBB,0,0,0,0,4,4,0,unchanged
I01423,Technology,2018,B,B,0,0,0,0,2,2,0,unchanged
I01424,Utilities,2018,AA,AA,0,0,0,0,6,6,0,unchanged
I01425,Telecom,2018,B,B,0,0,0,0,2,2,0,unchanged
I01426,Real_Estate,2018,BBB,BBB,0,0,0,0,4,4,0,unchanged
I01427,Utilities,2018,AA,AA,0,0,0,0,6,6,0,unchanged
I01428,Financials,2018,AA,AA,0,0,0,0,6,6,0,unchanged
I01431,Energy,2018,BB,BB,0,0,0,0,3,3,0,unchanged
I01432,Consumer,2018,AA,AA,0,0,0,0,6,6,0,unchanged
I01434,Healthcare,2018,BBB,BBB,0,0,0,0,4,4,0,unchanged
I01435,Industrials,2018,B,BB,1,0,0,-1,2,3,1,upgrade
I01436,Industrials,2018,BBB,BBB,0,0,0,0,4,4,0,unchanged
I01437,Healthcare,2018,BBB,BBB,0,0,0,0,4,4,0,unchanged
I01438,Technology,2018,A,A,0,0,0,0,5,5,0,unchanged
I01439,Energy,2018,AA,AA,0,0,0,0,6,6,0,unchanged
I01440,Telecom,2018,BBB,BBB,0,0,0,0,4,4,0,unchanged
I01441,Energy,2018,A,A,0,0,0,0,5,5,0,unchanged
I01442,Energy,2018,BB,B,0,1,0,1,3,2,-1,downgrade
I01443,Utilities,2018,A,A,0,0,0,0,5,5,0,unchanged
I01444,Real_Estate,2018,BBB,BBB,0,0,0,0,4,4,0,unchanged
I01446,Healthcare,2018,BB,BB,0,0,0,0,3,3,0,unchanged
I01447,Technology,2018,AA,AA,0,0,0,0,6,6,0,unchanged
I01448,Retail,2018,BB,BBB,1,0,0,-1,3,4,1,upgrade
I01450,Real_Estate,2018,B,B,0,0,0,0,2,2,0,unchanged
I01451,Telecom,2018,CCC,CCC,0,0,0,0,1,1,0,unchanged
I01452,Energy,2018,BB,BB,0,0,0,0,3,3,0,unchanged
I01453,Consumer,2018,A,A,0,0,0,0,5,5,0,unchanged
I01454,Real_Estate,2018,B,B,0,0,0,0,2,2,0,unchanged
I01455,Technology,2018,BBB,BBB,0,0,0,0,4,4,0,unchanged
I01456,Telecom,2018,BBB,BBB,0,0,0,0,4,4,0,unchanged
I01457,Industrials,2018,B,B,0,0,0,0,2,2,0,unchanged
I01458,Healthcare,2018,BB,BB,0,0,0,0,3,3,0,unchanged
I01459,Industrials,2018,A,A,0,0,0,0,5,5,0,unchanged
I01461,Retail,2018,BBB,BB,0,1,0,1,4,3,-1,downgrade
I01462,Consumer,2018,BB,BB,0,0,0,0,3,3,0,unchanged
I01463,Real_Estate,2018,BB,BB,0,0,0,0,3,3,0,unchanged
I01464,Consumer,2018,B,B,0,0,0,0,2,2,0,unchanged
I01465,Consumer,2018,AA,AA,0,0,0,0,6,6,0,unchanged
I01466,Real_Estate,2018,BBB,BBB,0,0,0,0,4,4,0,unchanged
I01467,Retail,2018,B,B,0,0,0,0,2,2,0,unchanged
I01468,Retail,2018,BB,B,0,1,0,1,3,2,-1,downgrade
I01469,Utilities,2018,CCC,CCC,0,0,0,0,1,1,0,unchanged
I01470,Real_Estate,2018,A,A,0,0,0,0,5,5,0,unchanged
I01471,Energy,2018,A,A,0,0,0,0,5,5,0,unchanged
I01472,Telecom,2018,BBB,BBB,0,0,0,0,4,4,0,unchanged
I01473,Financials,2018,A,A,0,0,0,0,5,5,0,unchanged
I01474,Healthcare,2018,BB,BB,0,0,0,0,3,3,0,unchanged
I01475,Retail,2018,A,A,0,0,0,0,5,5,0,unchanged
I01476,Retail,2018,A,A,0,0,0,0,5,5,0,unchanged
I01477,Industrials,2018,CCC,D,0,0,1,1,1,0,-1,default
I01478,Retail,2018,B,CCC,0,1,0,1,2,1,-1,downgrade
I01479,Energy,2018,B,B,0,0,0,0,2,2,0,unchanged
I01480,Telecom,2018,A,A,0,0,0,0,5,5,0,unchanged
I01481,Energy,2018,B,BB,1,0,0,-1,2,3,1,upgrade
I01482,Industrials,2018,BBB,BBB,0,0,0,0,4,4,0,unchanged
I01483,Technology,2018,B,B,0,0,0,0,2,2,0,unchanged
I01484,Telecom,2018,BB,BB,0,0,0,0,3,3,0,unchanged
I01485,Utilities,2018,B,B,0,0,0,0,2,2,0,unchanged
I01486,Industrials,2018,BBB,BBB,0,0,0,0,4,4,0,unchanged
I01487,Energy,2018,A,A,0,0,0,0,5,5,0,unchanged
I01488,Industrials,2018,A,A,0,0,0,0,5,5,0,unchanged
I01489,Industrials,2018,BBB,BBB,0,0,0,0,4,4,0,unchanged
I01490,Energy,2018,A,A,0,0,0,0,5,5,0,unchanged
I01491,Real_Estate,2018,BBB,BBB,0,0,0,0,4,4,0,unchanged
I01492,Real_Estate,2018,B,B,0,0,0,0,2,2,0,unchanged
I01493,Telecom,2018,AA,A,0,1,0,1,6,5,-1,downgrade
I01494,Financials,2018,BBB,BBB,0,0,0,0,4,4,0,unchanged
I01495,Financials,2018,AA,AA,0,0,0,0,6,6,0,unchanged
I01496,Healthcare,2018,A,A,0,0,0,0,5,5,0,unchanged
I01497,Healthcare,2018,A,A,0,0,0,0,5,5,0,unchanged
I01498,Real_Estate,2018,BBB,BBB,0,0,0,0,4,4,0,unchanged
I01499,Healthcare,2018,BB,BB,0,0,0,0,3,3,0,unchanged
I01500,Financials,2018,BBB,BBB,0,0,0,0,4,4,0,unchanged
I01501,Telecom,2018,BB,BB,0,0,0,0,3,3,0,unchanged
I01502,Retail,2018,BBB,BBB,0,0,0,0,4,4,0,unchanged
I01503,Healthcare,2018,A,A,0,0,0,0,5,5,0,unchanged
I01504,Healthcare,2018,BB,BB,0,0,0,0,3,3,0,unchanged
I01505,Real_Estate,2018,B,B,0,0,0,0,2,2,0,unchanged
I01506,Financials,2018,BBB,BBB,0,0,0,0,4,4,0,unchanged
I01507,Telecom,2018,BBB,BBB,0,0,0,0,4,4,0,unchanged
I01508,Consumer,2018,BBB,BBB,0,0,0,0,4,4,0,unchanged
I01509,Financials,2018,BBB,A,1,0,0,-1,4,5,1,upgrade
I01510,Telecom,2018,AA,A,0,1,0,1,6,5,-1,downgrade
I01511,Utilities,2018,CCC,CCC,0,0,0,0,1,1,0,unchanged
I01512,Utilities,2018,BB,BB,0,0,0,0,3,3,0,unchanged
I01513,Telecom,2018,BBB,BBB,0,0,0,0,4,4,0,unchanged
I01514,Industrials,2018,BBB,BBB,0,0,0,0,4,4,0,unchanged
I01515,Healthcare,2018,BBB,BBB,0,0,0,0,4,4,0,unchanged
I01516,Industrials,2018,BBB,BBB,0,0,0,0,4,4,0,unchanged
I01517,Healthcare,2018,BB,BB,0,0,0,0,3,3,0,unchanged
I01518,Energy,2018,B,B,0,0,0,0,2,2,0,unchanged
I01519,Real_Estate,2018,BB,BB,0,0,0,0,3,3,0,unchanged
I01520,Utilities,2018,CCC,CCC,0,0,0,0,1,1,0,unchanged
I01521,Technology,2018,BBB,A,1,0,0,-1,4,5,1,upgrade
I01522,Technology,2018,BBB,BBB,0,0,0,0,4,4,0,unchanged
I01523,Industrials,2018,B,B,0,0,0,0,2,2,0,unchanged
I01524,Telecom,2018,A,A,0,0,0,0,5,5,0,unchanged
I01525,Utilities,2018,BB,B,0,1,0,1,3,2,-1,downgrade
I01526,Financials,2018,A,A,0,0,0,0,5,5,0,unchanged
I01527,Real_Estate,2018,BB,BB,0,0,0,0,3,3,0,unchanged
I01528,Utilities,2018,AA,AA,0,0,0,0,6,6,0,unchanged
I01529,Telecom,2018,BBB,BBB,0,0,0,0,4,4,0,unchanged
I01530,Healthcare,2018,A,A,0,0,0,0,5,5,0,unchanged
I01531,Telecom,2018,CCC,B,1,0,0,-1,1,2,1,upgrade
I01533,Financials,2018,A,A,0,0,0,0,5,5,0,unchanged
I01534,Energy,2018,BB,BB,0,0,0,0,3,3,0,unchanged
I01535,Utilities,2018,BB,BB,0,0,0,0,3,3,0,unchanged
I01537,Healthcare,2018,A,A,0,0,0,0,5,5,0,unchanged
I01538,Energy,2018,A,A,0,0,0,0,5,5,0,unchanged
I01539,Consumer,2018,CCC,B,1,0,0,-1,1,2,1,upgrade
I01540,Consumer,2018,BBB,BBB,0,0,0,0,4,4,0,unchanged
I01541,Consumer,2018,BBB,BBB,0,0,0,0,4,4,0,unchanged
I01542,Financials,2018,B,BBB,1,0,0,-2,2,4,2,upgrade
I01543,Industrials,2018,BBB,BB,0,1,0,1,4,3,-1,downgrade
I01544,Consumer,2018,B,B,0,0,0,0,2,2,0,unchanged
I01545,Healthcare,2018,AAA,AAA,0,0,0,0,7,7,0,unchanged
I01547,Utilities,2018,BBB,BBB,0,0,0,0,4,4,0,unchanged
I01548,Industrials,2018,B,B,0,0,0,0,2,2,0,unchanged
I01549,Consumer,2018,BBB,BBB,0,0,0,0,4,4,0,unchanged
I01550,Retail,2018,CCC,D,0,0,1,1,1,0,-1,default
I01551,Technology,2018,A,A,0,0,0,0,5,5,0,unchanged
I01552,Financials,2018,AA,AA,0,0,0,0,6,6,0,unchanged
I01553,Telecom,2018,BBB,BBB,0,0,0,0,4,4,0,unchanged
I01554,Retail,2018,CCC,D,0,0,1,1,1,0,-1,default
I01556,Healthcare,2018,BBB,BBB,0,0,0,0,4,4,0,unchanged
I01557,Real_Estate,2018,A,A,0,0,0,0,5,5,0,unchanged
I01558,Technology,2018,BBB,A,1,0,0,-1,4,5,1,upgrade
I01559,Energy,2018,B,B,0,0,0,0,2,2,0,unchanged
I01561,Utilities,2018,B,B,0,0,0,0,2,2,0,unchanged
I01562,Industrials,2018,BBB,BBB,0,0,0,0,4,4,0,unchanged
I01563,Technology,2018,BB,BB,0,0,0,0,3,3,0,unchanged
I01564,Real_Estate,2018,BB,BB,0,0,0,0,3,3,0,unchanged
I01565,Retail,2018,A,A,0,0,0,0,5,5,0,unchanged
I01566,Financials,2018,B,B,0,0,0,0,2,2,0,unchanged
I01567,Energy,2018,B,BB,1,0,0,-1,2,3,1,upgrade
I01568,Technology,2018,BBB,BBB,0,0,0,0,4,4,0,unchanged
I01569,Consumer,2018,AAA,AAA,0,0,0,0,7,7,0,unchanged
I01571,Consumer,2018,BB,BB,0,0,0,0,3,3,0,unchanged
I01572,Utilities,2018,BBB,BBB,0,0,0,0,4,4,0,unchanged
I01573,Retail,2018,AA,AA,0,0,0,0,6,6,0,unchanged
I01575,Utilities,2018,A,A,0,0,0,0,5,5,0,unchanged
I01577,Financials,2018,B,CCC,0,1,0,1,2,1,-1,downgrade
I01578,Industrials,2018,B,BB,1,0,0,-1,2,3,1,upgrade
I01579,Industrials,2018,AA,AA,0,0,0,0,6,6,0,unchanged
I01580,Financials,2018,A,A,0,0,0,0,5,5,0,unchanged
I01581,Financials,2018,BB,BB,0,0,0,0,3,3,0,unchanged
I01582,Utilities,2018,AA,AAA,1,0,0,-1,6,7,1,upgrade
I01583,Industrials,2018,CCC,CCC,0,0,0,0,1,1,0,unchanged
I01584,Technology,2018,BB,BB,0,0,0,0,3,3,0,unchanged
I01585,Financials,2018,B,CCC,0,1,0,1,2,1,-1,downgrade
I01586,Utilities,2018,A,A,0,0,0,0,5,5,0,unchanged
I01587,Healthcare,2018,BBB,BBB,0,0,0,0,4,4,0,unchanged
I01588,Real_Estate,2018,CCC,CCC,0,0,0,0,1,1,0,unchanged
I01589,Telecom,2018,BBB,BBB,0,0,0,0,4,4,0,unchanged
I01590,Telecom,2018,A,A,0,0,0,0,5,5,0,unchanged
I01591,Financials,2018,BB,BB,0,0,0,0,3,3,0,unchanged
I01592,Technology,2018,BBB,BBB,0,0,0,0,4,4,0,unchanged
I01593,Utilities,2018,B,CCC,0,1,0,1,2,1,-1,downgrade
I01594,Real_Estate,2018,B,B,0,0,0,0,2,2,0,unchanged
I01595,Energy,2018,BBB,BBB,0,0,0,0,4,4,0,unchanged
I01596,Consumer,2018,A,A,0,0,0,0,5,5,0,unchanged
I01597,Retail,2018,A,A,0,0,0,0,5,5,0,unchanged
I01598,Consumer,2018,BBB,BBB,0,0,0,0,4,4,0,unchanged
I01599,Industrials,2018,AA,AA,0,0,0,0,6,6,0,unchanged
I01600,Retail,2018,B,D,0,0,1,2,2,0,-2,default
I01601,Financials,2018,B,B,0,0,0,0,2,2,0,unchanged
I01602,Healthcare,2018,AAA,AAA,0,0,0,0,7,7,0,unchanged
I01603,Healthcare,2018,AAA,AAA,0,0,0,0,7,7,0,unchanged
I01604,Industrials,2018,BB,BB,0,0,0,0,3,3,0,unchanged
I01605,Energy,2018,A,A,0,0,0,0,5,5,0,unchanged
I01606,Technology,2018,A,A,0,0,0,0,5,5,0,unchanged
I01607,Utilities,2018,A,A,0,0,0,0,5,5,0,unchanged
I01608,Energy,2018,BBB,BBB,0,0,0,0,4,4,0,unchanged
I01609,Real_Estate,2018,B,B,0,0,0,0,2,2,0,unchanged
I01610,Industrials,2018,BBB,BBB,0,0,0,0,4,4,0,unchanged
I01611,Consumer,2018,CCC,CCC,0,0,0,0,1,1,0,unchanged
I01612,Industrials,2018,BB,BB,0,0,0,0,3,3,0,unchanged
I01613,Industrials,2018,CCC,B,1,0,0,-1,1,2,1,upgrade
I01614,Technology,2018,B,B,0,0,0,0,2,2,0,unchanged
I01615,Consumer,2018,BBB,BBB,0,0,0,0,4,4,0,unchanged
I01616,Real_Estate,2018,B,BB,1,0,0,-1,2,3,1,upgrade
I01617,Industrials,2018,BB,BB,0,0,0,0,3,3,0,unchanged
I01619,Technology,2018,BBB,BBB,0,0,0,0,4,4,0,unchanged
I01620,Healthcare,2018,BBB,BBB,0,0,0,0,4,4,0,unchanged
I01621,Industrials,2018,BBB,BBB,0,0,0,0,4,4,0,unchanged
I01622,Financials,2018,CCC,CCC,0,0,0,0,1,1,0,unchanged
I01623,Energy,2018,AA,A,0,1,0,1,6,5,-1,downgrade
I01624,Energy,2018,BBB,BBB,0,0,0,0,4,4,0,unchanged
I01626,Energy,2018,B,CCC,0,1,0,1,2,1,-1,downgrade
I01627,Financials,2018,AA,AA,0,0,0,0,6,6,0,unchanged
I01628,Real_Estate,2018,B,B,0,0,0,0,2,2,0,unchanged
I01629,Real_Estate,2018,AA,AA,0,0,0,0,6,6,0,unchanged
I01630,Telecom,2018,BB,BBB,1,0,0,-1,3,4,1,upgrade
I01631,Technology,2018,AAA,AAA,0,0,0,0,7,7,0,unchanged
I01632,Healthcare,2018,BBB,BBB,0,0,0,0,4,4,0,unchanged
I01633,Financials,2018,BBB,BBB,0,0,0,0,4,4,0,unchanged
I01634,Telecom,2018,BBB,BBB,0,0,0,0,4,4,0,unchanged
I01635,Telecom,2018,B,B,0,0,0,0,2,2,0,unchanged
I01636,Technology,2018,BB,BB,0,0,0,0,3,3,0,unchanged
I01637,Financials,2018,BBB,BBB,0,0,0,0,4,4,0,unchanged
I01638,Utilities,2018,BBB,BBB,0,0,0,0,4,4,0,unchanged
I01639,Energy,2018,BBB,BBB,0,0,0,0,4,4,0,unchanged
I01640,Technology,2018,CCC,B,1,0,0,-1,1,2,1,upgrade
I01641,Industrials,2018,BBB,BBB,0,0,0,0,4,4,0,unchanged
I01642,Consumer,2018,BBB,BBB,0,0,0,0,4,4,0,unchanged
I01643,Utilities,2018,BB,BB,0,0,0,0,3,3,0,unchanged
I01645,Industrials,2018,B,B,0,0,0,0,2,2,0,unchanged
I01646,Healthcare,2018,BBB,BBB,0,0,0,0,4,4,0,unchanged
I01648,Retail,2018,BB,BB,0,0,0,0,3,3,0,unchanged
I01649,Financials,2018,A,A,0,0,0,0,5,5,0,unchanged
I01650,Technology,2018,BBB,BBB,0,0,0,0,4,4,0,unchanged
I01651,Retail,2018,BBB,BB,0,1,0,1,4,3,-1,downgrade
I01652,Energy,2018,A,A,0,0,0,0,5,5,0,unchanged
I01653,Industrials,2018,BBB,BB,0,1,0,1,4,3,-1,downgrade
I01654,Retail,2018,B,B,0,0,0,0,2,2,0,unchanged
I01656,Healthcare,2018,BB,BB,0,0,0,0,3,3,0,unchanged
I01657,Retail,2018,B,B,0,0,0,0,2,2,0,unchanged
I01658,Energy,2018,CCC,B,1,0,0,-1,1,2,1,upgrade
I01659,Technology,2018,A,A,0,0,0,0,5,5,0,unchanged
I01660,Industrials,2018,A,A,0,0,0,0,5,5,0,unchanged
I01661,Utilities,2018,BB,BBB,1,0,0,-1,3,4,1,upgrade
I01662,Industrials,2018,B,B,0,0,0,0,2,2,0,unchanged
I01663,Industrials,2018,B,B,0,0,0,0,2,2,0,unchanged
I01664,Telecom,2018,BB,BBB,1,0,0,-1,3,4,1,upgrade
I01665,Retail,2018,BBB,BBB,0,0,0,0,4,4,0,unchanged
I01666,Consumer,2018,BB,BB,0,0,0,0,3,3,0,unchanged
I01667,Healthcare,2018,A,A,0,0,0,0,5,5,0,unchanged
I01669,Real_Estate,2018,BBB,BBB,0,0,0,0,4,4,0,unchanged
I01670,Retail,2018,A,A,0,0,0,0,5,5,0,unchanged
I01671,Technology,2018,B,B,0,0,0,0,2,2,0,unchanged
I01672,Consumer,2018,AA,A,0,1,0,1,6,5,-1,downgrade
I01673,Real_Estate,2018,B,B,0,0,0,0,2,2,0,unchanged
I01674,Utilities,2018,A,A,0,0,0,0,5,5,0,unchanged
I01675,Retail,2018,BB,BBB,1,0,0,-1,3,4,1,upgrade
I01676,Telecom,2018,AA,AA,0,0,0,0,6,6,0,unchanged
I01677,Utilities,2018,BB,BBB,1,0,0,-1,3,4,1,upgrade
I01678,Real_Estate,2018,AAA,AAA,0,0,0,0,7,7,0,unchanged
I01679,Telecom,2018,BB,BB,0,0,0,0,3,3,0,unchanged
I01680,Financials,2018,BB,BB,0,0,0,0,3,3,0,unchanged
I01681,Healthcare,2018,AA,AA,0,0,0,0,6,6,0,unchanged
I01682,Real_Estate,2018,BB,BB,0,0,0,0,3,3,0,unchanged
I01683,Technology,2018,A,A,0,0,0,0,5,5,0,unchanged
I01684,Healthcare,2018,BB,BB,0,0,0,0,3,3,0,unchanged
I01685,Telecom,2018,AAA,AAA,0,0,0,0,7,7,0,unchanged
I01686,Utilities,2018,AA,AA,0,0,0,0,6,6,0,unchanged
I01687,Real_Estate,2018,A,A,0,0,0,0,5,5,0,unchanged
I01688,Energy,2018,A,A,0,0,0,0,5,5,0,unchanged
I01689,Retail,2018,A,A,0,0,0,0,5,5,0,unchanged
I01691,Consumer,2018,A,A,0,0,0,0,5,5,0,unchanged
I01692,Energy,2018,BBB,BBB,0,0,0,0,4,4,0,unchanged
I01693,Healthcare,2018,AA,AA,0,0,0,0,6,6,0,unchanged
I01694,Consumer,2018,BBB,BBB,0,0,0,0,4,4,0,unchanged
I01695,Financials,2018,B,B,0,0,0,0,2,2,0,unchanged
I01696,Technology,2018,BBB,BBB,0,0,0,0,4,4,0,unchanged
I01697,Telecom,2018,BBB,BBB,0,0,0,0,4,4,0,unchanged
I01698,Energy,2018,BB,BBB,1,0,0,-1,3,4,1,upgrade
I01699,Retail,2018,A,A,0,0,0,0,5,5,0,unchanged
I01700,Industrials,2018,BBB,BBB,0,0,0,0,4,4,0,unchanged
I01701,Industrials,2018,A,A,0,0,0,0,5,5,0,unchanged
I01702,Technology,2018,B,B,0,0,0,0,2,2,0,unchanged
I01703,Energy,2018,CCC,CCC,0,0,0,0,1,1,0,unchanged
I01704,Industrials,2018,A,A,0,0,0,0,5,5,0,unchanged
I01705,Energy,2018,A,A,0,0,0,0,5,5,0,unchanged
I01706,Consumer,2018,BBB,BBB,0,0,0,0,4,4,0,unchanged
I01707,Retail,2018,A,A,0,0,0,0,5,5,0,unchanged
I01708,Consumer,2018,BBB,BBB,0,0,0,0,4,4,0,unchanged
I01709,Technology,2018,B,B,0,0,0,0,2,2,0,unchanged
I01710,Utilities,2018,AA,AA,0,0,0,0,6,6,0,unchanged
I01711,Telecom,2018,CCC,CCC,0,0,0,0,1,1,0,unchanged
I01712,Utilities,2018,B,B,0,0,0,0,2,2,0,unchanged
I01713,Telecom,2018,BBB,BBB,0,0,0,0,4,4,0,unchanged
I01714,Financials,2018,AA,AA,0,0,0,0,6,6,0,unchanged
I01715,Industrials,2018,A,A,0,0,0,0,5,5,0,unchanged
I01716,Industrials,2018,A,A,0,0,0,0,5,5,0,unchanged
I01717,Technology,2018,BBB,BBB,0,0,0,0,4,4,0,unchanged
I01718,Consumer,2018,B,B,0,0,0,0,2,2,0,unchanged
I01719,Healthcare,2018,BBB,BBB,0,0,0,0,4,4,0,unchanged
I01721,Telecom,2018,B,B,0,0,0,0,2,2,0,unchanged
I01722,Technology,2018,B,B,0,0,0,0,2,2,0,unchanged
I01723,Utilities,2018,B,B,0,0,0,0,2,2,0,unchanged
I01724,Energy,2018,BBB,A,1,0,0,-1,4,5,1,upgrade
I01725,Energy,2018,CCC,CCC,0,0,0,0,1,1,0,unchanged
I01726,Financials,2018,BBB,BBB,0,0,0,0,4,4,0,unchanged
I01727,Industrials,2018,BBB,BBB,0,0,0,0,4,4,0,unchanged
I01728,Healthcare,2018,AA,AA,0,0,0,0,6,6,0,unchanged
I01729,Financials,2018,BB,BB,0,0,0,0,3,3,0,unchanged
I01730,Technology,2018,BBB,BBB,0,0,0,0,4,4,0,unchanged
I01731,Technology,2018,BBB,BBB,0,0,0,0,4,4,0,unchanged
I01732,Industrials,2018,BBB,BBB,0,0,0,0,4,4,0,unchanged
I01733,Energy,2018,B,B,0,0,0,0,2,2,0,unchanged
I01734,Consumer,2018,AA,AA,0,0,0,0,6,6,0,unchanged
I01735,Retail,2018,BBB,BBB,0,0,0,0,4,4,0,unchanged
I01736,Utilities,2018,A,A,0,0,0,0,5,5,0,unchanged
I01737,Industrials,2018,A,A,0,0,0,0,5,5,0,unchanged
I01738,Energy,2018,B,B,0,0,0,0,2,2,0,unchanged
I01739,Healthcare,2018,BBB,BBB,0,0,0,0,4,4,0,unchanged
I01740,Industrials,2018,A,AA,1,0,0,-1,5,6,1,upgrade
I01741,Financials,2018,A,A,0,0,0,0,5,5,0,unchanged
I01743,Utilities,2018,BBB,BBB,0,0,0,0,4,4,0,unchanged
I01744,Technology,2018,BB,BB,0,0,0,0,3,3,0,unchanged
I01746,Telecom,2018,A,A,0,0,0,0,5,5,0,unchanged
I01747,Retail,2018,B,B,0,0,0,0,2,2,0,unchanged
I01748,Telecom,2018,AA,AA,0,0,0,0,6,6,0,unchanged
I01749,Telecom,2018,B,B,0,0,0,0,2,2,0,unchanged
I01750,Utilities,2018,AA,AA,0,0,0,0,6,6,0,unchanged
I01751,Utilities,2018,B,B,0,0,0,0,2,2,0,unchanged
I01752,Utilities,2018,CCC,CCC,0,0,0,0,1,1,0,unchanged
I01753,Real_Estate,2018,A,A,0,0,0,0,5,5,0,unchanged
I01754,Technology,2018,AAA,AAA,0,0,0,0,7,7,0,unchanged
I01755,Consumer,2018,BB,BB,0,0,0,0,3,3,0,unchanged
I01756,Technology,2018,B,D,0,0,1,2,2,0,-2,default
I01757,Financials,2018,A,A,0,0,0,0,5,5,0,unchanged
I01758,Retail,2018,BB,BB,0,0,0,0,3,3,0,unchanged
I01759,Financials,2018,A,A,0,0,0,0,5,5,0,unchanged
I01760,Energy,2018,A,BBB,0,1,0,1,5,4,-1,downgrade
I01761,Financials,2018,BBB,BBB,0,0,0,0,4,4,0,unchanged
I01762,Industrials,2018,BBB,BBB,0,0,0,0,4,4,0,unchanged
I01763,Technology,2018,BBB,BBB,0,0,0,0,4,4,0,unchanged
I01764,Retail,2018,AA,A,0,1,0,1,6,5,-1,downgrade
I01765,Utilities,2018,BBB,BBB,0,0,0,0,4,4,0,unchanged
I01766,Telecom,2018,AA,AA,0,0,0,0,6,6,0,unchanged
I01767,Telecom,2018,B,B,0,0,0,0,2,2,0,unchanged
I01768,Financials,2018,BBB,BBB,0,0,0,0,4,4,0,unchanged
I01769,Healthcare,2018,B,B,0,0,0,0,2,2,0,unchanged
I01770,Utilities,2018,A,A,0,0,0,0,5,5,0,unchanged
I01771,Real_Estate,2018,AA,A,0,1,0,1,6,5,-1,downgrade
I01772,Retail,2018,CCC,CCC,0,0,0,0,1,1,0,unchanged
I01773,Retail,2018,A,A,0,0,0,0,5,5,0,unchanged
I01774,Telecom,2018,BB,BB,0,0,0,0,3,3,0,unchanged
I01775,Financials,2018,B,B,0,0,0,0,2,2,0,unchanged
I01776,Retail,2018,A,A,0,0,0,0,5,5,0,unchanged
I01777,Real_Estate,2018,B,B,0,0,0,0,2,2,0,unchanged
I01778,Retail,2018,B,B,0,0,0,0,2,2,0,unchanged
I01779,Utilities,2018,AA,AA,0,0,0,0,6,6,0,unchanged
I01780,Industrials,2018,AA,AA,0,0,0,0,6,6,0,unchanged
I01781,Real_Estate,2018,AA,AA,0,0,0,0,6,6,0,unchanged
I01782,Retail,2018,BB,BB,0,0,0,0,3,3,0,unchanged
I01784,Technology,2018,A,A,0,0,0,0,5,5,0,unchanged
I01785,Healthcare,2018,BBB,BBB,0,0,0,0,4,4,0,unchanged
I01786,Industrials,2018,B,B,0,0,0,0,2,2,0,unchanged
I01787,Healthcare,2018,BB,BB,0,0,0,0,3,3,0,unchanged
I01788,Retail,2018,BBB,BBB,0,0,0,0,4,4,0,unchanged
I01789,Consumer,2018,CCC,D,0,0,1,1,1,0,-1,default
I01790,Real_Estate,2018,BBB,BBB,0,0,0,0,4,4,0,unchanged
I01791,Retail,2018,AA,AA,0,0,0,0,6,6,0,unchanged
I01792,Industrials,2018,BBB,BBB,0,0,0,0,4,4,0,unchanged
I01793,Utilities,2018,CCC,D,0,0,1,1,1,0,-1,default
I01794,Healthcare,2018,BB,BBB,1,0,0,-1,3,4,1,upgrade
I01796,Telecom,2018,A,A,0,0,0,0,5,5,0,unchanged
I01797,Real_Estate,2018,AA,AA,0,0,0,0,6,6,0,unchanged
I01798,Technology,2018,A,A,0,0,0,0,5,5,0,unchanged
I01799,Utilities,2018,AAA,AAA,0,0,0,0,7,7,0,unchanged
I01800,Financials,2018,BBB,A,1,0,0,-1,4,5,1,upgrade
I01801,Real_Estate,2018,A,A,0,0,0,0,5,5,0,unchanged
I01802,Energy,2018,BBB,BB,0,1,0,1,4,3,-1,downgrade
I01803,Energy,2018,BB,BBB,1,0,0,-1,3,4,1,upgrade
I01804,Energy,2018,B,D,0,0,1,2,2,0,-2,default
I01806,Healthcare,2018,A,A,0,0,0,0,5,5,0,unchanged
I01807,Energy,2018,BBB,BBB,0,0,0,0,4,4,0,unchanged
I01808,Utilities,2018,BB,CCC,0,1,0,2,3,1,-2,downgrade
I01809,Consumer,2018,BBB,BBB,0,0,0,0,4,4,0,unchanged
I01811,Telecom,2018,BB,BB,0,0,0,0,3,3,0,unchanged
I01812,Technology,2018,BB,BB,0,0,0,0,3,3,0,unchanged
I01814,Retail,2018,A,A,0,0,0,0,5,5,0,unchanged
I01816,Technology,2018,B,B,0,0,0,0,2,2,0,unchanged
I01817,Utilities,2018,B,B,0,0,0,0,2,2,0,unchanged
I01818,Technology,2018,BBB,BBB,0,0,0,0,4,4,0,unchanged
I01819,Industrials,2018,BBB,BBB,0,0,0,0,4,4,0,unchanged
I01820,Financials,2018,BBB,BBB,0,0,0,0,4,4,0,unchanged
I01821,Technology,2018,BB,BB,0,0,0,0,3,3,0,unchanged
I01822,Consumer,2018,BB,AA,1,0,0,-3,3,6,3,upgrade
I01823,Energy,2018,BB,BB,0,0,0,0,3,3,0,unchanged
I01824,Industrials,2018,B,B,0,0,0,0,2,2,0,unchanged
I01825,Utilities,2018,BBB,BBB,0,0,0,0,4,4,0,unchanged
I01826,Technology,2018,A,BBB,0,1,0,1,5,4,-1,downgrade
I01827,Healthcare,2018,BBB,BBB,0,0,0,0,4,4,0,unchanged
I01828,Consumer,2018,BBB,BBB,0,0,0,0,4,4,0,unchanged
I01829,Utilities,2018,BBB,BBB,0,0,0,0,4,4,0,unchanged
I01830,Industrials,2018,BBB,BBB,0,0,0,0,4,4,0,unchanged
I01831,Financials,2018,BBB,BBB,0,0,0,0,4,4,0,unchanged
I01832,Energy,2018,B,D,0,0,1,2,2,0,-2,default
I01833,Utilities,2018,BBB,BBB,0,0,0,0,4,4,0,unchanged
I01834,Energy,2018,BBB,BBB,0,0,0,0,4,4,0,unchanged
I01835,Financials,2018,A,A,0,0,0,0,5,5,0,unchanged
I01836,Financials,2018,BB,B,0,1,0,1,3,2,-1,downgrade
I01837,Consumer,2018,AA,A,0,1,0,1,6,5,-1,downgrade
I01838,Industrials,2018,A,A,0,0,0,0,5,5,0,unchanged
I01839,Healthcare,2018,B,B,0,0,0,0,2,2,0,unchanged
I01841,Retail,2018,AAA,AAA,0,0,0,0,7,7,0,unchanged
I01842,Retail,2018,AAA,AAA,0,0,0,0,7,7,0,unchanged
I01843,Industrials,2018,B,B,0,0,0,0,2,2,0,unchanged
I01844,Retail,2018,BBB,BBB,0,0,0,0,4,4,0,unchanged
I01845,Telecom,2018,B,B,0,0,0,0,2,2,0,unchanged
I01846,Technology,2018,A,A,0,0,0,0,5,5,0,unchanged
I01847,Healthcare,2018,BBB,BBB,0,0,0,0,4,4,0,unchanged
I01848,Industrials,2018,BB,BB,0,0,0,0,3,3,0,unchanged
I01849,Industrials,2018,B,B,0,0,0,0,2,2,0,unchanged
I01850,Financials,2018,BB,BB,0,0,0,0,3,3,0,unchanged
I01851,Real_Estate,2018,BB,BB,0,0,0,0,3,3,0,unchanged
I01852,Utilities,2018,BBB,BBB,0,0,0,0,4,4,0,unchanged
I01853,Utilities,2018,BB,BB,0,0,0,0,3,3,0,unchanged
I01854,Utilities,2018,A,A,0,0,0,0,5,5,0,unchanged
I01855,Consumer,2018,BBB,BBB,0,0,0,0,4,4,0,unchanged
I01856,Consumer,2018,A,A,0,0,0,0,5,5,0,unchanged
I01857,Healthcare,2018,BBB,BBB,0,0,0,0,4,4,0,unchanged
I01858,Industrials,2018,BB,BB,0,0,0,0,3,3,0,unchanged
I01859,Technology,2018,CCC,D,0,0,1,1,1,0,-1,default
I01860,Telecom,2018,A,A,0,0,0,0,5,5,0,unchanged
I01861,Telecom,2018,A,A,0,0,0,0,5,5,0,unchanged
I01862,Utilities,2018,A,A,0,0,0,0,5,5,0,unchanged
I01863,Telecom,2018,BB,BB,0,0,0,0,3,3,0,unchanged
I01864,Telecom,2018,BBB,B,0,1,0,2,4,2,-2,downgrade
I01865,Retail,2018,A,A,0,0,0,0,5,5,0,unchanged
I01866,Technology,2018,BBB,BBB,0,0,0,0,4,4,0,unchanged
I01867,Telecom,2018,BBB,BBB,0,0,0,0,4,4,0,unchanged
I01868,Industrials,2018,A,A,0,0,0,0,5,5,0,unchanged
I01869,Utilities,2018,BBB,BBB,0,0,0,0,4,4,0,unchanged
I01870,Consumer,2018,A,A,0,0,0,0,5,5,0,unchanged
I01871,Technology,2018,AA,AA,0,0,0,0,6,6,0,unchanged
I01872,Industrials,2018,A,A,0,0,0,0,5,5,0,unchanged
I01873,Technology,2018,A,A,0,0,0,0,5,5,0,unchanged
I01875,Energy,2018,BBB,BBB,0,0,0,0,4,4,0,unchanged
I01876,Energy,2018,BB,BB,0,0,0,0,3,3,0,unchanged
I01877,Telecom,2018,AA,A,0,1,0,1,6,5,-1,downgrade
I01878,Real_Estate,2018,A,A,0,0,0,0,5,5,0,unchanged
I01879,Telecom,2018,B,B,0,0,0,0,2,2,0,unchanged
I01880,Real_Estate,2018,BB,BB,0,0,0,0,3,3,0,unchanged
I01882,Industrials,2018,BB,BB,0,0,0,0,3,3,0,unchanged
I01883,Utilities,2018,B,B,0,0,0,0,2,2,0,unchanged
I01884,Retail,2018,BBB,BBB,0,0,0,0,4,4,0,unchanged
I01885,Energy,2018,BBB,BBB,0,0,0,0,4,4,0,unchanged
I01886,Financials,2018,BB,B,0,1,0,1,3,2,-1,downgrade
I01887,Utilities,2018,BBB,BB,0,1,0,1,4,3,-1,downgrade
I01888,Financials,2018,BB,BB,0,0,0,0,3,3,0,unchanged
I01889,Industrials,2018,BBB,BBB,0,0,0,0,4,4,0,unchanged
I01890,Industrials,2018,AAA,AAA,0,0,0,0,7,7,0,unchanged
I01891,Real_Estate,2018,BBB,BBB,0,0,0,0,4,4,0,unchanged
I01892,Utilities,2018,BB,B,0,1,0,1,3,2,-1,downgrade
I01893,Real_Estate,2018,CCC,CCC,0,0,0,0,1,1,0,unchanged
I01894,Industrials,2018,B,B,0,0,0,0,2,2,0,unchanged
I01895,Consumer,2018,AAA,AAA,0,0,0,0,7,7,0,unchanged
I01896,Consumer,2018,BB,BB,0,0,0,0,3,3,0,unchanged
I01897,Financials,2018,B,B,0,0,0,0,2,2,0,unchanged
I01898,Telecom,2018,BBB,BBB,0,0,0,0,4,4,0,unchanged
I01899,Retail,2018,BB,BB,0,0,0,0,3,3,0,unchanged
I01901,Energy,2018,AA,AA,0,0,0,0,6,6,0,unchanged
I01902,Industrials,2018,B,B,0,0,0,0,2,2,0,unchanged
I01903,Utilities,2018,A,A,0,0,0,0,5,5,0,unchanged
I01904,Industrials,2018,A,A,0,0,0,0,5,5,0,unchanged
I01905,Telecom,2018,A,A,0,0,0,0,5,5,0,unchanged
I01906,Healthcare,2018,A,A,0,0,0,0,5,5,0,unchanged
I01907,Technology,2018,B,B,0,0,0,0,2,2,0,unchanged
I01908,Healthcare,2018,AA,AA,0,0,0,0,6,6,0,unchanged
I01909,Retail,2018,BBB,BBB,0,0,0,0,4,4,0,unchanged
I01910,Retail,2018,BB,BB,0,0,0,0,3,3,0,unchanged
I01911,Telecom,2018,AA,A,0,1,0,1,6,5,-1,downgrade
I01912,Healthcare,2018,BBB,BBB,0,0,0,0,4,4,0,unchanged
I01913,Real_Estate,2018,BBB,BBB,0,0,0,0,4,4,0,unchanged
I01914,Consumer,2018,B,B,0,0,0,0,2,2,0,unchanged
I01915,Financials,2018,BBB,BBB,0,0,0,0,4,4,0,unchanged
I01916,Real_Estate,2018,B,B,0,0,0,0,2,2,0,unchanged
I01918,Retail,2018,AA,AA,0,0,0,0,6,6,0,unchanged
I01919,Telecom,2018,BB,BB,0,0,0,0,3,3,0,unchanged
I01921,Consumer,2018,B,BB,1,0,0,-1,2,3,1,upgrade
I01922,Healthcare,2018,BBB,BBB,0,0,0,0,4,4,0,unchanged
I01923,Healthcare,2018,B,B,0,0,0,0,2,2,0,unchanged
I01924,Energy,2018,CCC,CCC,0,0,0,0,1,1,0,unchanged
I01925,Utilities,2018,B,CCC,0,1,0,1,2,1,-1,downgrade
I01926,Healthcare,2018,A,A,0,0,0,0,5,5,0,unchanged
I01927,Telecom,2018,BBB,BBB,0,0,0,0,4,4,0,unchanged
I01928,Consumer,2018,BB,BB,0,0,0,0,3,3,0,unchanged
I01929,Industrials,2018,AA,BBB,0,1,0,2,6,4,-2,downgrade
I01930,Financials,2018,BB,BB,0,0,0,0,3,3,0,unchanged
I01931,Telecom,2018,BB,BB,0,0,0,0,3,3,0,unchanged
I01932,Consumer,2018,B,B,0,0,0,0,2,2,0,unchanged
I01933,Real_Estate,2018,B,B,0,0,0,0,2,2,0,unchanged
I01934,Consumer,2018,B,B,0,0,0,0,2,2,0,unchanged
I01935,Industrials,2018,A,A,0,0,0,0,5,5,0,unchanged
I01936,Retail,2018,BBB,BBB,0,0,0,0,4,4,0,unchanged
I01938,Energy,2018,BBB,BB,0,1,0,1,4,3,-1,downgrade
I01939,Financials,2018,AA,AA,0,0,0,0,6,6,0,unchanged
I01940,Technology,2018,B,B,0,0,0,0,2,2,0,unchanged
I01941,Technology,2018,BB,BB,0,0,0,0,3,3,0,unchanged
I01942,Financials,2018,BBB,BBB,0,0,0,0,4,4,0,unchanged
I01943,Healthcare,2018,AA,AA,0,0,0,0,6,6,0,unchanged
I01944,Financials,2018,BBB,BBB,0,0,0,0,4,4,0,unchanged
I01945,Financials,2018,A,A,0,0,0,0,5,5,0,unchanged
I01947,Consumer,2018,BBB,BBB,0,0,0,0,4,4,0,unchanged
I01948,Financials,2018,BB,BBB,1,0,0,-1,3,4,1,upgrade
I01949,Real_Estate,2018,BBB,BBB,0,0,0,0,4,4,0,unchanged
I01950,Real_Estate,2018,AA,AA,0,0,0,0,6,6,0,unchanged
I01951,Utilities,2018,BBB,BBB,0,0,0,0,4,4,0,unchanged
I01953,Energy,2018,B,B,0,0,0,0,2,2,0,unchanged
I01954,Industrials,2018,AAA,AAA,0,0,0,0,7,7,0,unchanged
I01955,Energy,2018,A,A,0,0,0,0,5,5,0,unchanged
I01956,Retail,2018,BB,BBB,1,0,0,-1,3,4,1,upgrade
I01957,Consumer,2018,BB,BB,0,0,0,0,3,3,0,unchanged
I01960,Utilities,2018,BB,BB,0,0,0,0,3,3,0,unchanged
I01963,Energy,2018,BB,BB,0,0,0,0,3,3,0,unchanged
I01964,Retail,2018,BBB,BBB,0,0,0,0,4,4,0,unchanged
I01965,Consumer,2018,AA,AA,0,0,0,0,6,6,0,unchanged
I01966,Utilities,2018,BBB,BBB,0,0,0,0,4,4,0,unchanged
I01967,Industrials,2018,BBB,BBB,0,0,0,0,4,4,0,unchanged
I01968,Healthcare,2018,BBB,BBB,0,0,0,0,4,4,0,unchanged
I01969,Consumer,2018,BB,BBB,1,0,0,-1,3,4,1,upgrade
I01970,Consumer,2018,BB,BB,0,0,0,0,3,3,0,unchanged
I01971,Retail,2018,BB,A,1,0,0,-2,3,5,2,upgrade
I01973,Utilities,2018,BBB,BBB,0,0,0,0,4,4,0,unchanged
I01974,Retail,2018,BB,BBB,1,0,0,-1,3,4,1,upgrade
I01975,Utilities,2018,A,A,0,0,0,0,5,5,0,unchanged
I01976,Technology,2018,BBB,BBB,0,0,0,0,4,4,0,unchanged
I01977,Healthcare,2018,BB,BB,0,0,0,0,3,3,0,unchanged
I01978,Telecom,2018,BBB,B,0,1,0,2,4,2,-2,downgrade
I01979,Financials,2018,BBB,BBB,0,0,0,0,4,4,0,unchanged
I01980,Consumer,2018,A,A,0,0,0,0,5,5,0,unchanged
I01981,Retail,2018,AA,AA,0,0,0,0,6,6,0,unchanged
I01982,Industrials,2018,BB,BB,0,0,0,0,3,3,0,unchanged
I01983,Technology,2018,B,B,0,0,0,0,2,2,0,unchanged
I01984,Industrials,2018,BBB,BBB,0,0,0,0,4,4,0,unchanged
I01985,Technology,2018,AA,AA,0,0,0,0,6,6,0,unchanged
I01986,Consumer,2018,BBB,BBB,0,0,0,0,4,4,0,unchanged
I01987,Retail,2018,B,B,0,0,0,0,2,2,0,unchanged
I01988,Healthcare,2018,BBB,BBB,0,0,0,0,4,4,0,unchanged
I01989,Industrials,2018,A,A,0,0,0,0,5,5,0,unchanged
I01990,Financials,2018,BBB,BB,0,1,0,1,4,3,-1,downgrade
I01991,Real_Estate,2018,B,B,0,0,0,0,2,2,0,unchanged
I01992,Utilities,2018,BB,BBB,1,0,0,-1,3,4,1,upgrade
I01993,Energy,2018,BB,BB,0,0,0,0,3,3,0,unchanged
I01994,Real_Estate,2018,BBB,BBB,0,0,0,0,4,4,0,unchanged
I01995,Real_Estate,2018,BB,BB,0,0,0,0,3,3,0,unchanged
I01996,Energy,2018,A,B,0,1,0,3,5,2,-3,downgrade
I01997,Utilities,2018,BBB,BB,0,1,0,1,4,3,-1,downgrade
I01998,Telecom,2018,BB,BB,0,0,0,0,3,3,0,unchanged
I01999,Consumer,2018,BBB,BBB,0,0,0,0,4,4,0,unchanged
I02000,Financials,2018,A,AA,1,0,0,-1,5,6,1,upgrade
I00001,Consumer,2019,A,A,0,0,0,0,5,5,0,unchanged
I00002,Industrials,2019,BBB,BBB,0,0,0,0,4,4,0,unchanged
I00003,Industrials,2019,BB,BB,0,0,0,0,3,3,0,unchanged
I00004,Industrials,2019,BBB,BBB,0,0,0,0,4,4,0,unchanged
I00005,Real_Estate,2019,A,A,0,0,0,0,5,5,0,unchanged
I00006,Financials,2019,B,B,0,0,0,0,2,2,0,unchanged
I00007,Utilities,2019,BBB,BBB,0,0,0,0,4,4,0,unchanged
I00008,Healthcare,2019,BBB,BBB,0,0,0,0,4,4,0,unchanged
I00009,Consumer,2019,BBB,BBB,0,0,0,0,4,4,0,unchanged
I00010,Real_Estate,2019,AA,AA,0,0,0,0,6,6,0,unchanged
I00011,Healthcare,2019,BBB,BBB,0,0,0,0,4,4,0,unchanged
I00012,Retail,2019,BBB,BBB,0,0,0,0,4,4,0,unchanged
I00014,Telecom,2019,BBB,BBB,0,0,0,0,4,4,0,unchanged
I00015,Telecom,2019,B,CCC,0,1,0,1,2,1,-1,downgrade
I00016,Healthcare,2019,CCC,CCC,0,0,0,0,1,1,0,unchanged
I00017,Retail,2019,CCC,CCC,0,0,0,0,1,1,0,unchanged
I00018,Consumer,2019,BB,BB,0,0,0,0,3,3,0,unchanged
I00019,Utilities,2019,A,A,0,0,0,0,5,5,0,unchanged
I00020,Healthcare,2019,B,B,0,0,0,0,2,2,0,unchanged
I00021,Financials,2019,BB,BB,0,0,0,0,3,3,0,unchanged
I00025,Retail,2019,AAA,AAA,0,0,0,0,7,7,0,unchanged
I00028,Telecom,2019,BBB,A,1,0,0,-1,4,5,1,upgrade
I00029,Energy,2019,B,B,0,0,0,0,2,2,0,unchanged
I00030,Utilities,2019,B,B,0,0,0,0,2,2,0,unchanged
I00031,Utilities,2019,AA,AA,0,0,0,0,6,6,0,unchanged
I00032,Healthcare,2019,B,B,0,0,0,0,2,2,0,unchanged
I00033,Energy,2019,BBB,BBB,0,0,0,0,4,4,0,unchanged
I00034,Financials,2019,CCC,D,0,0,1,1,1,0,-1,default
I00036,Real_Estate,2019,BBB,A,1,0,0,-1,4,5,1,upgrade
I00037,Retail,2019,BB,BB,0,0,0,0,3,3,0,unchanged
I00038,Telecom,2019,A,A,0,0,0,0,5,5,0,unchanged
I00039,Energy,2019,B,B,0,0,0,0,2,2,0,unchanged
I00040,Utilities,2019,BBB,BBB,0,0,0,0,4,4,0,unchanged
I00041,Energy,2019,B,B,0,0,0,0,2,2,0,unchanged
I00042,Financials,2019,BBB,BBB,0,0,0,0,4,4,0,unchanged
I00043,Healthcare,2019,BBB,BBB,0,0,0,0,4,4,0,unchanged
I00044,Telecom,2019,B,B,0,0,0,0,2,2,0,unchanged
I00045,Technology,2019,AA,AA,0,0,0,0,6,6,0,unchanged
I00046,Energy,2019,AAA,AAA,0,0,0,0,7,7,0,unchanged
I00047,Energy,2019,AA,AA,0,0,0,0,6,6,0,unchanged
I00048,Healthcare,2019,BB,BB,0,0,0,0,3,3,0,unchanged
I00049,Telecom,2019,A,A,0,0,0,0,5,5,0,unchanged
I00050,Technology,2019,BB,BB,0,0,0,0,3,3,0,unchanged
I00051,Financials,2019,AAA,AAA,0,0,0,0,7,7,0,unchanged
I00052,Consumer,2019,B,B,0,0,0,0,2,2,0,unchanged
I00053,Industrials,2019,BBB,BB,0,1,0,1,4,3,-1,downgrade
I00054,Industrials,2019,B,B,0,0,0,0,2,2,0,unchanged
I00055,Financials,2019,A,A,0,0,0,0,5,5,0,unchanged
I00056,Industrials,2019,BBB,BBB,0,0,0,0,4,4,0,unchanged
I00057,Utilities,2019,BB,BB,0,0,0,0,3,3,0,unchanged
I00058,Real_Estate,2019,BB,B,0,1,0,1,3,2,-1,downgrade
I00059,Consumer,2019,CCC,CCC,0,0,0,0,1,1,0,unchanged
I00060,Healthcare,2019,A,A,0,0,0,0,5,5,0,unchanged
I00061,Energy,2019,BB,BB,0,0,0,0,3,3,0,unchanged
I00062,Real_Estate,2019,B,B,0,0,0,0,2,2,0,unchanged
I00064,Healthcare,2019,AA,AA,0,0,0,0,6,6,0,unchanged
I00066,Industrials,2019,B,B,0,0,0,0,2,2,0,unchanged
I00067,Consumer,2019,BBB,BB,0,1,0,1,4,3,-1,downgrade
I00068,Technology,2019,BBB,BBB,0,0,0,0,4,4,0,unchanged
I00069,Real_Estate,2019,A,A,0,0,0,0,5,5,0,unchanged
I00070,Utilities,2019,B,B,0,0,0,0,2,2,0,unchanged
I00071,Real_Estate,2019,BBB,BBB,0,0,0,0,4,4,0,unchanged
I00072,Financials,2019,AA,A,0,1,0,1,6,5,-1,downgrade
I00073,Energy,2019,B,B,0,0,0,0,2,2,0,unchanged
I00075,Retail,2019,B,B,0,0,0,0,2,2,0,unchanged
I00076,Energy,2019,BBB,BBB,0,0,0,0,4,4,0,unchanged
I00077,Consumer,2019,BBB,BBB,0,0,0,0,4,4,0,unchanged
I00078,Utilities,2019,AAA,AAA,0,0,0,0,7,7,0,unchanged
I00081,Utilities,2019,B,B,0,0,0,0,2,2,0,unchanged
I00082,Utilities,2019,A,A,0,0,0,0,5,5,0,unchanged
I00083,Industrials,2019,BBB,BBB,0,0,0,0,4,4,0,unchanged
I00084,Retail,2019,BB,BB,0,0,0,0,3,3,0,unchanged
I00085,Industrials,2019,BBB,BBB,0,0,0,0,4,4,0,unchanged
I00086,Consumer,2019,A,A,0,0,0,0,5,5,0,unchanged
I00088,Financials,2019,B,B,0,0,0,0,2,2,0,unchanged
I00090,Utilities,2019,BBB,A,1,0,0,-1,4,5,1,upgrade
I00091,Industrials,2019,CCC,CCC,0,0,0,0,1,1,0,unchanged
I00092,Financials,2019,A,AA,1,0,0,-1,5,6,1,upgrade
I00093,Energy,2019,B,B,0,0,0,0,2,2,0,unchanged
I00094,Retail,2019,AA,AAA,1,0,0,-1,6,7,1,upgrade
I00096,Industrials,2019,A,A,0,0,0,0,5,5,0,unchanged
I00097,Retail,2019,B,B,0,0,0,0,2,2,0,unchanged
I00098,Energy,2019,AA,AA,0,0,0,0,6,6,0,unchanged
I00099,Technology,2019,BB,BB,0,0,0,0,3,3,0,unchanged
I00100,Telecom,2019,BBB,BBB,0,0,0,0,4,4,0,unchanged
I00101,Retail,2019,AA,A,0,1,0,1,6,5,-1,downgrade
I00102,Utilities,2019,BB,BB,0,0,0,0,3,3,0,unchanged
I00103,Consumer,2019,AA,AA,0,0,0,0,6,6,0,unchanged
I00104,Consumer,2019,B,BB,1,0,0,-1,2,3,1,upgrade
I00105,Healthcare,2019,A,A,0,0,0,0,5,5,0,unchanged
I00106,Financials,2019,A,A,0,0,0,0,5,5,0,unchanged
I00107,Retail,2019,AA,AA,0,0,0,0,6,6,0,unchanged
I00108,Telecom,2019,BBB,BBB,0,0,0,0,4,4,0,unchanged
I00109,Retail,2019,BB,BB,0,0,0,0,3,3,0,unchanged
I00110,Utilities,2019,BBB,BBB,0,0,0,0,4,4,0,unchanged
I00111,Industrials,2019,B,D,0,0,1,2,2,0,-2,default
I00112,Energy,2019,BB,B,0,1,0,1,3,2,-1,downgrade
I00113,Technology,2019,BBB,BBB,0,0,0,0,4,4,0,unchanged
I00114,Telecom,2019,A,A,0,0,0,0,5,5,0,unchanged
I00115,Technology,2019,B,B,0,0,0,0,2,2,0,unchanged
I00116,Real_Estate,2019,A,A,0,0,0,0,5,5,0,unchanged
I00117,Telecom,2019,BB,BB,0,0,0,0,3,3,0,unchanged
I00118,Industrials,2019,B,B,0,0,0,0,2,2,0,unchanged
I00119,Utilities,2019,A,A,0,0,0,0,5,5,0,unchanged
I00120,Utilities,2019,BBB,BBB,0,0,0,0,4,4,0,unchanged
I00121,Industrials,2019,BBB,BBB,0,0,0,0,4,4,0,unchanged
I00122,Telecom,2019,BB,B,0,1,0,1,3,2,-1,downgrade
I00123,Healthcare,2019,A,A,0,0,0,0,5,5,0,unchanged
I00124,Industrials,2019,BBB,BBB,0,0,0,0,4,4,0,unchanged
I00125,Utilities,2019,B,B,0,0,0,0,2,2,0,unchanged
I00126,Technology,2019,A,A,0,0,0,0,5,5,0,unchanged
I00127,Utilities,2019,B,B,0,0,0,0,2,2,0,unchanged
I00128,Healthcare,2019,CCC,D,0,0,1,1,1,0,-1,default
I00129,Telecom,2019,BB,BB,0,0,0,0,3,3,0,unchanged
I00130,Consumer,2019,BBB,BBB,0,0,0,0,4,4,0,unchanged
I00131,Real_Estate,2019,A,A,0,0,0,0,5,5,0,unchanged
I00132,Retail,2019,B,BB,1,0,0,-1,2,3,1,upgrade
I00133,Real_Estate,2019,A,A,0,0,0,0,5,5,0,unchanged
I00134,Healthcare,2019,BBB,BBB,0,0,0,0,4,4,0,unchanged
I00135,Technology,2019,A,A,0,0,0,0,5,5,0,unchanged
I00136,Consumer,2019,B,B,0,0,0,0,2,2,0,unchanged
I00137,Financials,2019,A,A,0,0,0,0,5,5,0,unchanged
I00138,Telecom,2019,B,D,0,0,1,2,2,0,-2,default
I00139,Telecom,2019,BB,BBB,1,0,0,-1,3,4,1,upgrade
I00140,Consumer,2019,AA,AA,0,0,0,0,6,6,0,unchanged
I00141,Energy,2019,BBB,BBB,0,0,0,0,4,4,0,unchanged
I00142,Telecom,2019,BBB,BBB,0,0,0,0,4,4,0,unchanged
I00143,Retail,2019,B,B,0,0,0,0,2,2,0,unchanged
I00144,Financials,2019,A,A,0,0,0,0,5,5,0,unchanged
I00145,Financials,2019,A,AA,1,0,0,-1,5,6,1,upgrade
I00146,Technology,2019,AA,AA,0,0,0,0,6,6,0,unchanged
I00147,Real_Estate,2019,A,BBB,0,1,0,1,5,4,-1,downgrade
I00148,Retail,2019,A,BBB,0,1,0,1,5,4,-1,downgrade
I00149,Financials,2019,BBB,BBB,0,0,0,0,4,4,0,unchanged
I00150,Retail,2019,BB,BB,0,0,0,0,3,3,0,unchanged
I00151,Healthcare,2019,B,B,0,0,0,0,2,2,0,unchanged
I00152,Energy,2019,BBB,BBB,0,0,0,0,4,4,0,unchanged
I00153,Financials,2019,A,A,0,0,0,0,5,5,0,unchanged
I00154,Energy,2019,B,B,0,0,0,0,2,2,0,unchanged
I00155,Energy,2019,BB,BB,0,0,0,0,3,3,0,unchanged
I00156,Telecom,2019,BBB,BBB,0,0,0,0,4,4,0,unchanged
I00157,Retail,2019,A,A,0,0,0,0,5,5,0,unchanged
I00158,Financials,2019,A,A,0,0,0,0,5,5,0,unchanged
I00159,Consumer,2019,A,A,0,0,0,0,5,5,0,unchanged
I00160,Consumer,2019,BBB,BBB,0,0,0,0,4,4,0,unchanged
I00161,Technology,2019,BBB,BBB,0,0,0,0,4,4,0,unchanged
I00162,Real_Estate,2019,BB,BB,0,0,0,0,3,3,0,unchanged
I00164,Consumer,2019,A,BBB,0,1,0,1,5,4,-1,downgrade
I00165,Healthcare,2019,A,A,0,0,0,0,5,5,0,unchanged
I00166,Telecom,2019,BB,BB,0,0,0,0,3,3,0,unchanged
I00167,Utilities,2019,B,BB,1,0,0,-1,2,3,1,upgrade
I00168,Utilities,2019,B,B,0,0,0,0,2,2,0,unchanged
I00169,Technology,2019,AA,AA,0,0,0,0,6,6,0,unchanged
I00171,Utilities,2019,A,A,0,0,0,0,5,5,0,unchanged
I00172,Technology,2019,B,D,0,0,1,2,2,0,-2,default
I00173,Healthcare,2019,B,B,0,0,0,0,2,2,0,unchanged
I00174,Utilities,2019,B,CCC,0,1,0,1,2,1,-1,downgrade
I00175,Technology,2019,BBB,BBB,0,0,0,0,4,4,0,unchanged
I00176,Consumer,2019,BB,BB,0,0,0,0,3,3,0,unchanged
I00177,Energy,2019,CCC,CCC,0,0,0,0,1,1,0,unchanged
I00178,Telecom,2019,CCC,CCC,0,0,0,0,1,1,0,unchanged
I00179,Consumer,2019,AA,AA,0,0,0,0,6,6,0,unchanged
I00182,Consumer,2019,BBB,BBB,0,0,0,0,4,4,0,unchanged
I00183,Financials,2019,BB,BB,0,0,0,0,3,3,0,unchanged
I00184,Telecom,2019,B,B,0,0,0,0,2,2,0,unchanged
I00185,Retail,2019,BBB,BBB,0,0,0,0,4,4,0,unchanged
I00186,Energy,2019,BBB,BBB,0,0,0,0,4,4,0,unchanged
I00187,Utilities,2019,AA,AA,0,0,0,0,6,6,0,unchanged
I00188,Telecom,2019,B,B,0,0,0,0,2,2,0,unchanged
I00189,Telecom,2019,B,B,0,0,0,0,2,2,0,unchanged
I00190,Industrials,2019,B,B,0,0,0,0,2,2,0,unchanged
I00191,Technology,2019,A,A,0,0,0,0,5,5,0,unchanged
I00193,Industrials,2019,B,B,0,0,0,0,2,2,0,unchanged
I00194,Industrials,2019,BB,BB,0,0,0,0,3,3,0,unchanged
I00195,Healthcare,2019,B,B,0,0,0,0,2,2,0,unchanged
I00196,Financials,2019,B,B,0,0,0,0,2,2,0,unchanged
I00197,Industrials,2019,BBB,BBB,0,0,0,0,4,4,0,unchanged
I00198,Healthcare,2019,BBB,BBB,0,0,0,0,4,4,0,unchanged
I00199,Healthcare,2019,BB,BB,0,0,0,0,3,3,0,unchanged
I00200,Retail,2019,BBB,BBB,0,0,0,0,4,4,0,unchanged
I00201,Telecom,2019,BBB,BBB,0,0,0,0,4,4,0,unchanged
I00202,Utilities,2019,BBB,BB,0,1,0,1,4,3,-1,downgrade
I00203,Financials,2019,A,A,0,0,0,0,5,5,0,unchanged
I00204,Energy,2019,B,B,0,0,0,0,2,2,0,unchanged
I00206,Industrials,2019,A,BBB,0,1,0,1,5,4,-1,downgrade
I00207,Retail,2019,BBB,BBB,0,0,0,0,4,4,0,unchanged
I00208,Healthcare,2019,BBB,BBB,0,0,0,0,4,4,0,unchanged
I00209,Utilities,2019,B,B,0,0,0,0,2,2,0,unchanged
I00210,Telecom,2019,BBB,BBB,0,0,0,0,4,4,0,unchanged
I00211,Healthcare,2019,BB,BB,0,0,0,0,3,3,0,unchanged
I00212,Healthcare,2019,B,B,0,0,0,0,2,2,0,unchanged
I00213,Retail,2019,AA,AA,0,0,0,0,6,6,0,unchanged
I00214,Energy,2019,A,A,0,0,0,0,5,5,0,unchanged
I00215,Energy,2019,BBB,A,1,0,0,-1,4,5,1,upgrade
I00216,Technology,2019,A,A,0,0,0,0,5,5,0,unchanged
I00217,Consumer,2019,CCC,B,1,0,0,-1,1,2,1,upgrade
I00218,Telecom,2019,BB,BB,0,0,0,0,3,3,0,unchanged
I00219,Telecom,2019,A,A,0,0,0,0,5,5,0,unchanged
I00220,Utilities,2019,A,BB,0,1,0,2,5,3,-2,downgrade
I00221,Retail,2019,BB,BB,0,0,0,0,3,3,0,unchanged
I00224,Financials,2019,A,AA,1,0,0,-1,5,6,1,upgrade
I00225,Financials,2019,AA,A,0,1,0,1,6,5,-1,downgrade
I00227,Technology,2019,B,B,0,0,0,0,2,2,0,unchanged
I00228,Utilities,2019,B,B,0,0,0,0,2,2,0,unchanged
I00229,Telecom,2019,BBB,BBB,0,0,0,0,4,4,0,unchanged
I00230,Industrials,2019,BBB,BBB,0,0,0,0,4,4,0,unchanged
I00231,Retail,2019,A,A,0,0,0,0,5,5,0,unchanged
I00233,Healthcare,2019,B,B,0,0,0,0,2,2,0,unchanged
I00234,Real_Estate,2019,A,A,0,0,0,0,5,5,0,unchanged
I00235,Healthcare,2019,BB,BBB,1,0,0,-1,3,4,1,upgrade
I00236,Healthcare,2019,A,A,0,0,0,0,5,5,0,unchanged
I00237,Financials,2019,AA,AA,0,0,0,0,6,6,0,unchanged
I00238,Healthcare,2019,B,B,0,0,0,0,2,2,0,unchanged
I00239,Industrials,2019,A,A,0,0,0,0,5,5,0,unchanged
I00240,Real_Estate,2019,A,A,0,0,0,0,5,5,0,unchanged
I00241,Healthcare,2019,A,A,0,0,0,0,5,5,0,unchanged
I00242,Telecom,2019,BB,BB,0,0,0,0,3,3,0,unchanged
I00243,Telecom,2019,BBB,BB,0,1,0,1,4,3,-1,downgrade
I00244,Real_Estate,2019,B,B,0,0,0,0,2,2,0,unchanged
I00245,Telecom,2019,BB,BB,0,0,0,0,3,3,0,unchanged
I00246,Technology,2019,BBB,BBB,0,0,0,0,4,4,0,unchanged
I00247,Industrials,2019,BB,BB,0,0,0,0,3,3,0,unchanged
I00248,Telecom,2019,A,BBB,0,1,0,1,5,4,-1,downgrade
I00250,Industrials,2019,AA,AA,0,0,0,0,6,6,0,unchanged
I00251,Consumer,2019,A,A,0,0,0,0,5,5,0,unchanged
I00252,Utilities,2019,AA,AA,0,0,0,0,6,6,0,unchanged
I00253,Telecom,2019,AA,AA,0,0,0,0,6,6,0,unchanged
I00254,Real_Estate,2019,BB,BB,0,0,0,0,3,3,0,unchanged
I00256,Telecom,2019,A,B,0,1,0,3,5,2,-3,downgrade
I00257,Utilities,2019,BB,BB,0,0,0,0,3,3,0,unchanged
I00258,Real_Estate,2019,A,A,0,0,0,0,5,5,0,unchanged
I00259,Telecom,2019,B,B,0,0,0,0,2,2,0,unchanged
I00260,Healthcare,2019,CCC,B,1,0,0,-1,1,2,1,upgrade
I00261,Utilities,2019,A,A,0,0,0,0,5,5,0,unchanged
I00262,Technology,2019,AAA,AAA,0,0,0,0,7,7,0,unchanged
I00263,Energy,2019,BBB,A,1,0,0,-1,4,5,1,upgrade
I00264,Telecom,2019,AA,AA,0,0,0,0,6,6,0,unchanged
I00265,Real_Estate,2019,BBB,BBB,0,0,0,0,4,4,0,unchanged
I00266,Real_Estate,2019,BB,CCC,0,1,0,2,3,1,-2,downgrade
I00267,Healthcare,2019,A,A,0,0,0,0,5,5,0,unchanged
I00268,Telecom,2019,AA,AA,0,0,0,0,6,6,0,unchanged
I00270,Utilities,2019,BB,BB,0,0,0,0,3,3,0,unchanged
I00271,Retail,2019,BB,BB,0,0,0,0,3,3,0,unchanged
I00272,Consumer,2019,B,B,0,0,0,0,2,2,0,unchanged
I00273,Energy,2019,BBB,BBB,0,0,0,0,4,4,0,unchanged
I00274,Consumer,2019,B,B,0,0,0,0,2,2,0,unchanged
I00275,Financials,2019,B,B,0,0,0,0,2,2,0,unchanged
I00276,Financials,2019,B,B,0,0,0,0,2,2,0,unchanged
I00277,Retail,2019,B,B,0,0,0,0,2,2,0,unchanged
I00278,Retail,2019,CCC,CCC,0,0,0,0,1,1,0,unchanged
I00279,Financials,2019,BB,BB,0,0,0,0,3,3,0,unchanged
I00280,Utilities,2019,AA,AA,0,0,0,0,6,6,0,unchanged
I00281,Utilities,2019,AAA,AAA,0,0,0,0,7,7,0,unchanged
I00283,Healthcare,2019,AA,AA,0,0,0,0,6,6,0,unchanged
I00284,Healthcare,2019,CCC,CCC,0,0,0,0,1,1,0,unchanged
I00285,Energy,2019,BBB,BBB,0,0,0,0,4,4,0,unchanged
I00287,Energy,2019,BBB,BBB,0,0,0,0,4,4,0,unchanged
I00288,Technology,2019,BBB,BBB,0,0,0,0,4,4,0,unchanged
I00289,Industrials,2019,BBB,BBB,0,0,0,0,4,4,0,unchanged
I00290,Retail,2019,BBB,BBB,0,0,0,0,4,4,0,unchanged
I00291,Energy,2019,BBB,BBB,0,0,0,0,4,4,0,unchanged
I00292,Energy,2019,BBB,BBB,0,0,0,0,4,4,0,unchanged
I00293,Industrials,2019,A,A,0,0,0,0,5,5,0,unchanged
I00294,Financials,2019,BBB,BBB,0,0,0,0,4,4,0,unchanged
I00295,Financials,2019,BBB,BBB,0,0,0,0,4,4,0,unchanged
I00296,Technology,2019,BBB,BBB,0,0,0,0,4,4,0,unchanged
I00297,Telecom,2019,BB,BB,0,0,0,0,3,3,0,unchanged
I00298,Utilities,2019,BBB,BBB,0,0,0,0,4,4,0,unchanged
I00300,Real_Estate,2019,BB,BB,0,0,0,0,3,3,0,unchanged
I00301,Healthcare,2019,BB,BBB,1,0,0,-1,3,4,1,upgrade
I00302,Utilities,2019,BBB,BBB,0,0,0,0,4,4,0,unchanged
I00303,Financials,2019,AA,AA,0,0,0,0,6,6,0,unchanged
I00304,Financials,2019,BBB,BBB,0,0,0,0,4,4,0,unchanged
I00306,Telecom,2019,CCC,CCC,0,0,0,0,1,1,0,unchanged
I00308,Real_Estate,2019,BBB,BBB,0,0,0,0,4,4,0,unchanged
I00309,Energy,2019,A,A,0,0,0,0,5,5,0,unchanged
I00310,Healthcare,2019,A,A,0,0,0,0,5,5,0,unchanged
I00311,Real_Estate,2019,B,B,0,0,0,0,2,2,0,unchanged
I00312,Technology,2019,BBB,BBB,0,0,0,0,4,4,0,unchanged
I00313,Consumer,2019,A,A,0,0,0,0,5,5,0,unchanged
I00314,Industrials,2019,AAA,AAA,0,0,0,0,7,7,0,unchanged
I00315,Industrials,2019,BB,BB,0,0,0,0,3,3,0,unchanged
I00316,Technology,2019,BB,BB,0,0,0,0,3,3,0,unchanged
I00318,Energy,2019,B,B,0,0,0,0,2,2,0,unchanged
I00319,Financials,2019,A,A,0,0,0,0,5,5,0,unchanged
I00320,Consumer,2019,A,A,0,0,0,0,5,5,0,unchanged
I00321,Healthcare,2019,A,A,0,0,0,0,5,5,0,unchanged
I00322,Technology,2019,B,BB,1,0,0,-1,2,3,1,upgrade
I00324,Financials,2019,B,B,0,0,0,0,2,2,0,unchanged
I00325,Retail,2019,A,A,0,0,0,0,5,5,0,unchanged
I00326,Telecom,2019,BBB,BBB,0,0,0,0,4,4,0,unchanged
I00327,Utilities,2019,BBB,BBB,0,0,0,0,4,4,0,unchanged
I00328,Real_Estate,2019,BBB,BB,0,1,0,1,4,3,-1,downgrade
I00329,Technology,2019,AA,AA,0,0,0,0,6,6,0,unchanged
I00330,Industrials,2019,BB,B,0,1,0,1,3,2,-1,downgrade
I00332,Telecom,2019,BB,BB,0,0,0,0,3,3,0,unchanged
I00333,Consumer,2019,BB,BB,0,0,0,0,3,3,0,unchanged
I00334,Utilities,2019,BBB,BBB,0,0,0,0,4,4,0,unchanged
I00335,Utilities,2019,BB,BB,0,0,0,0,3,3,0,unchanged
I00336,Utilities,2019,B,B,0,0,0,0,2,2,0,unchanged
I00337,Financials,2019,AA,AA,0,0,0,0,6,6,0,unchanged
I00338,Financials,2019,BBB,BBB,0,0,0,0,4,4,0,unchanged
I00339,Retail,2019,BB,BB,0,0,0,0,3,3,0,unchanged
I00340,Real_Estate,2019,BB,BB,0,0,0,0,3,3,0,unchanged
I00341,Financials,2019,BBB,BBB,0,0,0,0,4,4,0,unchanged
I00342,Technology,2019,BBB,BBB,0,0,0,0,4,4,0,unchanged
I00343,Consumer,2019,B,B,0,0,0,0,2,2,0,unchanged
I00344,Energy,2019,AAA,AAA,0,0,0,0,7,7,0,unchanged
I00345,Utilities,2019,B,B,0,0,0,0,2,2,0,unchanged
I00346,Industrials,2019,B,B,0,0,0,0,2,2,0,unchanged
I00347,Financials,2019,B,B,0,0,0,0,2,2,0,unchanged
I00348,Retail,2019,BBB,BBB,0,0,0,0,4,4,0,unchanged
I00349,Utilities,2019,BBB,BBB,0,0,0,0,4,4,0,unchanged
I00350,Healthcare,2019,B,B,0,0,0,0,2,2,0,unchanged
I00351,Technology,2019,AA,AA,0,0,0,0,6,6,0,unchanged
I00352,Utilities,2019,A,A,0,0,0,0,5,5,0,unchanged
I00353,Retail,2019,BB,B,0,1,0,1,3,2,-1,downgrade
I00354,Healthcare,2019,AAA,AAA,0,0,0,0,7,7,0,unchanged
I00355,Healthcare,2019,BB,B,0,1,0,1,3,2,-1,downgrade
I00356,Healthcare,2019,AA,AA,0,0,0,0,6,6,0,unchanged
I00357,Industrials,2019,A,A,0,0,0,0,5,5,0,unchanged
I00359,Consumer,2019,BBB,BB,0,1,0,1,4,3,-1,downgrade
I00360,Real_Estate,2019,B,B,0,0,0,0,2,2,0,unchanged
I00361,Healthcare,2019,B,B,0,0,0,0,2,2,0,unchanged
I00362,Industrials,2019,BBB,BB,0,1,0,1,4,3,-1,downgrade
I00363,Energy,2019,BBB,BBB,0,0,0,0,4,4,0,unchanged
I00366,Energy,2019,B,B,0,0,0,0,2,2,0,unchanged
I00367,Utilities,2019,BBB,BBB,0,0,0,0,4,4,0,unchanged
I00368,Healthcare,2019,BBB,BBB,0,0,0,0,4,4,0,unchanged
I00369,Healthcare,2019,BB,BB,0,0,0,0,3,3,0,unchanged
I00370,Utilities,2019,BBB,BBB,0,0,0,0,4,4,0,unchanged
I00371,Technology,2019,A,A,0,0,0,0,5,5,0,unchanged
I00372,Energy,2019,CCC,CCC,0,0,0,0,1,1,0,unchanged
I00373,Energy,2019,BB,BB,0,0,0,0,3,3,0,unchanged
I00374,Utilities,2019,BB,BB,0,0,0,0,3,3,0,unchanged
I00375,Retail,2019,A,A,0,0,0,0,5,5,0,unchanged
I00376,Industrials,2019,B,BB,1,0,0,-1,2,3,1,upgrade
I00377,Energy,2019,A,A,0,0,0,0,5,5,0,unchanged
I00378,Technology,2019,B,B,0,0,0,0,2,2,0,unchanged
I00379,Healthcare,2019,AA,AA,0,0,0,0,6,6,0,unchanged
I00380,Financials,2019,A,A,0,0,0,0,5,5,0,unchanged
I00381,Telecom,2019,A,A,0,0,0,0,5,5,0,unchanged
I00382,Energy,2019,BB,BB,0,0,0,0,3,3,0,unchanged
I00383,Financials,2019,B,B,0,0,0,0,2,2,0,unchanged
I00384,Healthcare,2019,BB,CCC,0,1,0,2,3,1,-2,downgrade
I00385,Industrials,2019,AA,AA,0,0,0,0,6,6,0,unchanged
I00386,Real_Estate,2019,BB,B,0,1,0,1,3,2,-1,downgrade
I00387,Financials,2019,BBB,BBB,0,0,0,0,4,4,0,unchanged
I00388,Retail,2019,B,B,0,0,0,0,2,2,0,unchanged
I00389,Healthcare,2019,B,B,0,0,0,0,2,2,0,unchanged
I00390,Consumer,2019,BB,BBB,1,0,0,-1,3,4,1,upgrade
I00391,Technology,2019,A,A,0,0,0,0,5,5,0,unchanged
I00392,Healthcare,2019,BBB,BBB,0,0,0,0,4,4,0,unchanged
I00393,Industrials,2019,BB,BB,0,0,0,0,3,3,0,unchanged
I00394,Technology,2019,BBB,BBB,0,0,0,0,4,4,0,unchanged
I00395,Healthcare,2019,BBB,BBB,0,0,0,0,4,4,0,unchanged
I00396,Industrials,2019,BB,BB,0,0,0,0,3,3,0,unchanged
I00397,Energy,2019,AA,AA,0,0,0,0,6,6,0,unchanged
I00398,Retail,2019,AA,AA,0,0,0,0,6,6,0,unchanged
I00399,Technology,2019,BBB,BBB,0,0,0,0,4,4,0,unchanged
I00400,Industrials,2019,BBB,BBB,0,0,0,0,4,4,0,unchanged
I00401,Utilities,2019,B,B,0,0,0,0,2,2,0,unchanged
I00403,Energy,2019,B,B,0,0,0,0,2,2,0,unchanged
I00404,Industrials,2019,B,B,0,0,0,0,2,2,0,unchanged
I00405,Retail,2019,B,B,0,0,0,0,2,2,0,unchanged
I00406,Financials,2019,B,B,0,0,0,0,2,2,0,unchanged
I00407,Energy,2019,A,A,0,0,0,0,5,5,0,unchanged
I00408,Financials,2019,A,A,0,0,0,0,5,5,0,unchanged
I00409,Technology,2019,A,A,0,0,0,0,5,5,0,unchanged
I00410,Energy,2019,B,BB,1,0,0,-1,2,3,1,upgrade
I00411,Retail,2019,BB,BB,0,0,0,0,3,3,0,unchanged
I00412,Industrials,2019,A,A,0,0,0,0,5,5,0,unchanged
I00414,Real_Estate,2019,B,B,0,0,0,0,2,2,0,unchanged
I00416,Energy,2019,BBB,BBB,0,0,0,0,4,4,0,unchanged
I00419,Industrials,2019,A,A,0,0,0,0,5,5,0,unchanged
I00420,Telecom,2019,BBB,BBB,0,0,0,0,4,4,0,unchanged
I00421,Retail,2019,A,A,0,0,0,0,5,5,0,unchanged
I00422,Healthcare,2019,B,B,0,0,0,0,2,2,0,unchanged
I00424,Telecom,2019,BBB,BBB,0,0,0,0,4,4,0,unchanged
I00425,Healthcare,2019,BB,BB,0,0,0,0,3,3,0,unchanged
I00426,Telecom,2019,B,B,0,0,0,0,2,2,0,unchanged
I00427,Financials,2019,BB,BB,0,0,0,0,3,3,0,unchanged
I00428,Retail,2019,AA,AA,0,0,0,0,6,6,0,unchanged
I00429,Industrials,2019,A,A,0,0,0,0,5,5,0,unchanged
I00430,Financials,2019,A,A,0,0,0,0,5,5,0,unchanged
I00432,Financials,2019,B,B,0,0,0,0,2,2,0,unchanged
I00433,Real_Estate,2019,A,A,0,0,0,0,5,5,0,unchanged
I00434,Consumer,2019,B,B,0,0,0,0,2,2,0,unchanged
I00435,Retail,2019,B,B,0,0,0,0,2,2,0,unchanged
I00438,Financials,2019,BB,D,0,0,1,3,3,0,-3,default
I00440,Energy,2019,AA,AA,0,0,0,0,6,6,0,unchanged
I00441,Industrials,2019,BBB,BBB,0,0,0,0,4,4,0,unchanged
I00442,Consumer,2019,BBB,BBB,0,0,0,0,4,4,0,unchanged
I00443,Retail,2019,B,B,0,0,0,0,2,2,0,unchanged
I00444,Financials,2019,BB,BBB,1,0,0,-1,3,4,1,upgrade
I00445,Industrials,2019,BBB,A,1,0,0,-1,4,5,1,upgrade
I00447,Retail,2019,A,BBB,0,1,0,1,5,4,-1,downgrade
I00448,Energy,2019,B,B,0,0,0,0,2,2,0,unchanged
I00450,Healthcare,2019,B,BB,1,0,0,-1,2,3,1,upgrade
I00451,Energy,2019,AAA,AAA,0,0,0,0,7,7,0,unchanged
I00452,Industrials,2019,BBB,BBB,0,0,0,0,4,4,0,unchanged
I00453,Energy,2019,BBB,BBB,0,0,0,0,4,4,0,unchanged
I00454,Financials,2019,BBB,BBB,0,0,0,0,4,4,0,unchanged
I00455,Financials,2019,BB,BB,0,0,0,0,3,3,0,unchanged
I00457,Industrials,2019,B,CCC,0,1,0,1,2,1,-1,downgrade
I00458,Telecom,2019,BBB,BBB,0,0,0,0,4,4,0,unchanged
I00460,Telecom,2019,AAA,AAA,0,0,0,0,7,7,0,unchanged
I00461,Energy,2019,BBB,BBB,0,0,0,0,4,4,0,unchanged
I00462,Real_Estate,2019,A,A,0,0,0,0,5,5,0,unchanged
I00463,Financials,2019,BBB,BBB,0,0,0,0,4,4,0,unchanged
I00464,Healthcare,2019,A,A,0,0,0,0,5,5,0,unchanged
I00465,Energy,2019,AAA,AAA,0,0,0,0,7,7,0,unchanged
I00466,Energy,2019,A,A,0,0,0,0,5,5,0,unchanged
I00467,Financials,2019,A,A,0,0,0,0,5,5,0,unchanged
I00468,Technology,2019,A,A,0,0,0,0,5,5,0,unchanged
I00469,Real_Estate,2019,AA,AA,0,0,0,0,6,6,0,unchanged
I00470,Financials,2019,BBB,BBB,0,0,0,0,4,4,0,unchanged
I00471,Energy,2019,B,B,0,0,0,0,2,2,0,unchanged
I00472,Retail,2019,B,B,0,0,0,0,2,2,0,unchanged
I00474,Technology,2019,BB,BB,0,0,0,0,3,3,0,unchanged
I00475,Telecom,2019,BBB,A,1,0,0,-1,4,5,1,upgrade
I00476,Utilities,2019,BB,BBB,1,0,0,-1,3,4,1,upgrade
I00477,Technology,2019,A,A,0,0,0,0,5,5,0,unchanged
I00478,Healthcare,2019,BBB,BB,0,1,0,1,4,3,-1,downgrade
I00479,Consumer,2019,BB,BBB,1,0,0,-1,3,4,1,upgrade
I00480,Industrials,2019,A,A,0,0,0,0,5,5,0,unchanged
I00482,Telecom,2019,BBB,BBB,0,0,0,0,4,4,0,unchanged
I00483,Utilities,2019,CCC,CCC,0,0,0,0,1,1,0,unchanged
I00484,Real_Estate,2019,AA,AA,0,0,0,0,6,6,0,unchanged
I00485,Consumer,2019,CCC,BB,1,0,0,-2,1,3,2,upgrade
I00486,Utilities,2019,BB,BB,0,0,0,0,3,3,0,unchanged
I00487,Consumer,2019,BBB,BBB,0,0,0,0,4,4,0,unchanged
I00488,Utilities,2019,BBB,BBB,0,0,0,0,4,4,0,unchanged
I00489,Industrials,2019,B,B,0,0,0,0,2,2,0,unchanged
I00490,Utilities,2019,A,BBB,0,1,0,1,5,4,-1,downgrade
I00491,Utilities,2019,BB,BB,0,0,0,0,3,3,0,unchanged
I00492,Financials,2019,BB,BB,0,0,0,0,3,3,0,unchanged
I00493,Industrials,2019,BB,BB,0,0,0,0,3,3,0,unchanged
I00494,Utilities,2019,BB,BB,0,0,0,0,3,3,0,unchanged
I00495,Financials,2019,A,A,0,0,0,0,5,5,0,unchanged
I00496,Energy,2019,BBB,BBB,0,0,0,0,4,4,0,unchanged
I00497,Industrials,2019,B,B,0,0,0,0,2,2,0,unchanged
I00498,Utilities,2019,BBB,BB,0,1,0,1,4,3,-1,downgrade
I00499,Real_Estate,2019,B,CCC,0,1,0,1,2,1,-1,downgrade
I00500,Financials,2019,B,B,0,0,0,0,2,2,0,unchanged
I00502,Consumer,2019,AA,A,0,1,0,1,6,5,-1,downgrade
I00503,Telecom,2019,BBB,BBB,0,0,0,0,4,4,0,unchanged
I00504,Retail,2019,BB,BB,0,0,0,0,3,3,0,unchanged
I00505,Financials,2019,B,B,0,0,0,0,2,2,0,unchanged
I00506,Utilities,2019,BB,BB,0,0,0,0,3,3,0,unchanged
I00507,Real_Estate,2019,A,BB,0,1,0,2,5,3,-2,downgrade
I00508,Industrials,2019,A,BBB,0,1,0,1,5,4,-1,downgrade
I00509,Real_Estate,2019,BB,BB,0,0,0,0,3,3,0,unchanged
I00510,Consumer,2019,BB,BB,0,0,0,0,3,3,0,unchanged
I00511,Consumer,2019,CCC,B,1,0,0,-1,1,2,1,upgrade
I00512,Financials,2019,BB,BB,0,0,0,0,3,3,0,unchanged
I00513,Financials,2019,AA,AA,0,0,0,0,6,6,0,unchanged
I00514,Technology,2019,B,B,0,0,0,0,2,2,0,unchanged
I00515,Retail,2019,B,B,0,0,0,0,2,2,0,unchanged
I00516,Consumer,2019,CCC,CCC,0,0,0,0,1,1,0,unchanged
I00517,Retail,2019,A,A,0,0,0,0,5,5,0,unchanged
I00518,Industrials,2019,BBB,A,1,0,0,-1,4,5,1,upgrade
I00519,Telecom,2019,A,A,0,0,0,0,5,5,0,unchanged
I00520,Telecom,2019,BB,BB,0,0,0,0,3,3,0,unchanged
I00521,Telecom,2019,B,B,0,0,0,0,2,2,0,unchanged
I00522,Utilities,2019,A,A,0,0,0,0,5,5,0,unchanged
I00523,Utilities,2019,BBB,BBB,0,0,0,0,4,4,0,unchanged
I00525,Industrials,2019,B,B,0,0,0,0,2,2,0,unchanged
I00526,Utilities,2019,B,B,0,0,0,0,2,2,0,unchanged
I00527,Real_Estate,2019,BB,BB,0,0,0,0,3,3,0,unchanged
I00528,Real_Estate,2019,BBB,BBB,0,0,0,0,4,4,0,unchanged
I00529,Telecom,2019,B,B,0,0,0,0,2,2,0,unchanged
I00530,Healthcare,2019,B,CCC,0,1,0,1,2,1,-1,downgrade
I00531,Technology,2019,AA,AA,0,0,0,0,6,6,0,unchanged
I00532,Consumer,2019,BBB,BBB,0,0,0,0,4,4,0,unchanged
I00533,Financials,2019,B,B,0,0,0,0,2,2,0,unchanged
I00534,Utilities,2019,BBB,BBB,0,0,0,0,4,4,0,unchanged
I00535,Healthcare,2019,A,A,0,0,0,0,5,5,0,unchanged
I00536,Financials,2019,BBB,BBB,0,0,0,0,4,4,0,unchanged
I00538,Retail,2019,B,B,0,0,0,0,2,2,0,unchanged
I00539,Telecom,2019,BB,BB,0,0,0,0,3,3,0,unchanged
I00540,Retail,2019,AA,AA,0,0,0,0,6,6,0,unchanged
I00541,Telecom,2019,CCC,CCC,0,0,0,0,1,1,0,unchanged
I00542,Financials,2019,AA,AA,0,0,0,0,6,6,0,unchanged
I00543,Energy,2019,B,BB,1,0,0,-1,2,3,1,upgrade
I00545,Utilities,2019,BBB,BBB,0,0,0,0,4,4,0,unchanged
I00547,Real_Estate,2019,AA,AA,0,0,0,0,6,6,0,unchanged
I00548,Real_Estate,2019,AA,AAA,1,0,0,-1,6,7,1,upgrade
I00549,Financials,2019,BB,BB,0,0,0,0,3,3,0,unchanged
I00550,Consumer,2019,A,A,0,0,0,0,5,5,0,unchanged
I00551,Real_Estate,2019,BBB,BBB,0,0,0,0,4,4,0,unchanged
I00552,Retail,2019,B,CCC,0,1,0,1,2,1,-1,downgrade
I00553,Healthcare,2019,AA,AA,0,0,0,0,6,6,0,unchanged
I00554,Consumer,2019,B,B,0,0,0,0,2,2,0,unchanged
I00555,Consumer,2019,A,A,0,0,0,0,5,5,0,unchanged
I00556,Consumer,2019,BBB,BBB,0,0,0,0,4,4,0,unchanged
I00557,Financials,2019,AA,A,0,1,0,1,6,5,-1,downgrade
I00558,Real_Estate,2019,B,B,0,0,0,0,2,2,0,unchanged
I00559,Telecom,2019,A,A,0,0,0,0,5,5,0,unchanged
I00560,Consumer,2019,A,A,0,0,0,0,5,5,0,unchanged
I00561,Financials,2019,AA,AA,0,0,0,0,6,6,0,unchanged
I00562,Financials,2019,BB,BB,0,0,0,0,3,3,0,unchanged
I00563,Telecom,2019,CCC,CCC,0,0,0,0,1,1,0,unchanged
I00564,Telecom,2019,BBB,BBB,0,0,0,0,4,4,0,unchanged
I00565,Technology,2019,BBB,BBB,0,0,0,0,4,4,0,unchanged
I00566,Healthcare,2019,A,A,0,0,0,0,5,5,0,unchanged
I00567,Industrials,2019,A,A,0,0,0,0,5,5,0,unchanged
I00568,Consumer,2019,BB,BBB,1,0,0,-1,3,4,1,upgrade
I00569,Healthcare,2019,AA,AA,0,0,0,0,6,6,0,unchanged
I00571,Real_Estate,2019,A,A,0,0,0,0,5,5,0,unchanged
I00572,Energy,2019,BBB,BBB,0,0,0,0,4,4,0,unchanged
I00573,Industrials,2019,BBB,BBB,0,0,0,0,4,4,0,unchanged
I00574,Industrials,2019,BBB,BBB,0,0,0,0,4,4,0,unchanged
I00575,Retail,2019,BB,BB,0,0,0,0,3,3,0,unchanged
I00576,Industrials,2019,BB,BB,0,0,0,0,3,3,0,unchanged
I00577,Industrials,2019,BB,BB,0,0,0,0,3,3,0,unchanged
I00578,Industrials,2019,A,A,0,0,0,0,5,5,0,unchanged
I00579,Energy,2019,AA,AA,0,0,0,0,6,6,0,unchanged
I00580,Industrials,2019,A,A,0,0,0,0,5,5,0,unchanged
I00581,Retail,2019,B,B,0,0,0,0,2,2,0,unchanged
I00582,Healthcare,2019,BBB,BBB,0,0,0,0,4,4,0,unchanged
I00583,Financials,2019,CCC,B,1,0,0,-1,1,2,1,upgrade
I00584,Retail,2019,A,A,0,0,0,0,5,5,0,unchanged
I00585,Utilities,2019,BBB,BBB,0,0,0,0,4,4,0,unchanged
I00586,Healthcare,2019,AA,AA,0,0,0,0,6,6,0,unchanged
I00587,Consumer,2019,B,B,0,0,0,0,2,2,0,unchanged
I00588,Financials,2019,A,A,0,0,0,0,5,5,0,unchanged
I00589,Technology,2019,BB,BB,0,0,0,0,3,3,0,unchanged
I00590,Healthcare,2019,AA,AA,0,0,0,0,6,6,0,unchanged
I00591,Real_Estate,2019,AA,AA,0,0,0,0,6,6,0,unchanged
I00592,Healthcare,2019,AAA,AAA,0,0,0,0,7,7,0,unchanged
I00593,Energy,2019,A,A,0,0,0,0,5,5,0,unchanged
I00594,Healthcare,2019,BBB,BBB,0,0,0,0,4,4,0,unchanged
I00595,Utilities,2019,BBB,BBB,0,0,0,0,4,4,0,unchanged
I00596,Real_Estate,2019,A,A,0,0,0,0,5,5,0,unchanged
I00597,Utilities,2019,A,A,0,0,0,0,5,5,0,unchanged
I00598,Healthcare,2019,A,A,0,0,0,0,5,5,0,unchanged
I00599,Healthcare,2019,A,A,0,0,0,0,5,5,0,unchanged
I00600,Energy,2019,BBB,BBB,0,0,0,0,4,4,0,unchanged
I00601,Utilities,2019,BB,BBB,1,0,0,-1,3,4,1,upgrade
I00602,Consumer,2019,AA,AA,0,0,0,0,6,6,0,unchanged
I00603,Financials,2019,AA,AA,0,0,0,0,6,6,0,unchanged
I00605,Telecom,2019,A,A,0,0,0,0,5,5,0,unchanged
I00606,Real_Estate,2019,B,B,0,0,0,0,2,2,0,unchanged
I00607,Retail,2019,B,B,0,0,0,0,2,2,0,unchanged
I00608,Industrials,2019,BBB,BBB,0,0,0,0,4,4,0,unchanged
I00609,Utilities,2019,AAA,AAA,0,0,0,0,7,7,0,unchanged
I00610,Utilities,2019,A,A,0,0,0,0,5,5,0,unchanged
I00611,Consumer,2019,B,B,0,0,0,0,2,2,0,unchanged
I00612,Technology,2019,A,A,0,0,0,0,5,5,0,unchanged
I00613,Technology,2019,A,BBB,0,1,0,1,5,4,-1,downgrade
I00614,Industrials,2019,BBB,BBB,0,0,0,0,4,4,0,unchanged
I00616,Telecom,2019,A,A,0,0,0,0,5,5,0,unchanged
I00617,Industrials,2019,CCC,CCC,0,0,0,0,1,1,0,unchanged
I00618,Retail,2019,B,B,0,0,0,0,2,2,0,unchanged
I00619,Utilities,2019,A,A,0,0,0,0,5,5,0,unchanged
I00620,Healthcare,2019,AA,AA,0,0,0,0,6,6,0,unchanged
I00621,Technology,2019,BBB,BBB,0,0,0,0,4,4,0,unchanged
I00622,Retail,2019,B,B,0,0,0,0,2,2,0,unchanged
I00625,Telecom,2019,BB,BB,0,0,0,0,3,3,0,unchanged
I00626,Utilities,2019,BB,BB,0,0,0,0,3,3,0,unchanged
I00627,Technology,2019,AA,AA,0,0,0,0,6,6,0,unchanged
I00628,Telecom,2019,BBB,BBB,0,0,0,0,4,4,0,unchanged
I00629,Industrials,2019,A,AA,1,0,0,-1,5,6,1,upgrade
I00630,Energy,2019,BBB,BBB,0,0,0,0,4,4,0,unchanged
I00631,Utilities,2019,BB,BB,0,0,0,0,3,3,0,unchanged
I00632,Industrials,2019,A,A,0,0,0,0,5,5,0,unchanged
I00633,Retail,2019,BB,BB,0,0,0,0,3,3,0,unchanged
I00635,Consumer,2019,B,BB,1,0,0,-1,2,3,1,upgrade
I00636,Consumer,2019,BB,BB,0,0,0,0,3,3,0,unchanged
I00637,Consumer,2019,A,A,0,0,0,0,5,5,0,unchanged
I00638,Technology,2019,BBB,BBB,0,0,0,0,4,4,0,unchanged
I00639,Telecom,2019,BB,BB,0,0,0,0,3,3,0,unchanged
I00640,Telecom,2019,BBB,BBB,0,0,0,0,4,4,0,unchanged
I00641,Consumer,2019,BBB,BBB,0,0,0,0,4,4,0,unchanged
I00642,Industrials,2019,A,A,0,0,0,0,5,5,0,unchanged
I00643,Industrials,2019,AA,AA,0,0,0,0,6,6,0,unchanged
I00644,Utilities,2019,BBB,BBB,0,0,0,0,4,4,0,unchanged
I00646,Industrials,2019,BBB,BBB,0,0,0,0,4,4,0,unchanged
I00647,Real_Estate,2019,BB,BB,0,0,0,0,3,3,0,unchanged
I00648,Financials,2019,A,A,0,0,0,0,5,5,0,unchanged
I00649,Energy,2019,BBB,BBB,0,0,0,0,4,4,0,unchanged
I00650,Utilities,2019,B,B,0,0,0,0,2,2,0,unchanged
I00651,Utilities,2019,AA,AA,0,0,0,0,6,6,0,unchanged
I00652,Technology,2019,BBB,BBB,0,0,0,0,4,4,0,unchanged
I00653,Telecom,2019,BB,BB,0,0,0,0,3,3,0,unchanged
I00654,Financials,2019,BB,BB,0,0,0,0,3,3,0,unchanged
I00655,Healthcare,2019,BBB,BBB,0,0,0,0,4,4,0,unchanged
I00656,Financials,2019,BBB,BBB,0,0,0,0,4,4,0,unchanged
I00658,Telecom,2019,BBB,BBB,0,0,0,0,4,4,0,unchanged
I00659,Telecom,2019,BBB,BBB,0,0,0,0,4,4,0,unchanged
I00660,Industrials,2019,B,B,0,0,0,0,2,2,0,unchanged
I00661,Healthcare,2019,BBB,BBB,0,0,0,0,4,4,0,unchanged
I00662,Real_Estate,2019,B,B,0,0,0,0,2,2,0,unchanged
I00663,Technology,2019,A,A,0,0,0,0,5,5,0,unchanged
I00664,Healthcare,2019,A,A,0,0,0,0,5,5,0,unchanged
I00665,Financials,2019,BBB,BBB,0,0,0,0,4,4,0,unchanged
I00666,Telecom,2019,B,B,0,0,0,0,2,2,0,unchanged
I00667,Healthcare,2019,BBB,BBB,0,0,0,0,4,4,0,unchanged
I00668,Retail,2019,A,A,0,0,0,0,5,5,0,unchanged
I00669,Real_Estate,2019,A,A,0,0,0,0,5,5,0,unchanged
I00670,Healthcare,2019,A,A,0,0,0,0,5,5,0,unchanged
I00671,Retail,2019,A,A,0,0,0,0,5,5,0,unchanged
I00672,Retail,2019,B,B,0,0,0,0,2,2,0,unchanged
I00673,Healthcare,2019,BBB,BBB,0,0,0,0,4,4,0,unchanged
I00674,Retail,2019,BB,BB,0,0,0,0,3,3,0,unchanged
I00675,Telecom,2019,BB,BB,0,0,0,0,3,3,0,unchanged
I00677,Healthcare,2019,A,BB,0,1,0,2,5,3,-2,downgrade
I00678,Real_Estate,2019,BB,BB,0,0,0,0,3,3,0,unchanged
I00679,Consumer,2019,AA,AA,0,0,0,0,6,6,0,unchanged
I00680,Healthcare,2019,BB,BB,0,0,0,0,3,3,0,unchanged
I00681,Energy,2019,B,B,0,0,0,0,2,2,0,unchanged
I00682,Industrials,2019,BBB,BBB,0,0,0,0,4,4,0,unchanged
I00683,Utilities,2019,BBB,BBB,0,0,0,0,4,4,0,unchanged
I00684,Real_Estate,2019,A,A,0,0,0,0,5,5,0,unchanged
I00685,Real_Estate,2019,BBB,BBB,0,0,0,0,4,4,0,unchanged
I00686,Utilities,2019,B,B,0,0,0,0,2,2,0,unchanged
I00687,Telecom,2019,AA,AA,0,0,0,0,6,6,0,unchanged
I00688,Financials,2019,A,A,0,0,0,0,5,5,0,unchanged
I00691,Healthcare,2019,B,A,1,0,0,-3,2,5,3,upgrade
I00692,Retail,2019,BB,B,0,1,0,1,3,2,-1,downgrade
I00693,Financials,2019,BB,BB,0,0,0,0,3,3,0,unchanged
I00694,Financials,2019,BBB,BBB,0,0,0,0,4,4,0,unchanged
I00695,Real_Estate,2019,BBB,BBB,0,0,0,0,4,4,0,unchanged
I00696,Healthcare,2019,AAA,AAA,0,0,0,0,7,7,0,unchanged
I00697,Financials,2019,A,A,0,0,0,0,5,5,0,unchanged
I00698,Financials,2019,BB,BB,0,0,0,0,3,3,0,unchanged
I00699,Energy,2019,BB,BB,0,0,0,0,3,3,0,unchanged
I00700,Real_Estate,2019,BBB,BBB,0,0,0,0,4,4,0,unchanged
I00701,Technology,2019,B,BB,1,0,0,-1,2,3,1,upgrade
I00702,Telecom,2019,BBB,BBB,0,0,0,0,4,4,0,unchanged
I00703,Healthcare,2019,A,A,0,0,0,0,5,5,0,unchanged
I00704,Technology,2019,BBB,A,1,0,0,-1,4,5,1,upgrade
I00705,Retail,2019,BBB,BBB,0,0,0,0,4,4,0,unchanged
I00706,Industrials,2019,B,B,0,0,0,0,2,2,0,unchanged
I00707,Financials,2019,A,A,0,0,0,0,5,5,0,unchanged
I00708,Financials,2019,BBB,BBB,0,0,0,0,4,4,0,unchanged
I00709,Consumer,2019,B,B,0,0,0,0,2,2,0,unchanged
I00710,Financials,2019,BBB,BBB,0,0,0,0,4,4,0,unchanged
I00711,Telecom,2019,A,A,0,0,0,0,5,5,0,unchanged
I00712,Retail,2019,BB,BB,0,0,0,0,3,3,0,unchanged
I00714,Technology,2019,A,A,0,0,0,0,5,5,0,unchanged
I00715,Healthcare,2019,BBB,BB,0,1,0,1,4,3,-1,downgrade
I00716,Energy,2019,B,B,0,0,0,0,2,2,0,unchanged
I00717,Technology,2019,A,A,0,0,0,0,5,5,0,unchanged
I00718,Retail,2019,A,A,0,0,0,0,5,5,0,unchanged
I00719,Consumer,2019,A,A,0,0,0,0,5,5,0,unchanged
I00720,Telecom,2019,A,A,0,0,0,0,5,5,0,unchanged
I00721,Utilities,2019,BB,BB,0,0,0,0,3,3,0,unchanged
I00722,Financials,2019,B,CCC,0,1,0,1,2,1,-1,downgrade
I00724,Consumer,2019,BBB,BBB,0,0,0,0,4,4,0,unchanged
I00725,Healthcare,2019,AA,AA,0,0,0,0,6,6,0,unchanged
I00726,Healthcare,2019,AA,BBB,0,1,0,2,6,4,-2,downgrade
I00727,Consumer,2019,BB,BB,0,0,0,0,3,3,0,unchanged
I00728,Energy,2019,A,A,0,0,0,0,5,5,0,unchanged
I00729,Telecom,2019,BBB,BBB,0,0,0,0,4,4,0,unchanged
I00731,Utilities,2019,A,A,0,0,0,0,5,5,0,unchanged
I00732,Consumer,2019,BBB,BBB,0,0,0,0,4,4,0,unchanged
I00733,Energy,2019,BBB,A,1,0,0,-1,4,5,1,upgrade
I00734,Utilities,2019,B,B,0,0,0,0,2,2,0,unchanged
I00735,Real_Estate,2019,B,BB,1,0,0,-1,2,3,1,upgrade
I00736,Healthcare,2019,B,B,0,0,0,0,2,2,0,unchanged
I00738,Healthcare,2019,BBB,BBB,0,0,0,0,4,4,0,unchanged
I00739,Telecom,2019,B,B,0,0,0,0,2,2,0,unchanged
I00740,Healthcare,2019,B,B,0,0,0,0,2,2,0,unchanged
I00741,Industrials,2019,B,BB,1,0,0,-1,2,3,1,upgrade
I00742,Consumer,2019,A,A,0,0,0,0,5,5,0,unchanged
I00745,Energy,2019,BBB,BBB,0,0,0,0,4,4,0,unchanged
I00746,Financials,2019,B,B,0,0,0,0,2,2,0,unchanged
I00747,Energy,2019,BBB,BBB,0,0,0,0,4,4,0,unchanged
I00748,Utilities,2019,BBB,BBB,0,0,0,0,4,4,0,unchanged
I00749,Telecom,2019,B,CCC,0,1,0,1,2,1,-1,downgrade
I00750,Technology,2019,AA,AA,0,0,0,0,6,6,0,unchanged
I00751,Real_Estate,2019,A,A,0,0,0,0,5,5,0,unchanged
I00752,Retail,2019,A,BBB,0,1,0,1,5,4,-1,downgrade
I00753,Industrials,2019,AA,AA,0,0,0,0,6,6,0,unchanged
I00754,Real_Estate,2019,A,A,0,0,0,0,5,5,0,unchanged
I00755,Retail,2019,A,A,0,0,0,0,5,5,0,unchanged
I00756,Financials,2019,BB,BB,0,0,0,0,3,3,0,unchanged
I00757,Industrials,2019,B,B,0,0,0,0,2,2,0,unchanged
I00758,Consumer,2019,B,B,0,0,0,0,2,2,0,unchanged
I00759,Telecom,2019,B,B,0,0,0,0,2,2,0,unchanged
I00760,Retail,2019,CCC,CCC,0,0,0,0,1,1,0,unchanged
I00761,Telecom,2019,BBB,BBB,0,0,0,0,4,4,0,unchanged
I00762,Retail,2019,BBB,BBB,0,0,0,0,4,4,0,unchanged
I00763,Utilities,2019,BB,B,0,1,0,1,3,2,-1,downgrade
I00764,Technology,2019,BBB,A,1,0,0,-1,4,5,1,upgrade
I00765,Industrials,2019,AA,AA,0,0,0,0,6,6,0,unchanged
I00766,Industrials,2019,A,A,0,0,0,0,5,5,0,unchanged
I00767,Telecom,2019,B,B,0,0,0,0,2,2,0,unchanged
I00768,Energy,2019,A,A,0,0,0,0,5,5,0,unchanged
I00769,Retail,2019,BBB,BBB,0,0,0,0,4,4,0,unchanged
I00770,Retail,2019,BBB,BBB,0,0,0,0,4,4,0,unchanged
I00771,Financials,2019,A,A,0,0,0,0,5,5,0,unchanged
I00772,Technology,2019,BBB,A,1,0,0,-1,4,5,1,upgrade
I00773,Industrials,2019,AA,AA,0,0,0,0,6,6,0,unchanged
I00774,Financials,2019,A,A,0,0,0,0,5,5,0,unchanged
I00775,Financials,2019,A,BB,0,1,0,2,5,3,-2,downgrade
I00776,Consumer,2019,AA,AA,0,0,0,0,6,6,0,unchanged
I00777,Utilities,2019,BB,B,0,1,0,1,3,2,-1,downgrade
I00778,Financials,2019,BBB,BBB,0,0,0,0,4,4,0,unchanged
I00779,Financials,2019,A,A,0,0,0,0,5,5,0,unchanged
I00780,Consumer,2019,AA,AA,0,0,0,0,6,6,0,unchanged
I00781,Industrials,2019,BB,BB,0,0,0,0,3,3,0,unchanged
I00782,Telecom,2019,BBB,BBB,0,0,0,0,4,4,0,unchanged
I00783,Utilities,2019,BB,BB,0,0,0,0,3,3,0,unchanged
I00784,Financials,2019,B,CCC,0,1,0,1,2,1,-1,downgrade
I00785,Consumer,2019,B,B,0,0,0,0,2,2,0,unchanged
I00786,Healthcare,2019,AAA,AAA,0,0,0,0,7,7,0,unchanged
I00787,Industrials,2019,A,A,0,0,0,0,5,5,0,unchanged
I00788,Real_Estate,2019,CCC,CCC,0,0,0,0,1,1,0,unchanged
I00789,Utilities,2019,AA,A,0,1,0,1,6,5,-1,downgrade
I00790,Retail,2019,B,B,0,0,0,0,2,2,0,unchanged
I00791,Energy,2019,BBB,BB,0,1,0,1,4,3,-1,downgrade
I00792,Real_Estate,2019,AA,AA,0,0,0,0,6,6,0,unchanged
I00793,Consumer,2019,A,A,0,0,0,0,5,5,0,unchanged
I00794,Energy,2019,BB,BB,0,0,0,0,3,3,0,unchanged
I00795,Consumer,2019,A,A,0,0,0,0,5,5,0,unchanged
I00797,Telecom,2019,B,B,0,0,0,0,2,2,0,unchanged
I00798,Consumer,2019,BBB,BBB,0,0,0,0,4,4,0,unchanged
I00799,Industrials,2019,AA,A,0,1,0,1,6,5,-1,downgrade
I00800,Real_Estate,2019,B,B,0,0,0,0,2,2,0,unchanged
I00801,Telecom,2019,BBB,BBB,0,0,0,0,4,4,0,unchanged
I00802,Industrials,2019,BBB,BBB,0,0,0,0,4,4,0,unchanged
I00803,Retail,2019,AAA,AAA,0,0,0,0,7,7,0,unchanged
I00804,Healthcare,2019,A,A,0,0,0,0,5,5,0,unchanged
I00805,Real_Estate,2019,CCC,D,0,0,1,1,1,0,-1,default
I00806,Financials,2019,B,B,0,0,0,0,2,2,0,unchanged
I00807,Consumer,2019,BB,BB,0,0,0,0,3,3,0,unchanged
I00808,Energy,2019,BBB,BBB,0,0,0,0,4,4,0,unchanged
I00809,Healthcare,2019,B,B,0,0,0,0,2,2,0,unchanged
I00810,Technology,2019,CCC,CCC,0,0,0,0,1,1,0,unchanged
I00811,Telecom,2019,A,A,0,0,0,0,5,5,0,unchanged
I00812,Utilities,2019,A,A,0,0,0,0,5,5,0,unchanged
I00813,Real_Estate,2019,A,A,0,0,0,0,5,5,0,unchanged
I00814,Financials,2019,BB,BBB,1,0,0,-1,3,4,1,upgrade
I00816,Telecom,2019,B,CCC,0,1,0,1,2,1,-1,downgrade
I00818,Real_Estate,2019,B,B,0,0,0,0,2,2,0,unchanged
I00819,Real_Estate,2019,BBB,BBB,0,0,0,0,4,4,0,unchanged
I00820,Real_Estate,2019,BB,BB,0,0,0,0,3,3,0,unchanged
I00821,Consumer,2019,BB,BB,0,0,0,0,3,3,0,unchanged
I00822,Consumer,2019,BBB,BBB,0,0,0,0,4,4,0,unchanged
I00823,Consumer,2019,A,A,0,0,0,0,5,5,0,unchanged
I00824,Consumer,2019,BB,BB,0,0,0,0,3,3,0,unchanged
I00825,Consumer,2019,CCC,D,0,0,1,1,1,0,-1,default
I00826,Energy,2019,AA,AA,0,0,0,0,6,6,0,unchanged
I00828,Consumer,2019,A,A,0,0,0,0,5,5,0,unchanged
I00829,Industrials,2019,BB,BB,0,0,0,0,3,3,0,unchanged
I00830,Financials,2019,B,B,0,0,0,0,2,2,0,unchanged
I00831,Consumer,2019,BBB,BBB,0,0,0,0,4,4,0,unchanged
I00832,Telecom,2019,BBB,BBB,0,0,0,0,4,4,0,unchanged
I00833,Real_Estate,2019,AA,AA,0,0,0,0,6,6,0,unchanged
I00834,Industrials,2019,AAA,AAA,0,0,0,0,7,7,0,unchanged
I00835,Telecom,2019,AA,AA,0,0,0,0,6,6,0,unchanged
I00836,Financials,2019,A,A,0,0,0,0,5,5,0,unchanged
I00837,Utilities,2019,BB,BB,0,0,0,0,3,3,0,unchanged
I00838,Financials,2019,AA,AA,0,0,0,0,6,6,0,unchanged
I00839,Energy,2019,A,A,0,0,0,0,5,5,0,unchanged
I00840,Industrials,2019,B,B,0,0,0,0,2,2,0,unchanged
I00841,Industrials,2019,B,B,0,0,0,0,2,2,0,unchanged
I00842,Retail,2019,AAA,AAA,0,0,0,0,7,7,0,unchanged
I00843,Industrials,2019,A,A,0,0,0,0,5,5,0,unchanged
I00844,Utilities,2019,B,B,0,0,0,0,2,2,0,unchanged
I00845,Industrials,2019,AA,A,0,1,0,1,6,5,-1,downgrade
I00846,Utilities,2019,BB,BB,0,0,0,0,3,3,0,unchanged
I00847,Financials,2019,B,CCC,0,1,0,1,2,1,-1,downgrade
I00848,Technology,2019,AA,AA,0,0,0,0,6,6,0,unchanged
I00850,Utilities,2019,BBB,BBB,0,0,0,0,4,4,0,unchanged
I00851,Industrials,2019,BBB,BBB,0,0,0,0,4,4,0,unchanged
I00853,Retail,2019,BB,BBB,1,0,0,-1,3,4,1,upgrade
I00854,Financials,2019,BBB,BBB,0,0,0,0,4,4,0,unchanged
I00855,Financials,2019,AA,AA,0,0,0,0,6,6,0,unchanged
I00856,Technology,2019,B,B,0,0,0,0,2,2,0,unchanged
I00857,Consumer,2019,BBB,BBB,0,0,0,0,4,4,0,unchanged
I00858,Consumer,2019,BBB,BBB,0,0,0,0,4,4,0,unchanged
I00859,Technology,2019,BBB,BBB,0,0,0,0,4,4,0,unchanged
I00860,Real_Estate,2019,B,B,0,0,0,0,2,2,0,unchanged
I00861,Utilities,2019,B,D,0,0,1,2,2,0,-2,default
I00862,Retail,2019,B,B,0,0,0,0,2,2,0,unchanged
I00863,Technology,2019,BBB,A,1,0,0,-1,4,5,1,upgrade
I00864,Real_Estate,2019,BBB,BBB,0,0,0,0,4,4,0,unchanged
I00865,Consumer,2019,BBB,BBB,0,0,0,0,4,4,0,unchanged
I00866,Utilities,2019,A,A,0,0,0,0,5,5,0,unchanged
I00867,Energy,2019,BBB,BBB,0,0,0,0,4,4,0,unchanged
I00868,Retail,2019,A,A,0,0,0,0,5,5,0,unchanged
I00869,Retail,2019,B,B,0,0,0,0,2,2,0,unchanged
I00870,Energy,2019,B,B,0,0,0,0,2,2,0,unchanged
I00871,Real_Estate,2019,BBB,BBB,0,0,0,0,4,4,0,unchanged
I00873,Financials,2019,A,A,0,0,0,0,5,5,0,unchanged
I00874,Financials,2019,B,B,0,0,0,0,2,2,0,unchanged
I00875,Industrials,2019,A,A,0,0,0,0,5,5,0,unchanged
I00876,Energy,2019,B,B,0,0,0,0,2,2,0,unchanged
I00877,Real_Estate,2019,BB,BBB,1,0,0,-1,3,4,1,upgrade
I00878,Financials,2019,A,A,0,0,0,0,5,5,0,unchanged
I00879,Industrials,2019,A,A,0,0,0,0,5,5,0,unchanged
I00880,Retail,2019,BBB,BBB,0,0,0,0,4,4,0,unchanged
I00881,Energy,2019,BB,BB,0,0,0,0,3,3,0,unchanged
I00882,Financials,2019,B,B,0,0,0,0,2,2,0,unchanged
I00883,Real_Estate,2019,B,B,0,0,0,0,2,2,0,unchanged
I00884,Telecom,2019,AA,AA,0,0,0,0,6,6,0,unchanged
I00885,Technology,2019,A,A,0,0,0,0,5,5,0,unchanged
I00887,Technology,2019,A,A,0,0,0,0,5,5,0,unchanged
I00888,Technology,2019,BBB,BBB,0,0,0,0,4,4,0,unchanged
I00889,Retail,2019,A,A,0,0,0,0,5,5,0,unchanged
I00890,Energy,2019,A,A,0,0,0,0,5,5,0,unchanged
I00891,Industrials,2019,BBB,BBB,0,0,0,0,4,4,0,unchanged
I00892,Energy,2019,A,A,0,0,0,0,5,5,0,unchanged
I00893,Real_Estate,2019,BBB,BBB,0,0,0,0,4,4,0,unchanged
I00894,Energy,2019,A,A,0,0,0,0,5,5,0,unchanged
I00895,Real_Estate,2019,B,B,0,0,0,0,2,2,0,unchanged
I00896,Telecom,2019,CCC,CCC,0,0,0,0,1,1,0,unchanged
I00897,Real_Estate,2019,A,A,0,0,0,0,5,5,0,unchanged
I00898,Retail,2019,BBB,BBB,0,0,0,0,4,4,0,unchanged
I00899,Telecom,2019,BB,BB,0,0,0,0,3,3,0,unchanged
I00900,Industrials,2019,B,B,0,0,0,0,2,2,0,unchanged
I00901,Energy,2019,B,BB,1,0,0,-1,2,3,1,upgrade
I00902,Healthcare,2019,BBB,BBB,0,0,0,0,4,4,0,unchanged
I00903,Consumer,2019,BBB,BBB,0,0,0,0,4,4,0,unchanged
I00904,Technology,2019,CCC,D,0,0,1,1,1,0,-1,default
I00905,Technology,2019,B,B,0,0,0,0,2,2,0,unchanged
I00906,Financials,2019,BB,BB,0,0,0,0,3,3,0,unchanged
I00907,Healthcare,2019,BB,BB,0,0,0,0,3,3,0,unchanged
I00908,Financials,2019,BBB,BBB,0,0,0,0,4,4,0,unchanged
I00909,Telecom,2019,BB,BB,0,0,0,0,3,3,0,unchanged
I00910,Energy,2019,B,B,0,0,0,0,2,2,0,unchanged
I00911,Retail,2019,AA,AA,0,0,0,0,6,6,0,unchanged
I00912,Real_Estate,2019,B,BB,1,0,0,-1,2,3,1,upgrade
I00913,Industrials,2019,BB,BB,0,0,0,0,3,3,0,unchanged
I00914,Telecom,2019,BB,BB,0,0,0,0,3,3,0,unchanged
I00915,Technology,2019,AA,AA,0,0,0,0,6,6,0,unchanged
I00916,Energy,2019,A,A,0,0,0,0,5,5,0,unchanged
I00917,Industrials,2019,A,A,0,0,0,0,5,5,0,unchanged
I00918,Energy,2019,BB,BB,0,0,0,0,3,3,0,unchanged
I00920,Energy,2019,BBB,BBB,0,0,0,0,4,4,0,unchanged
I00921,Financials,2019,AA,AA,0,0,0,0,6,6,0,unchanged
I00922,Telecom,2019,A,A,0,0,0,0,5,5,0,unchanged
I00923,Consumer,2019,BB,B,0,1,0,1,3,2,-1,downgrade
I00924,Healthcare,2019,BBB,BBB,0,0,0,0,4,4,0,unchanged
I00925,Utilities,2019,AA,AA,0,0,0,0,6,6,0,unchanged
I00926,Utilities,2019,CCC,CCC,0,0,0,0,1,1,0,unchanged
I00927,Energy,2019,BBB,BBB,0,0,0,0,4,4,0,unchanged
I00928,Consumer,2019,A,A,0,0,0,0,5,5,0,unchanged
I00929,Industrials,2019,B,B,0,0,0,0,2,2,0,unchanged
I00930,Real_Estate,2019,A,A,0,0,0,0,5,5,0,unchanged
I00931,Technology,2019,BB,BB,0,0,0,0,3,3,0,unchanged
I00932,Real_Estate,2019,AA,AA,0,0,0,0,6,6,0,unchanged
I00933,Telecom,2019,BBB,BBB,0,0,0,0,4,4,0,unchanged
I00934,Telecom,2019,BBB,BBB,0,0,0,0,4,4,0,unchanged
I00935,Technology,2019,B,B,0,0,0,0,2,2,0,unchanged
I00936,Energy,2019,BB,BB,0,0,0,0,3,3,0,unchanged
I00937,Industrials,2019,BBB,BBB,0,0,0,0,4,4,0,unchanged
I00938,Telecom,2019,B,B,0,0,0,0,2,2,0,unchanged
I00939,Technology,2019,A,A,0,0,0,0,5,5,0,unchanged
I00940,Financials,2019,AA,AA,0,0,0,0,6,6,0,unchanged
I00942,Technology,2019,B,B,0,0,0,0,2,2,0,unchanged
I00943,Real_Estate,2019,BB,BB,0,0,0,0,3,3,0,unchanged
I00944,Healthcare,2019,CCC,CCC,0,0,0,0,1,1,0,unchanged
I00945,Industrials,2019,A,A,0,0,0,0,5,5,0,unchanged
I00946,Utilities,2019,BB,BBB,1,0,0,-1,3,4,1,upgrade
I00947,Telecom,2019,BBB,BB,0,1,0,1,4,3,-1,downgrade
I00948,Technology,2019,BB,BB,0,0,0,0,3,3,0,unchanged
I00949,Financials,2019,BBB,BBB,0,0,0,0,4,4,0,unchanged
I00950,Telecom,2019,B,B,0,0,0,0,2,2,0,unchanged
I00951,Real_Estate,2019,A,A,0,0,0,0,5,5,0,unchanged
I00952,Technology,2019,CCC,BBB,1,0,0,-3,1,4,3,upgrade
I00953,Real_Estate,2019,B,B,0,0,0,0,2,2,0,unchanged
I00954,Healthcare,2019,A,AA,1,0,0,-1,5,6,1,upgrade
I00955,Real_Estate,2019,BBB,BBB,0,0,0,0,4,4,0,unchanged
I00956,Consumer,2019,BB,BB,0,0,0,0,3,3,0,unchanged
I00957,Healthcare,2019,A,A,0,0,0,0,5,5,0,unchanged
I00958,Healthcare,2019,BBB,BBB,0,0,0,0,4,4,0,unchanged
I00959,Utilities,2019,BBB,A,1,0,0,-1,4,5,1,upgrade
I00960,Industrials,2019,B,B,0,0,0,0,2,2,0,unchanged
I00961,Telecom,2019,BB,BB,0,0,0,0,3,3,0,unchanged
I00962,Healthcare,2019,AA,AA,0,0,0,0,6,6,0,unchanged
I00963,Utilities,2019,BBB,BBB,0,0,0,0,4,4,0,unchanged
I00964,Financials,2019,BBB,BBB,0,0,0,0,4,4,0,unchanged
I00965,Consumer,2019,BB,BBB,1,0,0,-1,3,4,1,upgrade
I00966,Healthcare,2019,BBB,BBB,0,0,0,0,4,4,0,unchanged
I00967,Retail,2019,B,B,0,0,0,0,2,2,0,unchanged
I00968,Healthcare,2019,A,A,0,0,0,0,5,5,0,unchanged
I00970,Real_Estate,2019,BBB,BBB,0,0,0,0,4,4,0,unchanged
I00972,Utilities,2019,B,B,0,0,0,0,2,2,0,unchanged
I00973,Energy,2019,A,AA,1,0,0,-1,5,6,1,upgrade
I00974,Healthcare,2019,BBB,BBB,0,0,0,0,4,4,0,unchanged
I00975,Real_Estate,2019,BBB,BBB,0,0,0,0,4,4,0,unchanged
I00976,Consumer,2019,CCC,CCC,0,0,0,0,1,1,0,unchanged
I00977,Industrials,2019,AA,AA,0,0,0,0,6,6,0,unchanged
I00978,Utilities,2019,BBB,BBB,0,0,0,0,4,4,0,unchanged
I00979,Retail,2019,CCC,CCC,0,0,0,0,1,1,0,unchanged
I00980,Financials,2019,AA,AA,0,0,0,0,6,6,0,unchanged
I00981,Financials,2019,B,B,0,0,0,0,2,2,0,unchanged
I00982,Telecom,2019,BBB,BBB,0,0,0,0,4,4,0,unchanged
I00983,Industrials,2019,BBB,BBB,0,0,0,0,4,4,0,unchanged
I00984,Consumer,2019,AA,AA,0,0,0,0,6,6,0,unchanged
I00985,Energy,2019,A,A,0,0,0,0,5,5,0,unchanged
I00986,Industrials,2019,BBB,BBB,0,0,0,0,4,4,0,unchanged
I00987,Healthcare,2019,BB,BB,0,0,0,0,3,3,0,unchanged
I00988,Real_Estate,2019,B,B,0,0,0,0,2,2,0,unchanged
I00989,Industrials,2019,BBB,BBB,0,0,0,0,4,4,0,unchanged
I00990,Energy,2019,AA,AA,0,0,0,0,6,6,0,unchanged
I00993,Retail,2019,BBB,BBB,0,0,0,0,4,4,0,unchanged
I00995,Utilities,2019,B,B,0,0,0,0,2,2,0,unchanged
I00996,Real_Estate,2019,B,B,0,0,0,0,2,2,0,unchanged
I00997,Energy,2019,AAA,AAA,0,0,0,0,7,7,0,unchanged
I00998,Healthcare,2019,BBB,BBB,0,0,0,0,4,4,0,unchanged
I01000,Retail,2019,B,B,0,0,0,0,2,2,0,unchanged
I01001,Telecom,2019,BB,BB,0,0,0,0,3,3,0,unchanged
I01004,Financials,2019,A,A,0,0,0,0,5,5,0,unchanged
I01005,Industrials,2019,CCC,CCC,0,0,0,0,1,1,0,unchanged
I01007,Technology,2019,B,B,0,0,0,0,2,2,0,unchanged
I01008,Retail,2019,B,B,0,0,0,0,2,2,0,unchanged
I01009,Consumer,2019,A,A,0,0,0,0,5,5,0,unchanged
I01010,Energy,2019,BBB,BBB,0,0,0,0,4,4,0,unchanged
I01011,Energy,2019,AA,A,0,1,0,1,6,5,-1,downgrade
I01012,Consumer,2019,B,B,0,0,0,0,2,2,0,unchanged
I01013,Technology,2019,BBB,A,1,0,0,-1,4,5,1,upgrade
I01014,Healthcare,2019,BBB,BBB,0,0,0,0,4,4,0,unchanged
I01015,Energy,2019,A,A,0,0,0,0,5,5,0,unchanged
I01016,Consumer,2019,AA,AA,0,0,0,0,6,6,0,unchanged
I01017,Retail,2019,BBB,BBB,0,0,0,0,4,4,0,unchanged
I01018,Healthcare,2019,AA,AA,0,0,0,0,6,6,0,unchanged
I01020,Financials,2019,BBB,BBB,0,0,0,0,4,4,0,unchanged
I01021,Utilities,2019,A,A,0,0,0,0,5,5,0,unchanged
I01022,Utilities,2019,BB,BB,0,0,0,0,3,3,0,unchanged
I01023,Healthcare,2019,BBB,BBB,0,0,0,0,4,4,0,unchanged
I01024,Technology,2019,A,A,0,0,0,0,5,5,0,unchanged
I01025,Utilities,2019,B,B,0,0,0,0,2,2,0,unchanged
I01027,Real_Estate,2019,AA,AA,0,0,0,0,6,6,0,unchanged
I01028,Energy,2019,CCC,CCC,0,0,0,0,1,1,0,unchanged
I01029,Utilities,2019,A,A,0,0,0,0,5,5,0,unchanged
I01030,Technology,2019,B,BB,1,0,0,-1,2,3,1,upgrade
I01031,Utilities,2019,BBB,BBB,0,0,0,0,4,4,0,unchanged
I01032,Financials,2019,BBB,BBB,0,0,0,0,4,4,0,unchanged
I01034,Energy,2019,BBB,BBB,0,0,0,0,4,4,0,unchanged
I01035,Technology,2019,B,B,0,0,0,0,2,2,0,unchanged
I01036,Telecom,2019,BB,BB,0,0,0,0,3,3,0,unchanged
I01038,Real_Estate,2019,AA,AA,0,0,0,0,6,6,0,unchanged
I01039,Energy,2019,BBB,BBB,0,0,0,0,4,4,0,unchanged
I01040,Telecom,2019,AAA,AAA,0,0,0,0,7,7,0,unchanged
I01041,Telecom,2019,BBB,BBB,0,0,0,0,4,4,0,unchanged
I01042,Utilities,2019,AA,AA,0,0,0,0,6,6,0,unchanged
I01043,Retail,2019,BB,BB,0,0,0,0,3,3,0,unchanged
I01044,Telecom,2019,A,A,0,0,0,0,5,5,0,unchanged
I01045,Technology,2019,B,B,0,0,0,0,2,2,0,unchanged
I01046,Financials,2019,B,B,0,0,0,0,2,2,0,unchanged
I01047,Consumer,2019,A,A,0,0,0,0,5,5,0,unchanged
I01048,Retail,2019,B,B,0,0,0,0,2,2,0,unchanged
I01049,Retail,2019,A,A,0,0,0,0,5,5,0,unchanged
I01050,Utilities,2019,BBB,BBB,0,0,0,0,4,4,0,unchanged
I01051,Retail,2019,BBB,BBB,0,0,0,0,4,4,0,unchanged
I01053,Retail,2019,BBB,BBB,0,0,0,0,4,4,0,unchanged
I01054,Energy,2019,AA,AA,0,0,0,0,6,6,0,unchanged
I01055,Energy,2019,AAA,AAA,0,0,0,0,7,7,0,unchanged
I01056,Telecom,2019,BB,BB,0,0,0,0,3,3,0,unchanged
I01057,Energy,2019,BB,BB,0,0,0,0,3,3,0,unchanged
I01058,Retail,2019,BB,BB,0,0,0,0,3,3,0,unchanged
I01059,Retail,2019,BBB,BBB,0,0,0,0,4,4,0,unchanged
I01060,Financials,2019,BB,B,0,1,0,1,3,2,-1,downgrade
I01061,Industrials,2019,BBB,BBB,0,0,0,0,4,4,0,unchanged
I01062,Energy,2019,BBB,BBB,0,0,0,0,4,4,0,unchanged
I01063,Consumer,2019,BB,BB,0,0,0,0,3,3,0,unchanged
I01064,Utilities,2019,B,B,0,0,0,0,2,2,0,unchanged
I01065,Healthcare,2019,B,B,0,0,0,0,2,2,0,unchanged
I01066,Consumer,2019,A,A,0,0,0,0,5,5,0,unchanged
I01067,Healthcare,2019,BB,BB,0,0,0,0,3,3,0,unchanged
I01068,Real_Estate,2019,CCC,D,0,0,1,1,1,0,-1,default
I01069,Telecom,2019,A,A,0,0,0,0,5,5,0,unchanged
I01070,Telecom,2019,BBB,A,1,0,0,-1,4,5,1,upgrade
I01071,Retail,2019,BBB,BBB,0,0,0,0,4,4,0,unchanged
I01072,Technology,2019,BBB,BBB,0,0,0,0,4,4,0,unchanged
I01073,Real_Estate,2019,BBB,BBB,0,0,0,0,4,4,0,unchanged
I01074,Industrials,2019,AAA,AAA,0,0,0,0,7,7,0,unchanged
I01075,Energy,2019,BBB,BBB,0,0,0,0,4,4,0,unchanged
I01076,Industrials,2019,BB,B,0,1,0,1,3,2,-1,downgrade
I01077,Technology,2019,BB,BB,0,0,0,0,3,3,0,unchanged
I01078,Telecom,2019,CCC,CCC,0,0,0,0,1,1,0,unchanged
I01079,Healthcare,2019,BB,BB,0,0,0,0,3,3,0,unchanged
I01080,Technology,2019,BB,BB,0,0,0,0,3,3,0,unchanged
I01081,Healthcare,2019,BBB,BBB,0,0,0,0,4,4,0,unchanged
I01082,Technology,2019,A,A,0,0,0,0,5,5,0,unchanged
I01083,Healthcare,2019,A,A,0,0,0,0,5,5,0,unchanged
I01084,Retail,2019,BBB,BBB,0,0,0,0,4,4,0,unchanged
I01085,Consumer,2019,BBB,BBB,0,0,0,0,4,4,0,unchanged
I01086,Industrials,2019,B,B,0,0,0,0,2,2,0,unchanged
I01087,Utilities,2019,B,B,0,0,0,0,2,2,0,unchanged
I01088,Real_Estate,2019,B,B,0,0,0,0,2,2,0,unchanged
I01089,Real_Estate,2019,B,B,0,0,0,0,2,2,0,unchanged
I01090,Financials,2019,BB,BB,0,0,0,0,3,3,0,unchanged
I01091,Consumer,2019,A,A,0,0,0,0,5,5,0,unchanged
I01092,Consumer,2019,B,BB,1,0,0,-1,2,3,1,upgrade
I01093,Real_Estate,2019,BBB,BBB,0,0,0,0,4,4,0,unchanged
I01094,Technology,2019,A,A,0,0,0,0,5,5,0,unchanged
I01095,Industrials,2019,AA,AA,0,0,0,0,6,6,0,unchanged
I01096,Real_Estate,2019,A,BBB,0,1,0,1,5,4,-1,downgrade
I01097,Healthcare,2019,BB,BB,0,0,0,0,3,3,0,unchanged
I01098,Telecom,2019,BBB,BBB,0,0,0,0,4,4,0,unchanged
I01099,Telecom,2019,A,A,0,0,0,0,5,5,0,unchanged
I01100,Retail,2019,A,A,0,0,0,0,5,5,0,unchanged
I01101,Industrials,2019,B,B,0,0,0,0,2,2,0,unchanged
I01102,Retail,2019,A,A,0,0,0,0,5,5,0,unchanged
I01103,Healthcare,2019,BB,BB,0,0,0,0,3,3,0,unchanged
I01104,Healthcare,2019,CCC,D,0,0,1,1,1,0,-1,default
I01105,Technology,2019,BBB,BBB,0,0,0,0,4,4,0,unchanged
I01106,Industrials,2019,BB,BB,0,0,0,0,3,3,0,unchanged
I01107,Consumer,2019,CCC,CCC,0,0,0,0,1,1,0,unchanged
I01108,Real_Estate,2019,B,B,0,0,0,0,2,2,0,unchanged
I01109,Industrials,2019,BBB,BBB,0,0,0,0,4,4,0,unchanged
I01110,Energy,2019,A,A,0,0,0,0,5,5,0,unchanged
I01111,Financials,2019,B,B,0,0,0,0,2,2,0,unchanged
I01112,Technology,2019,A,A,0,0,0,0,5,5,0,unchanged
I01113,Healthcare,2019,B,CCC,0,1,0,1,2,1,-1,downgrade
I01114,Industrials,2019,BB,BBB,1,0,0,-1,3,4,1,upgrade
I01115,Telecom,2019,BBB,BBB,0,0,0,0,4,4,0,unchanged
I01116,Real_Estate,2019,BB,BB,0,0,0,0,3,3,0,unchanged
I01117,Energy,2019,A,A,0,0,0,0,5,5,0,unchanged
I01118,Consumer,2019,BBB,BBB,0,0,0,0,4,4,0,unchanged
I01119,Retail,2019,B,B,0,0,0,0,2,2,0,unchanged
I01120,Real_Estate,2019,BBB,BBB,0,0,0,0,4,4,0,unchanged
I01121,Energy,2019,A,A,0,0,0,0,5,5,0,unchanged
I01122,Telecom,2019,B,B,0,0,0,0,2,2,0,unchanged
I01123,Technology,2019,B,B,0,0,0,0,2,2,0,unchanged
I01124,Energy,2019,BB,BBB,1,0,0,-1,3,4,1,upgrade
I01125,Financials,2019,A,A,0,0,0,0,5,5,0,unchanged
I01126,Financials,2019,BBB,BBB,0,0,0,0,4,4,0,unchanged
I01127,Industrials,2019,B,BB,1,0,0,-1,2,3,1,upgrade
I01128,Technology,2019,BBB,BBB,0,0,0,0,4,4,0,unchanged
I01129,Retail,2019,BB,BB,0,0,0,0,3,3,0,unchanged
I01130,Healthcare,2019,BBB,BBB,0,0,0,0,4,4,0,unchanged
I01131,Energy,2019,CCC,CCC,0,0,0,0,1,1,0,unchanged
I01133,Industrials,2019,BBB,BBB,0,0,0,0,4,4,0,unchanged
I01134,Energy,2019,BBB,A,1,0,0,-1,4,5,1,upgrade
I01135,Energy,2019,BBB,BBB,0,0,0,0,4,4,0,unchanged
I01136,Energy,2019,BBB,BB,0,1,0,1,4,3,-1,downgrade
I01137,Telecom,2019,AA,AA,0,0,0,0,6,6,0,unchanged
I01138,Technology,2019,BBB,BBB,0,0,0,0,4,4,0,unchanged
I01139,Consumer,2019,BB,B,0,1,0,1,3,2,-1,downgrade
I01140,Technology,2019,CCC,CCC,0,0,0,0,1,1,0,unchanged
I01141,Financials,2019,BB,BB,0,0,0,0,3,3,0,unchanged
I01142,Financials,2019,BBB,BBB,0,0,0,0,4,4,0,unchanged
I01144,Real_Estate,2019,B,B,0,0,0,0,2,2,0,unchanged
I01145,Retail,2019,B,B,0,0,0,0,2,2,0,unchanged
I01146,Utilities,2019,BBB,BBB,0,0,0,0,4,4,0,unchanged
I01147,Energy,2019,BB,BB,0,0,0,0,3,3,0,unchanged
I01148,Technology,2019,B,D,0,0,1,2,2,0,-2,default
I01149,Utilities,2019,B,B,0,0,0,0,2,2,0,unchanged
I01151,Energy,2019,BB,BBB,1,0,0,-1,3,4,1,upgrade
I01152,Consumer,2019,BBB,BBB,0,0,0,0,4,4,0,unchanged
I01153,Technology,2019,A,A,0,0,0,0,5,5,0,unchanged
I01154,Financials,2019,BBB,BBB,0,0,0,0,4,4,0,unchanged
I01155,Financials,2019,BBB,BBB,0,0,0,0,4,4,0,unchanged
I01156,Energy,2019,A,A,0,0,0,0,5,5,0,unchanged
I01158,Energy,2019,B,B,0,0,0,0,2,2,0,unchanged
I01159,Energy,2019,A,A,0,0,0,0,5,5,0,unchanged
I01162,Industrials,2019,BBB,BBB,0,0,0,0,4,4,0,unchanged
I01163,Utilities,2019,B,B,0,0,0,0,2,2,0,unchanged
I01164,Retail,2019,AA,AA,0,0,0,0,6,6,0,unchanged
I01165,Real_Estate,2019,BBB,BBB,0,0,0,0,4,4,0,unchanged
I01166,Telecom,2019,B,BB,1,0,0,-1,2,3,1,upgrade
I01167,Retail,2019,A,A,0,0,0,0,5,5,0,unchanged
I01168,Energy,2019,AA,AA,0,0,0,0,6,6,0,unchanged
I01169,Energy,2019,B,B,0,0,0,0,2,2,0,unchanged
I01170,Utilities,2019,A,A,0,0,0,0,5,5,0,unchanged
I01171,Industrials,2019,A,A,0,0,0,0,5,5,0,unchanged
I01172,Industrials,2019,BBB,BBB,0,0,0,0,4,4,0,unchanged
I01173,Consumer,2019,B,B,0,0,0,0,2,2,0,unchanged
I01174,Utilities,2019,AA,AA,0,0,0,0,6,6,0,unchanged
I01175,Consumer,2019,A,BBB,0,1,0,1,5,4,-1,downgrade
I01176,Technology,2019,AAA,AAA,0,0,0,0,7,7,0,unchanged
I01177,Consumer,2019,BB,BB,0,0,0,0,3,3,0,unchanged
I01178,Financials,2019,A,A,0,0,0,0,5,5,0,unchanged
I01179,Financials,2019,AA,AA,0,0,0,0,6,6,0,unchanged
I01180,Financials,2019,BB,BB,0,0,0,0,3,3,0,unchanged
I01181,Real_Estate,2019,BB,BB,0,0,0,0,3,3,0,unchanged
I01182,Technology,2019,A,A,0,0,0,0,5,5,0,unchanged
I01183,Financials,2019,BB,BB,0,0,0,0,3,3,0,unchanged
I01184,Financials,2019,BBB,BBB,0,0,0,0,4,4,0,unchanged
I01185,Healthcare,2019,BBB,BBB,0,0,0,0,4,4,0,unchanged
I01186,Financials,2019,A,AA,1,0,0,-1,5,6,1,upgrade
I01188,Retail,2019,B,B,0,0,0,0,2,2,0,unchanged
I01189,Energy,2019,B,B,0,0,0,0,2,2,0,unchanged
I01190,Energy,2019,BB,BB,0,0,0,0,3,3,0,unchanged
I01191,Financials,2019,A,BB,0,1,0,2,5,3,-2,downgrade
I01193,Healthcare,2019,BB,BB,0,0,0,0,3,3,0,unchanged
I01194,Financials,2019,BB,BB,0,0,0,0,3,3,0,unchanged
I01196,Healthcare,2019,B,B,0,0,0,0,2,2,0,unchanged
I01197,Healthcare,2019,AAA,AAA,0,0,0,0,7,7,0,unchanged
I01198,Telecom,2019,B,B,0,0,0,0,2,2,0,unchanged
I01199,Healthcare,2019,A,A,0,0,0,0,5,5,0,unchanged
I01200,Consumer,2019,BB,B,0,1,0,1,3,2,-1,downgrade
I01201,Real_Estate,2019,A,A,0,0,0,0,5,5,0,unchanged
I01202,Utilities,2019,A,A,0,0,0,0,5,5,0,unchanged
I01204,Utilities,2019,BBB,BBB,0,0,0,0,4,4,0,unchanged
I01206,Retail,2019,AA,AA,0,0,0,0,6,6,0,unchanged
I01207,Healthcare,2019,A,BBB,0,1,0,1,5,4,-1,downgrade
I01208,Real_Estate,2019,BBB,BBB,0,0,0,0,4,4,0,unchanged
I01209,Industrials,2019,BB,BBB,1,0,0,-1,3,4,1,upgrade
I01210,Energy,2019,BBB,BBB,0,0,0,0,4,4,0,unchanged
I01211,Financials,2019,AA,AA,0,0,0,0,6,6,0,unchanged
I01212,Technology,2019,BB,BB,0,0,0,0,3,3,0,unchanged
I01213,Healthcare,2019,BBB,BBB,0,0,0,0,4,4,0,unchanged
I01214,Consumer,2019,BB,BB,0,0,0,0,3,3,0,unchanged
I01215,Healthcare,2019,BB,A,1,0,0,-2,3,5,2,upgrade
I01216,Energy,2019,BB,BB,0,0,0,0,3,3,0,unchanged
I01217,Healthcare,2019,BB,BB,0,0,0,0,3,3,0,unchanged
I01218,Energy,2019,BBB,BBB,0,0,0,0,4,4,0,unchanged
I01219,Energy,2019,BBB,BBB,0,0,0,0,4,4,0,unchanged
I01220,Healthcare,2019,A,A,0,0,0,0,5,5,0,unchanged
I01222,Technology,2019,A,A,0,0,0,0,5,5,0,unchanged
I01224,Industrials,2019,AAA,AAA,0,0,0,0,7,7,0,unchanged
I01225,Healthcare,2019,AA,AA,0,0,0,0,6,6,0,unchanged
I01226,Consumer,2019,BB,D,0,0,1,3,3,0,-3,default
I01227,Financials,2019,A,A,0,0,0,0,5,5,0,unchanged
I01228,Financials,2019,AAA,AAA,0,0,0,0,7,7,0,unchanged
I01229,Technology,2019,BB,BB,0,0,0,0,3,3,0,unchanged
I01230,Healthcare,2019,A,A,0,0,0,0,5,5,0,unchanged
I01231,Energy,2019,B,B,0,0,0,0,2,2,0,unchanged
I01233,Utilities,2019,BBB,BBB,0,0,0,0,4,4,0,unchanged
I01235,Real_Estate,2019,B,B,0,0,0,0,2,2,0,unchanged
I01236,Telecom,2019,BBB,BBB,0,0,0,0,4,4,0,unchanged
I01238,Retail,2019,A,A,0,0,0,0,5,5,0,unchanged
I01239,Energy,2019,B,B,0,0,0,0,2,2,0,unchanged
I01240,Energy,2019,B,B,0,0,0,0,2,2,0,unchanged
I01241,Healthcare,2019,BBB,BBB,0,0,0,0,4,4,0,unchanged
I01242,Retail,2019,BBB,BBB,0,0,0,0,4,4,0,unchanged
I01243,Consumer,2019,A,A,0,0,0,0,5,5,0,unchanged
I01244,Telecom,2019,B,B,0,0,0,0,2,2,0,unchanged
I01245,Retail,2019,A,A,0,0,0,0,5,5,0,unchanged
I01246,Retail,2019,B,B,0,0,0,0,2,2,0,unchanged
I01247,Retail,2019,AA,AA,0,0,0,0,6,6,0,unchanged
I01248,Healthcare,2019,BBB,BBB,0,0,0,0,4,4,0,unchanged
I01249,Energy,2019,B,B,0,0,0,0,2,2,0,unchanged
I01251,Utilities,2019,BBB,BBB,0,0,0,0,4,4,0,unchanged
I01252,Retail,2019,BB,BB,0,0,0,0,3,3,0,unchanged
I01253,Industrials,2019,AAA,AAA,0,0,0,0,7,7,0,unchanged
I01254,Telecom,2019,BBB,BBB,0,0,0,0,4,4,0,unchanged
I01255,Real_Estate,2019,BBB,BBB,0,0,0,0,4,4,0,unchanged
I01256,Retail,2019,A,A,0,0,0,0,5,5,0,unchanged
I01257,Energy,2019,A,A,0,0,0,0,5,5,0,unchanged
I01258,Industrials,2019,A,BBB,0,1,0,1,5,4,-1,downgrade
I01259,Energy,2019,BBB,BBB,0,0,0,0,4,4,0,unchanged
I01260,Industrials,2019,AAA,AAA,0,0,0,0,7,7,0,unchanged
I01261,Telecom,2019,BB,BB,0,0,0,0,3,3,0,unchanged
I01262,Industrials,2019,A,AA,1,0,0,-1,5,6,1,upgrade
I01263,Consumer,2019,B,BB,1,0,0,-1,2,3,1,upgrade
I01264,Energy,2019,B,B,0,0,0,0,2,2,0,unchanged
I01265,Telecom,2019,AA,AA,0,0,0,0,6,6,0,unchanged
I01266,Utilities,2019,AAA,AAA,0,0,0,0,7,7,0,unchanged
I01267,Real_Estate,2019,B,B,0,0,0,0,2,2,0,unchanged
I01268,Energy,2019,BB,BB,0,0,0,0,3,3,0,unchanged
I01269,Consumer,2019,B,B,0,0,0,0,2,2,0,unchanged
I01270,Energy,2019,AA,AA,0,0,0,0,6,6,0,unchanged
I01271,Healthcare,2019,A,A,0,0,0,0,5,5,0,unchanged
I01272,Telecom,2019,BBB,BBB,0,0,0,0,4,4,0,unchanged
I01273,Healthcare,2019,A,A,0,0,0,0,5,5,0,unchanged
I01274,Healthcare,2019,AA,AA,0,0,0,0,6,6,0,unchanged
I01275,Utilities,2019,AA,AA,0,0,0,0,6,6,0,unchanged
I01276,Utilities,2019,A,A,0,0,0,0,5,5,0,unchanged
I01277,Retail,2019,CCC,CCC,0,0,0,0,1,1,0,unchanged
I01278,Healthcare,2019,BB,BBB,1,0,0,-1,3,4,1,upgrade
I01279,Financials,2019,BBB,BBB,0,0,0,0,4,4,0,unchanged
I01280,Industrials,2019,B,B,0,0,0,0,2,2,0,unchanged
I01281,Healthcare,2019,AA,AA,0,0,0,0,6,6,0,unchanged
I01282,Retail,2019,BB,BB,0,0,0,0,3,3,0,unchanged
I01283,Telecom,2019,A,A,0,0,0,0,5,5,0,unchanged
I01285,Retail,2019,BB,BB,0,0,0,0,3,3,0,unchanged
I01286,Telecom,2019,A,BBB,0,1,0,1,5,4,-1,downgrade
I01287,Financials,2019,A,A,0,0,0,0,5,5,0,unchanged
I01288,Financials,2019,A,A,0,0,0,0,5,5,0,unchanged
I01289,Industrials,2019,A,A,0,0,0,0,5,5,0,unchanged
I01290,Retail,2019,B,D,0,0,1,2,2,0,-2,default
I01291,Financials,2019,A,A,0,0,0,0,5,5,0,unchanged
I01292,Utilities,2019,B,D,0,0,1,2,2,0,-2,default
I01294,Telecom,2019,B,B,0,0,0,0,2,2,0,unchanged
I01295,Healthcare,2019,A,A,0,0,0,0,5,5,0,unchanged
I01296,Telecom,2019,BB,BB,0,0,0,0,3,3,0,unchanged
I01297,Retail,2019,AA,AA,0,0,0,0,6,6,0,unchanged
I01298,Telecom,2019,A,A,0,0,0,0,5,5,0,unchanged
I01299,Healthcare,2019,AA,AA,0,0,0,0,6,6,0,unchanged
I01301,Telecom,2019,BB,BB,0,0,0,0,3,3,0,unchanged
I01302,Consumer,2019,B,BBB,1,0,0,-2,2,4,2,upgrade
I01303,Technology,2019,BBB,BB,0,1,0,1,4,3,-1,downgrade
I01304,Telecom,2019,BB,BB,0,0,0,0,3,3,0,unchanged
I01305,Retail,2019,B,CCC,0,1,0,1,2,1,-1,downgrade
I01306,Industrials,2019,BB,BB,0,0,0,0,3,3,0,unchanged
I01307,Real_Estate,2019,AA,AA,0,0,0,0,6,6,0,unchanged
I01308,Financials,2019,BB,BB,0,0,0,0,3,3,0,unchanged
I01309,Technology,2019,B,D,0,0,1,2,2,0,-2,default
I01310,Industrials,2019,BBB,BBB,0,0,0,0,4,4,0,unchanged
I01311,Telecom,2019,A,A,0,0,0,0,5,5,0,unchanged
I01312,Consumer,2019,BBB,A,1,0,0,-1,4,5,1,upgrade
I01313,Consumer,2019,A,A,0,0,0,0,5,5,0,unchanged
I01314,Industrials,2019,BBB,BBB,0,0,0,0,4,4,0,unchanged
I01315,Energy,2019,BBB,BBB,0,0,0,0,4,4,0,unchanged
I01316,Financials,2019,B,B,0,0,0,0,2,2,0,unchanged
I01317,Consumer,2019,B,B,0,0,0,0,2,2,0,unchanged
I01319,Retail,2019,B,B,0,0,0,0,2,2,0,unchanged
I01320,Healthcare,2019,BB,BB,0,0,0,0,3,3,0,unchanged
I01321,Healthcare,2019,AA,AA,0,0,0,0,6,6,0,unchanged
I01323,Consumer,2019,AA,AA,0,0,0,0,6,6,0,unchanged
I01324,Real_Estate,2019,A,A,0,0,0,0,5,5,0,unchanged
I01326,Retail,2019,BB,BBB,1,0,0,-1,3,4,1,upgrade
I01327,Utilities,2019,BBB,BBB,0,0,0,0,4,4,0,unchanged
I01328,Technology,2019,A,A,0,0,0,0,5,5,0,unchanged
I01329,Industrials,2019,BBB,BBB,0,0,0,0,4,4,0,unchanged
I01330,Telecom,2019,A,A,0,0,0,0,5,5,0,unchanged
I01331,Healthcare,2019,A,A,0,0,0,0,5,5,0,unchanged
I01333,Healthcare,2019,B,B,0,0,0,0,2,2,0,unchanged
I01334,Retail,2019,BB,BB,0,0,0,0,3,3,0,unchanged
I01335,Telecom,2019,A,A,0,0,0,0,5,5,0,unchanged
I01336,Real_Estate,2019,B,B,0,0,0,0,2,2,0,unchanged
I01337,Telecom,2019,AAA,AAA,0,0,0,0,7,7,0,unchanged
I01339,Industrials,2019,A,A,0,0,0,0,5,5,0,unchanged
I01340,Energy,2019,BB,BB,0,0,0,0,3,3,0,unchanged
I01342,Energy,2019,BBB,A,1,0,0,-1,4,5,1,upgrade
I01344,Telecom,2019,AAA,AAA,0,0,0,0,7,7,0,unchanged
I01345,Telecom,2019,BB,B,0,1,0,1,3,2,-1,downgrade
I01346,Consumer,2019,B,B,0,0,0,0,2,2,0,unchanged
I01347,Technology,2019,BB,BB,0,0,0,0,3,3,0,unchanged
I01348,Energy,2019,A,A,0,0,0,0,5,5,0,unchanged
I01349,Technology,2019,BBB,BBB,0,0,0,0,4,4,0,unchanged
I01350,Industrials,2019,BB,BB,0,0,0,0,3,3,0,unchanged
I01351,Financials,2019,BBB,BBB,0,0,0,0,4,4,0,unchanged
I01352,Real_Estate,2019,A,BBB,0,1,0,1,5,4,-1,downgrade
I01353,Healthcare,2019,A,A,0,0,0,0,5,5,0,unchanged
I01354,Telecom,2019,A,A,0,0,0,0,5,5,0,unchanged
I01356,Utilities,2019,A,A,0,0,0,0,5,5,0,unchanged
I01357,Financials,2019,BB,BB,0,0,0,0,3,3,0,unchanged
I01358,Technology,2019,BBB,BBB,0,0,0,0,4,4,0,unchanged
I01360,Healthcare,2019,CCC,CCC,0,0,0,0,1,1,0,unchanged
I01362,Energy,2019,A,A,0,0,0,0,5,5,0,unchanged
I01363,Financials,2019,BBB,BBB,0,0,0,0,4,4,0,unchanged
I01364,Real_Estate,2019,AA,AA,0,0,0,0,6,6,0,unchanged
I01365,Financials,2019,BB,BB,0,0,0,0,3,3,0,unchanged
I01366,Consumer,2019,BB,B,0,1,0,1,3,2,-1,downgrade
I01367,Energy,2019,CCC,D,0,0,1,1,1,0,-1,default
I01368,Retail,2019,BBB,BBB,0,0,0,0,4,4,0,unchanged
I01369,Healthcare,2019,BB,BB,0,0,0,0,3,3,0,unchanged
I01370,Energy,2019,B,B,0,0,0,0,2,2,0,unchanged
I01372,Utilities,2019,A,BBB,0,1,0,1,5,4,-1,downgrade
I01374,Technology,2019,A,A,0,0,0,0,5,5,0,unchanged
I01375,Utilities,2019,BBB,BBB,0,0,0,0,4,4,0,unchanged
I01376,Real_Estate,2019,BBB,BBB,0,0,0,0,4,4,0,unchanged
I01377,Industrials,2019,AA,AA,0,0,0,0,6,6,0,unchanged
I01379,Retail,2019,A,A,0,0,0,0,5,5,0,unchanged
I01380,Energy,2019,BB,BB,0,0,0,0,3,3,0,unchanged
I01381,Healthcare,2019,B,B,0,0,0,0,2,2,0,unchanged
I01382,Industrials,2019,A,A,0,0,0,0,5,5,0,unchanged
I01383,Consumer,2019,BBB,BBB,0,0,0,0,4,4,0,unchanged
I01384,Energy,2019,AA,AA,0,0,0,0,6,6,0,unchanged
I01385,Technology,2019,BB,B,0,1,0,1,3,2,-1,downgrade
I01386,Healthcare,2019,BB,BBB,1,0,0,-1,3,4,1,upgrade
I01387,Retail,2019,BB,BBB,1,0,0,-1,3,4,1,upgrade
I01388,Telecom,2019,A,A,0,0,0,0,5,5,0,unchanged
I01390,Real_Estate,2019,BB,BB,0,0,0,0,3,3,0,unchanged
I01391,Technology,2019,BB,BB,0,0,0,0,3,3,0,unchanged
I01392,Real_Estate,2019,AAA,AAA,0,0,0,0,7,7,0,unchanged
I01393,Industrials,2019,A,A,0,0,0,0,5,5,0,unchanged
I01394,Industrials,2019,BBB,BBB,0,0,0,0,4,4,0,unchanged
I01395,Telecom,2019,A,A,0,0,0,0,5,5,0,unchanged
I01396,Financials,2019,A,A,0,0,0,0,5,5,0,unchanged
I01397,Healthcare,2019,BB,BB,0,0,0,0,3,3,0,unchanged
I01398,Telecom,2019,BBB,BBB,0,0,0,0,4,4,0,unchanged
I01399,Real_Estate,2019,AA,AA,0,0,0,0,6,6,0,unchanged
I01400,Retail,2019,AAA,AAA,0,0,0,0,7,7,0,unchanged
I01401,Technology,2019,BBB,BBB,0,0,0,0,4,4,0,unchanged
I01402,Industrials,2019,BBB,BBB,0,0,0,0,4,4,0,unchanged
I01403,Telecom,2019,AA,AA,0,0,0,0,6,6,0,unchanged
I01404,Industrials,2019,A,A,0,0,0,0,5,5,0,unchanged
I01405,Utilities,2019,BB,BB,0,0,0,0,3,3,0,unchanged
I01406,Real_Estate,2019,B,B,0,0,0,0,2,2,0,unchanged
I01407,Financials,2019,BB,B,0,1,0,1,3,2,-1,downgrade
I01408,Healthcare,2019,B,D,0,0,1,2,2,0,-2,default
I01409,Industrials,2019,BB,BB,0,0,0,0,3,3,0,unchanged
I01410,Technology,2019,A,A,0,0,0,0,5,5,0,unchanged
I01411,Energy,2019,BBB,BBB,0,0,0,0,4,4,0,unchanged
I01412,Industrials,2019,BB,BB,0,0,0,0,3,3,0,unchanged
I01413,Real_Estate,2019,BB,BBB,1,0,0,-1,3,4,1,upgrade
I01414,Consumer,2019,BB,BB,0,0,0,0,3,3,0,unchanged
I01415,Technology,2019,BBB,BBB,0,0,0,0,4,4,0,unchanged
I01416,Healthcare,2019,BB,BB,0,0,0,0,3,3,0,unchanged
I01417,Healthcare,2019,A,A,0,0,0,0,5,5,0,unchanged
I01418,Technology,2019,BB,BB,0,0,0,0,3,3,0,unchanged
I01419,Financials,2019,AA,AA,0,0,0,0,6,6,0,unchanged
I01420,Real_Estate,2019,B,B,0,0,0,0,2,2,0,unchanged
I01421,Utilities,2019,BBB,BBB,0,0,0,0,4,4,0,unchanged
I01422,Real_Estate,2019,BBB,BBB,0,0,0,0,4,4,0,unchanged
I01423,Technology,2019,B,BB,1,0,0,-1,2,3,1,upgrade
I01424,Utilities,2019,AA,AA,0,0,0,0,6,6,0,unchanged
I01425,Telecom,2019,B,B,0,0,0,0,2,2,0,unchanged
I01426,Real_Estate,2019,BBB,BBB,0,0,0,0,4,4,0,unchanged
I01427,Utilities,2019,AA,AA,0,0,0,0,6,6,0,unchanged
I01428,Financials,2019,AA,AA,0,0,0,0,6,6,0,unchanged
I01431,Energy,2019,BB,BB,0,0,0,0,3,3,0,unchanged
I01432,Consumer,2019,AA,AA,0,0,0,0,6,6,0,unchanged
I01434,Healthcare,2019,BBB,BBB,0,0,0,0,4,4,0,unchanged
I01435,Industrials,2019,BB,BB,0,0,0,0,3,3,0,unchanged
I01436,Industrials,2019,BBB,BBB,0,0,0,0,4,4,0,unchanged
I01437,Healthcare,2019,BBB,BBB,0,0,0,0,4,4,0,unchanged
I01438,Technology,2019,A,A,0,0,0,0,5,5,0,unchanged
I01439,Energy,2019,AA,AA,0,0,0,0,6,6,0,unchanged
I01440,Telecom,2019,BBB,BBB,0,0,0,0,4,4,0,unchanged
I01441,Energy,2019,A,A,0,0,0,0,5,5,0,unchanged
I01442,Energy,2019,B,B,0,0,0,0,2,2,0,unchanged
I01443,Utilities,2019,A,A,0,0,0,0,5,5,0,unchanged
I01444,Real_Estate,2019,BBB,BBB,0,0,0,0,4,4,0,unchanged
I01446,Healthcare,2019,BB,BB,0,0,0,0,3,3,0,unchanged
I01447,Technology,2019,AA,AA,0,0,0,0,6,6,0,unchanged
I01448,Retail,2019,BBB,BB,0,1,0,1,4,3,-1,downgrade
I01450,Real_Estate,2019,B,B,0,0,0,0,2,2,0,unchanged
I01451,Telecom,2019,CCC,CCC,0,0,0,0,1,1,0,unchanged
I01452,Energy,2019,BB,BB,0,0,0,0,3,3,0,unchanged
I01453,Consumer,2019,A,A,0,0,0,0,5,5,0,unchanged
I01454,Real_Estate,2019,B,B,0,0,0,0,2,2,0,unchanged
I01455,Technology,2019,BBB,BBB,0,0,0,0,4,4,0,unchanged
I01456,Telecom,2019,BBB,BBB,0,0,0,0,4,4,0,unchanged
I01457,Industrials,2019,B,B,0,0,0,0,2,2,0,unchanged
I01458,Healthcare,2019,BB,BBB,1,0,0,-1,3,4,1,upgrade
I01459,Industrials,2019,A,A,0,0,0,0,5,5,0,unchanged
I01461,Retail,2019,BB,BBB,1,0,0,-1,3,4,1,upgrade
I01462,Consumer,2019,BB,BB,0,0,0,0,3,3,0,unchanged
I01463,Real_Estate,2019,BB,B,0,1,0,1,3,2,-1,downgrade
I01464,Consumer,2019,B,B,0,0,0,0,2,2,0,unchanged
I01465,Consumer,2019,AA,AA,0,0,0,0,6,6,0,unchanged
I01466,Real_Estate,2019,BBB,BBB,0,0,0,0,4,4,0,unchanged
I01467,Retail,2019,B,B,0,0,0,0,2,2,0,unchanged
I01468,Retail,2019,B,B,0,0,0,0,2,2,0,unchanged
I01469,Utilities,2019,CCC,B,1,0,0,-1,1,2,1,upgrade
I01470,Real_Estate,2019,A,A,0,0,0,0,5,5,0,unchanged
I01471,Energy,2019,A,A,0,0,0,0,5,5,0,unchanged
I01472,Telecom,2019,BBB,BBB,0,0,0,0,4,4,0,unchanged
I01473,Financials,2019,A,A,0,0,0,0,5,5,0,unchanged
I01474,Healthcare,2019,BB,BB,0,0,0,0,3,3,0,unchanged
I01475,Retail,2019,A,A,0,0,0,0,5,5,0,unchanged
I01476,Retail,2019,A,A,0,0,0,0,5,5,0,unchanged
I01478,Retail,2019,CCC,D,0,0,1,1,1,0,-1,default
I01479,Energy,2019,B,B,0,0,0,0,2,2,0,unchanged
I01480,Telecom,2019,A,A,0,0,0,0,5,5,0,unchanged
I01481,Energy,2019,BB,B,0,1,0,1,3,2,-1,downgrade
I01482,Industrials,2019,BBB,BBB,0,0,0,0,4,4,0,unchanged
I01483,Technology,2019,B,CCC,0,1,0,1,2,1,-1,downgrade
I01484,Telecom,2019,BB,BB,0,0,0,0,3,3,0,unchanged
I01485,Utilities,2019,B,B,0,0,0,0,2,2,0,unchanged
I01486,Industrials,2019,BBB,BBB,0,0,0,0,4,4,0,unchanged
I01487,Energy,2019,A,A,0,0,0,0,5,5,0,unchanged
I01488,Industrials,2019,A,A,0,0,0,0,5,5,0,unchanged
I01489,Industrials,2019,BBB,CCC,0,1,0,3,4,1,-3,downgrade
I01490,Energy,2019,A,BBB,0,1,0,1,5,4,-1,downgrade
I01491,Real_Estate,2019,BBB,BBB,0,0,0,0,4,4,0,unchanged
I01492,Real_Estate,2019,B,CCC,0,1,0,1,2,1,-1,downgrade
I01493,Telecom,2019,A,A,0,0,0,0,5,5,0,unchanged
I01494,Financials,2019,BBB,BBB,0,0,0,0,4,4,0,unchanged
I01495,Financials,2019,AA,AA,0,0,0,0,6,6,0,unchanged
I01496,Healthcare,2019,A,A,0,0,0,0,5,5,0,unchanged
I01497,Healthcare,2019,A,A,0,0,0,0,5,5,0,unchanged
I01498,Real_Estate,2019,BBB,BBB,0,0,0,0,4,4,0,unchanged
I01499,Healthcare,2019,BB,BB,0,0,0,0,3,3,0,unchanged
I01500,Financials,2019,BBB,BBB,0,0,0,0,4,4,0,unchanged
I01501,Telecom,2019,BB,BBB,1,0,0,-1,3,4,1,upgrade
I01502,Retail,2019,BBB,BBB,0,0,0,0,4,4,0,unchanged
I01503,Healthcare,2019,A,A,0,0,0,0,5,5,0,unchanged
I01504,Healthcare,2019,BB,B,0,1,0,1,3,2,-1,downgrade
I01505,Real_Estate,2019,B,B,0,0,0,0,2,2,0,unchanged
I01506,Financials,2019,BBB,BBB,0,0,0,0,4,4,0,unchanged
I01507,Telecom,2019,BBB,A,1,0,0,-1,4,5,1,upgrade
I01508,Consumer,2019,BBB,A,1,0,0,-1,4,5,1,upgrade
I01509,Financials,2019,A,A,0,0,0,0,5,5,0,unchanged
I01510,Telecom,2019,A,A,0,0,0,0,5,5,0,unchanged
I01511,Utilities,2019,CCC,CCC,0,0,0,0,1,1,0,unchanged
I01512,Utilities,2019,BB,BB,0,0,0,0,3,3,0,unchanged
I01513,Telecom,2019,BBB,BBB,0,0,0,0,4,4,0,unchanged
I01514,Industrials,2019,BBB,BBB,0,0,0,0,4,4,0,unchanged
I01515,Healthcare,2019,BBB,BBB,0,0,0,0,4,4,0,unchanged
I01516,Industrials,2019,BBB,A,1,0,0,-1,4,5,1,upgrade
I01517,Healthcare,2019,BB,BB,0,0,0,0,3,3,0,unchanged
I01518,Energy,2019,B,B,0,0,0,0,2,2,0,unchanged
I01519,Real_Estate,2019,BB,BB,0,0,0,0,3,3,0,unchanged
I01520,Utilities,2019,CCC,CCC,0,0,0,0,1,1,0,unchanged
I01521,Technology,2019,A,A,0,0,0,0,5,5,0,unchanged
I01522,Technology,2019,BBB,BBB,0,0,0,0,4,4,0,unchanged
I01523,Industrials,2019,B,B,0,0,0,0,2,2,0,unchanged
I01524,Telecom,2019,A,A,0,0,0,0,5,5,0,unchanged
I01525,Utilities,2019,B,B,0,0,0,0,2,2,0,unchanged
I01526,Financials,2019,A,A,0,0,0,0,5,5,0,unchanged
I01527,Real_Estate,2019,BB,BB,0,0,0,0,3,3,0,unchanged
I01528,Utilities,2019,AA,AA,0,0,0,0,6,6,0,unchanged
I01529,Telecom,2019,BBB,BB,0,1,0,1,4,3,-1,downgrade
I01530,Healthcare,2019,A,A,0,0,0,0,5,5,0,unchanged
I01531,Telecom,2019,B,B,0,0,0,0,2,2,0,unchanged
I01533,Financials,2019,A,A,0,0,0,0,5,5,0,unchanged
I01534,Energy,2019,BB,B,0,1,0,1,3,2,-1,downgrade
I01535,Utilities,2019,BB,CCC,0,1,0,2,3,1,-2,downgrade
I01537,Healthcare,2019,A,A,0,0,0,0,5,5,0,unchanged
I01538,Energy,2019,A,A,0,0,0,0,5,5,0,unchanged
I01539,Consumer,2019,B,B,0,0,0,0,2,2,0,unchanged
I01540,Consumer,2019,BBB,BBB,0,0,0,0,4,4,0,unchanged
I01541,Consumer,2019,BBB,A,1,0,0,-1,4,5,1,upgrade
I01542,Financials,2019,BBB,BBB,0,0,0,0,4,4,0,unchanged
I01543,Industrials,2019,BB,BB,0,0,0,0,3,3,0,unchanged
I01544,Consumer,2019,B,B,0,0,0,0,2,2,0,unchanged
I01545,Healthcare,2019,AAA,AAA,0,0,0,0,7,7,0,unchanged
I01547,Utilities,2019,BBB,BBB,0,0,0,0,4,4,0,unchanged
I01548,Industrials,2019,B,B,0,0,0,0,2,2,0,unchanged
I01549,Consumer,2019,BBB,BBB,0,0,0,0,4,4,0,unchanged
I01551,Technology,2019,A,A,0,0,0,0,5,5,0,unchanged
I01552,Financials,2019,AA,AA,0,0,0,0,6,6,0,unchanged
I01553,Telecom,2019,BBB,BBB,0,0,0,0,4,4,0,unchanged
I01556,Healthcare,2019,BBB,BBB,0,0,0,0,4,4,0,unchanged
I01557,Real_Estate,2019,A,A,0,0,0,0,5,5,0,unchanged
I01558,Technology,2019,A,A,0,0,0,0,5,5,0,unchanged
I01559,Energy,2019,B,B,0,0,0,0,2,2,0,unchanged
I01561,Utilities,2019,B,B,0,0,0,0,2,2,0,unchanged
I01562,Industrials,2019,BBB,BBB,0,0,0,0,4,4,0,unchanged
I01563,Technology,2019,BB,BB,0,0,0,0,3,3,0,unchanged
I01564,Real_Estate,2019,BB,B,0,1,0,1,3,2,-1,downgrade
I01565,Retail,2019,A,A,0,0,0,0,5,5,0,unchanged
I01566,Financials,2019,B,B,0,0,0,0,2,2,0,unchanged
I01567,Energy,2019,BB,BB,0,0,0,0,3,3,0,unchanged
I01568,Technology,2019,BBB,BBB,0,0,0,0,4,4,0,unchanged
I01569,Consumer,2019,AAA,AAA,0,0,0,0,7,7,0,unchanged
I01571,Consumer,2019,BB,BB,0,0,0,0,3,3,0,unchanged
I01572,Utilities,2019,BBB,BBB,0,0,0,0,4,4,0,unchanged
I01573,Retail,2019,AA,AA,0,0,0,0,6,6,0,unchanged
I01575,Utilities,2019,A,A,0,0,0,0,5,5,0,unchanged
I01577,Financials,2019,CCC,B,1,0,0,-1,1,2,1,upgrade
I01578,Industrials,2019,BB,BB,0,0,0,0,3,3,0,unchanged
I01579,Industrials,2019,AA,AA,0,0,0,0,6,6,0,unchanged
I01580,Financials,2019,A,A,0,0,0,0,5,5,0,unchanged
I01581,Financials,2019,BB,BB,0,0,0,0,3,3,0,unchanged
I01582,Utilities,2019,AAA,AAA,0,0,0,0,7,7,0,unchanged
I01583,Industrials,2019,CCC,CCC,0,0,0,0,1,1,0,unchanged
I01584,Technology,2019,BB,BB,0,0,0,0,3,3,0,unchanged
I01585,Financials,2019,CCC,CCC,0,0,0,0,1,1,0,unchanged
I01586,Utilities,2019,A,A,0,0,0,0,5,5,0,unchanged
I01587,Healthcare,2019,BBB,BBB,0,0,0,0,4,4,0,unchanged
I01588,Real_Estate,2019,CCC,CCC,0,0,0,0,1,1,0,unchanged
I01589,Telecom,2019,BBB,BBB,0,0,0,0,4,4,0,unchanged
I01590,Telecom,2019,A,A,0,0,0,0,5,5,0,unchanged
I01591,Financials,2019,BB,BB,0,0,0,0,3,3,0,unchanged
I01592,Technology,2019,BBB,BBB,0,0,0,0,4,4,0,unchanged
I01593,Utilities,2019,CCC,CCC,0,0,0,0,1,1,0,unchanged
I01594,Real_Estate,2019,B,B,0,0,0,0,2,2,0,unchanged
I01595,Energy,2019,BBB,BBB,0,0,0,0,4,4,0,unchanged
I01596,Consumer,2019,A,A,0,0,0,0,5,5,0,unchanged
I01597,Retail,2019,A,A,0,0,0,0,5,5,0,unchanged
I01598,Consumer,2019,BBB,BBB,0,0,0,0,4,4,0,unchanged
I01599,Industrials,2019,AA,AA,0,0,0,0,6,6,0,unchanged
I01601,Financials,2019,B,B,0,0,0,0,2,2,0,unchanged
I01602,Healthcare,2019,AAA,AAA,0,0,0,0,7,7,0,unchanged
I01603,Healthcare,2019,AAA,AAA,0,0,0,0,7,7,0,unchanged
I01604,Industrials,2019,BB,BB,0,0,0,0,3,3,0,unchanged
I01605,Energy,2019,A,A,0,0,0,0,5,5,0,unchanged
I01606,Technology,2019,A,A,0,0,0,0,5,5,0,unchanged
I01607,Utilities,2019,A,A,0,0,0,0,5,5,0,unchanged
I01608,Energy,2019,BBB,BBB,0,0,0,0,4,4,0,unchanged
I01609,Real_Estate,2019,B,B,0,0,0,0,2,2,0,unchanged
I01610,Industrials,2019,BBB,BBB,0,0,0,0,4,4,0,unchanged
I01611,Consumer,2019,CCC,CCC,0,0,0,0,1,1,0,unchanged
I01612,Industrials,2019,BB,BB,0,0,0,0,3,3,0,unchanged
I01613,Industrials,2019,B,B,0,0,0,0,2,2,0,unchanged
I01614,Technology,2019,B,B,0,0,0,0,2,2,0,unchanged
I01615,Consumer,2019,BBB,BBB,0,0,0,0,4,4,0,unchanged
I01616,Real_Estate,2019,BB,BBB,1,0,0,-1,3,4,1,upgrade
I01617,Industrials,2019,BB,BB,0,0,0,0,3,3,0,unchanged
I01619,Technology,2019,BBB,BBB,0,0,0,0,4,4,0,unchanged
I01620,Healthcare,2019,BBB,BBB,0,0,0,0,4,4,0,unchanged
I01621,Industrials,2019,BBB,BBB,0,0,0,0,4,4,0,unchanged
I01622,Financials,2019,CCC,CCC,0,0,0,0,1,1,0,unchanged
I01623,Energy,2019,A,A,0,0,0,0,5,5,0,unchanged
I01624,Energy,2019,BBB,BBB,0,0,0,0,4,4,0,unchanged
I01626,Energy,2019,CCC,CCC,0,0,0,0,1,1,0,unchanged
I01627,Financials,2019,AA,AA,0,0,0,0,6,6,0,unchanged
I01628,Real_Estate,2019,B,B,0,0,0,0,2,2,0,unchanged
I01629,Real_Estate,2019,AA,AA,0,0,0,0,6,6,0,unchanged
I01630,Telecom,2019,BBB,BBB,0,0,0,0,4,4,0,unchanged
I01631,Technology,2019,AAA,A,0,1,0,2,7,5,-2,downgrade
I01632,Healthcare,2019,BBB,A,1,0,0,-1,4,5,1,upgrade
I01633,Financials,2019,BBB,BBB,0,0,0,0,4,4,0,unchanged
I01634,Telecom,2019,BBB,A,1,0,0,-1,4,5,1,upgrade
I01635,Telecom,2019,B,B,0,0,0,0,2,2,0,unchanged
I01636,Technology,2019,BB,BB,0,0,0,0,3,3,0,unchanged
I01637,Financials,2019,BBB,BBB,0,0,0,0,4,4,0,unchanged
I01638,Utilities,2019,BBB,BBB,0,0,0,0,4,4,0,unchanged
I01639,Energy,2019,BBB,BBB,0,0,0,0,4,4,0,unchanged
I01640,Technology,2019,B,B,0,0,0,0,2,2,0,unchanged
I01641,Industrials,2019,BBB,BBB,0,0,0,0,4,4,0,unchanged
I01642,Consumer,2019,BBB,BBB,0,0,0,0,4,4,0,unchanged
I01643,Utilities,2019,BB,B,0,1,0,1,3,2,-1,downgrade
I01645,Industrials,2019,B,B,0,0,0,0,2,2,0,unchanged
I01646,Healthcare,2019,BBB,BB,0,1,0,1,4,3,-1,downgrade
I01648,Retail,2019,BB,BB,0,0,0,0,3,3,0,unchanged
I01649,Financials,2019,A,A,0,0,0,0,5,5,0,unchanged
I01650,Technology,2019,BBB,BBB,0,0,0,0,4,4,0,unchanged
I01651,Retail,2019,BB,BB,0,0,0,0,3,3,0,unchanged
I01652,Energy,2019,A,A,0,0,0,0,5,5,0,unchanged
I01653,Industrials,2019,BB,BBB,1,0,0,-1,3,4,1,upgrade
I01654,Retail,2019,B,B,0,0,0,0,2,2,0,unchanged
I01656,Healthcare,2019,BB,B,0,1,0,1,3,2,-1,downgrade
I01657,Retail,2019,B,BB,1,0,0,-1,2,3,1,upgrade
I01658,Energy,2019,B,B,0,0,0,0,2,2,0,unchanged
I01659,Technology,2019,A,A,0,0,0,0,5,5,0,unchanged
I01660,Industrials,2019,A,A,0,0,0,0,5,5,0,unchanged
I01661,Utilities,2019,BBB,BB,0,1,0,1,4,3,-1,downgrade
I01662,Industrials,2019,B,B,0,0,0,0,2,2,0,unchanged
I01663,Industrials,2019,B,B,0,0,0,0,2,2,0,unchanged
I01664,Telecom,2019,BBB,BBB,0,0,0,0,4,4,0,unchanged
I01665,Retail,2019,BBB,BBB,0,0,0,0,4,4,0,unchanged
I01666,Consumer,2019,BB,BB,0,0,0,0,3,3,0,unchanged
I01667,Healthcare,2019,A,A,0,0,0,0,5,5,0,unchanged
I01669,Real_Estate,2019,BBB,BB,0,1,0,1,4,3,-1,downgrade
I01670,Retail,2019,A,A,0,0,0,0,5,5,0,unchanged
I01671,Technology,2019,B,D,0,0,1,2,2,0,-2,default
I01672,Consumer,2019,A,A,0,0,0,0,5,5,0,unchanged
I01673,Real_Estate,2019,B,B,0,0,0,0,2,2,0,unchanged
I01674,Utilities,2019,A,A,0,0,0,0,5,5,0,unchanged
I01675,Retail,2019,BBB,BBB,0,0,0,0,4,4,0,unchanged
I01676,Telecom,2019,AA,AA,0,0,0,0,6,6,0,unchanged
I01677,Utilities,2019,BBB,BBB,0,0,0,0,4,4,0,unchanged
I01678,Real_Estate,2019,AAA,AAA,0,0,0,0,7,7,0,unchanged
I01679,Telecom,2019,BB,BB,0,0,0,0,3,3,0,unchanged
I01680,Financials,2019,BB,BB,0,0,0,0,3,3,0,unchanged
I01681,Healthcare,2019,AA,AA,0,0,0,0,6,6,0,unchanged
I01682,Real_Estate,2019,BB,B,0,1,0,1,3,2,-1,downgrade
I01683,Technology,2019,A,A,0,0,0,0,5,5,0,unchanged
I01684,Healthcare,2019,BB,BB,0,0,0,0,3,3,0,unchanged
I01685,Telecom,2019,AAA,AAA,0,0,0,0,7,7,0,unchanged
I01686,Utilities,2019,AA,AA,0,0,0,0,6,6,0,unchanged
I01687,Real_Estate,2019,A,A,0,0,0,0,5,5,0,unchanged
I01688,Energy,2019,A,A,0,0,0,0,5,5,0,unchanged
I01689,Retail,2019,A,A,0,0,0,0,5,5,0,unchanged
I01691,Consumer,2019,A,A,0,0,0,0,5,5,0,unchanged
I01692,Energy,2019,BBB,BBB,0,0,0,0,4,4,0,unchanged
I01693,Healthcare,2019,AA,AA,0,0,0,0,6,6,0,unchanged
I01694,Consumer,2019,BBB,A,1,0,0,-1,4,5,1,upgrade
I01695,Financials,2019,B,BB,1,0,0,-1,2,3,1,upgrade
I01696,Technology,2019,BBB,BBB,0,0,0,0,4,4,0,unchanged
I01697,Telecom,2019,BBB,BBB,0,0,0,0,4,4,0,unchanged
I01698,Energy,2019,BBB,BBB,0,0,0,0,4,4,0,unchanged
I01699,Retail,2019,A,A,0,0,0,0,5,5,0,unchanged
I01700,Industrials,2019,BBB,BBB,0,0,0,0,4,4,0,unchanged
I01701,Industrials,2019,A,A,0,0,0,0,5,5,0,unchanged
I01702,Technology,2019,B,B,0,0,0,0,2,2,0,unchanged
I01703,Energy,2019,CCC,CCC,0,0,0,0,1,1,0,unchanged
I01704,Industrials,2019,A,A,0,0,0,0,5,5,0,unchanged
I01705,Energy,2019,A,A,0,0,0,0,5,5,0,unchanged
I01706,Consumer,2019,BBB,BBB,0,0,0,0,4,4,0,unchanged
I01707,Retail,2019,A,A,0,0,0,0,5,5,0,unchanged
I01708,Consumer,2019,BBB,BB,0,1,0,1,4,3,-1,downgrade
I01709,Technology,2019,B,B,0,0,0,0,2,2,0,unchanged
I01710,Utilities,2019,AA,A,0,1,0,1,6,5,-1,downgrade
I01711,Telecom,2019,CCC,CCC,0,0,0,0,1,1,0,unchanged
I01712,Utilities,2019,B,B,0,0,0,0,2,2,0,unchanged
I01713,Telecom,2019,BBB,A,1,0,0,-1,4,5,1,upgrade
I01714,Financials,2019,AA,A,0,1,0,1,6,5,-1,downgrade
I01715,Industrials,2019,A,A,0,0,0,0,5,5,0,unchanged
I01716,Industrials,2019,A,A,0,0,0,0,5,5,0,unchanged
I01717,Technology,2019,BBB,BBB,0,0,0,0,4,4,0,unchanged
I01718,Consumer,2019,B,B,0,0,0,0,2,2,0,unchanged
I01719,Healthcare,2019,BBB,BBB,0,0,0,0,4,4,0,unchanged
I01721,Telecom,2019,B,D,0,0,1,2,2,0,-2,default
I01722,Technology,2019,B,B,0,0,0,0,2,2,0,unchanged
I01723,Utilities,2019,B,B,0,0,0,0,2,2,0,unchanged
I01724,Energy,2019,A,A,0,0,0,0,5,5,0,unchanged
I01725,Energy,2019,CCC,CCC,0,0,0,0,1,1,0,unchanged
I01726,Financials,2019,BBB,BBB,0,0,0,0,4,4,0,unchanged
I01727,Industrials,2019,BBB,BBB,0,0,0,0,4,4,0,unchanged
I01728,Healthcare,2019,AA,AA,0,0,0,0,6,6,0,unchanged
I01729,Financials,2019,BB,BB,0,0,0,0,3,3,0,unchanged
I01730,Technology,2019,BBB,BBB,0,0,0,0,4,4,0,unchanged
I01731,Technology,2019,BBB,BBB,0,0,0,0,4,4,0,unchanged
I01732,Industrials,2019,BBB,BBB,0,0,0,0,4,4,0,unchanged
I01733,Energy,2019,B,BB,1,0,0,-1,2,3,1,upgrade
I01734,Consumer,2019,AA,AA,0,0,0,0,6,6,0,unchanged
I01735,Retail,2019,BBB,BBB,0,0,0,0,4,4,0,unchanged
I01736,Utilities,2019,A,A,0,0,0,0,5,5,0,unchanged
I01737,Industrials,2019,A,A,0,0,0,0,5,5,0,unchanged
I01738,Energy,2019,B,CCC,0,1,0,1,2,1,-1,downgrade
I01739,Healthcare,2019,BBB,BBB,0,0,0,0,4,4,0,unchanged
I01740,Industrials,2019,AA,AA,0,0,0,0,6,6,0,unchanged
I01741,Financials,2019,A,A,0,0,0,0,5,5,0,unchanged
I01743,Utilities,2019,BBB,BBB,0,0,0,0,4,4,0,unchanged
I01744,Technology,2019,BB,BB,0,0,0,0,3,3,0,unchanged
I01746,Telecom,2019,A,A,0,0,0,0,5,5,0,unchanged
I01747,Retail,2019,B,BB,1,0,0,-1,2,3,1,upgrade
I01748,Telecom,2019,AA,AA,0,0,0,0,6,6,0,unchanged
I01749,Telecom,2019,B,B,0,0,0,0,2,2,0,unchanged
I01750,Utilities,2019,AA,AA,0,0,0,0,6,6,0,unchanged
I01751,Utilities,2019,B,B,0,0,0,0,2,2,0,unchanged
I01752,Utilities,2019,CCC,CCC,0,0,0,0,1,1,0,unchanged
I01753,Real_Estate,2019,A,A,0,0,0,0,5,5,0,unchanged
I01754,Technology,2019,AAA,AAA,0,0,0,0,7,7,0,unchanged
I01755,Consumer,2019,BB,BB,0,0,0,0,3,3,0,unchanged
I01757,Financials,2019,A,A,0,0,0,0,5,5,0,unchanged
I01758,Retail,2019,BB,BB,0,0,0,0,3,3,0,unchanged
I01759,Financials,2019,A,A,0,0,0,0,5,5,0,unchanged
I01760,Energy,2019,BBB,BB,0,1,0,1,4,3,-1,downgrade
I01761,Financials,2019,BBB,BBB,0,0,0,0,4,4,0,unchanged
I01762,Industrials,2019,BBB,BBB,0,0,0,0,4,4,0,unchanged
I01763,Technology,2019,BBB,BBB,0,0,0,0,4,4,0,unchanged
I01764,Retail,2019,A,A,0,0,0,0,5,5,0,unchanged
I01765,Utilities,2019,BBB,BB,0,1,0,1,4,3,-1,downgrade
I01766,Telecom,2019,AA,AA,0,0,0,0,6,6,0,unchanged
I01767,Telecom,2019,B,B,0,0,0,0,2,2,0,unchanged
I01768,Financials,2019,BBB,A,1,0,0,-1,4,5,1,upgrade
I01769,Healthcare,2019,B,B,0,0,0,0,2,2,0,unchanged
I01770,Utilities,2019,A,A,0,0,0,0,5,5,0,unchanged
I01771,Real_Estate,2019,A,A,0,0,0,0,5,5,0,unchanged
I01772,Retail,2019,CCC,CCC,0,0,0,0,1,1,0,unchanged
I01773,Retail,2019,A,BBB,0,1,0,1,5,4,-1,downgrade
I01774,Telecom,2019,BB,BB,0,0,0,0,3,3,0,unchanged
I01775,Financials,2019,B,B,0,0,0,0,2,2,0,unchanged
I01776,Retail,2019,A,A,0,0,0,0,5,5,0,unchanged
I01777,Real_Estate,2019,B,B,0,0,0,0,2,2,0,unchanged
I01778,Retail,2019,B,B,0,0,0,0,2,2,0,unchanged
I01779,Utilities,2019,AA,AA,0,0,0,0,6,6,0,unchanged
I01780,Industrials,2019,AA,AA,0,0,0,0,6,6,0,unchanged
I01781,Real_Estate,2019,AA,AA,0,0,0,0,6,6,0,unchanged
I01782,Retail,2019,BB,BB,0,0,0,0,3,3,0,unchanged
I01784,Technology,2019,A,A,0,0,0,0,5,5,0,unchanged
I01785,Healthcare,2019,BBB,BBB,0,0,0,0,4,4,0,unchanged
I01786,Industrials,2019,B,B,0,0,0,0,2,2,0,unchanged
I01787,Healthcare,2019,BB,BB,0,0,0,0,3,3,0,unchanged
I01788,Retail,2019,BBB,BBB,0,0,0,0,4,4,0,unchanged
I01790,Real_Estate,2019,BBB,BBB,0,0,0,0,4,4,0,unchanged
I01791,Retail,2019,AA,AA,0,0,0,0,6,6,0,unchanged
I01792,Industrials,2019,BBB,BBB,0,0,0,0,4,4,0,unchanged
I01794,Healthcare,2019,BBB,BBB,0,0,0,0,4,4,0,unchanged
I01796,Telecom,2019,A,AA,1,0,0,-1,5,6,1,upgrade
I01797,Real_Estate,2019,AA,AA,0,0,0,0,6,6,0,unchanged
I01798,Technology,2019,A,A,0,0,0,0,5,5,0,unchanged
I01799,Utilities,2019,AAA,AAA,0,0,0,0,7,7,0,unchanged
I01800,Financials,2019,A,BBB,0,1,0,1,5,4,-1,downgrade
I01801,Real_Estate,2019,A,A,0,0,0,0,5,5,0,unchanged
I01802,Energy,2019,BB,BB,0,0,0,0,3,3,0,unchanged
I01803,Energy,2019,BBB,BBB,0,0,0,0,4,4,0,unchanged
I01806,Healthcare,2019,A,A,0,0,0,0,5,5,0,unchanged
I01807,Energy,2019,BBB,BBB,0,0,0,0,4,4,0,unchanged
I01808,Utilities,2019,CCC,CCC,0,0,0,0,1,1,0,unchanged
I01809,Consumer,2019,BBB,BBB,0,0,0,0,4,4,0,unchanged
I01811,Telecom,2019,BB,BB,0,0,0,0,3,3,0,unchanged
I01812,Technology,2019,BB,BB,0,0,0,0,3,3,0,unchanged
I01814,Retail,2019,A,A,0,0,0,0,5,5,0,unchanged
I01816,Technology,2019,B,BB,1,0,0,-1,2,3,1,upgrade
I01817,Utilities,2019,B,CCC,0,1,0,1,2,1,-1,downgrade
I01818,Technology,2019,BBB,BBB,0,0,0,0,4,4,0,unchanged
I01819,Industrials,2019,BBB,BBB,0,0,0,0,4,4,0,unchanged
I01820,Financials,2019,BBB,BBB,0,0,0,0,4,4,0,unchanged
I01821,Technology,2019,BB,BB,0,0,0,0,3,3,0,unchanged
I01822,Consumer,2019,AA,AA,0,0,0,0,6,6,0,unchanged
I01823,Energy,2019,BB,B,0,1,0,1,3,2,-1,downgrade
I01824,Industrials,2019,B,B,0,0,0,0,2,2,0,unchanged
I01825,Utilities,2019,BBB,BBB,0,0,0,0,4,4,0,unchanged
I01826,Technology,2019,BBB,BBB,0,0,0,0,4,4,0,unchanged
I01827,Healthcare,2019,BBB,A,1,0,0,-1,4,5,1,upgrade
I01828,Consumer,2019,BBB,BBB,0,0,0,0,4,4,0,unchanged
I01829,Utilities,2019,BBB,BBB,0,0,0,0,4,4,0,unchanged
I01830,Industrials,2019,BBB,BBB,0,0,0,0,4,4,0,unchanged
I01831,Financials,2019,BBB,A,1,0,0,-1,4,5,1,upgrade
I01833,Utilities,2019,BBB,BBB,0,0,0,0,4,4,0,unchanged
I01834,Energy,2019,BBB,BBB,0,0,0,0,4,4,0,unchanged
I01835,Financials,2019,A,BBB,0,1,0,1,5,4,-1,downgrade
I01836,Financials,2019,B,B,0,0,0,0,2,2,0,unchanged
I01837,Consumer,2019,A,A,0,0,0,0,5,5,0,unchanged
I01838,Industrials,2019,A,A,0,0,0,0,5,5,0,unchanged
I01839,Healthcare,2019,B,B,0,0,0,0,2,2,0,unchanged
I01841,Retail,2019,AAA,AAA,0,0,0,0,7,7,0,unchanged
I01842,Retail,2019,AAA,AAA,0,0,0,0,7,7,0,unchanged
I01843,Industrials,2019,B,B,0,0,0,0,2,2,0,unchanged
I01844,Retail,2019,BBB,BBB,0,0,0,0,4,4,0,unchanged
I01845,Telecom,2019,B,B,0,0,0,0,2,2,0,unchanged
I01846,Technology,2019,A,A,0,0,0,0,5,5,0,unchanged
I01847,Healthcare,2019,BBB,BBB,0,0,0,0,4,4,0,unchanged
I01848,Industrials,2019,BB,B,0,1,0,1,3,2,-1,downgrade
I01849,Industrials,2019,B,B,0,0,0,0,2,2,0,unchanged
I01850,Financials,2019,BB,BB,0,0,0,0,3,3,0,unchanged
I01851,Real_Estate,2019,BB,BB,0,0,0,0,3,3,0,unchanged
I01852,Utilities,2019,BBB,BBB,0,0,0,0,4,4,0,unchanged
I01853,Utilities,2019,BB,B,0,1,0,1,3,2,-1,downgrade
I01854,Utilities,2019,A,AA,1,0,0,-1,5,6,1,upgrade
I01855,Consumer,2019,BBB,BBB,0,0,0,0,4,4,0,unchanged
I01856,Consumer,2019,A,A,0,0,0,0,5,5,0,unchanged
I01857,Healthcare,2019,BBB,BBB,0,0,0,0,4,4,0,unchanged
I01858,Industrials,2019,BB,BB,0,0,0,0,3,3,0,unchanged
I01860,Telecom,2019,A,A,0,0,0,0,5,5,0,unchanged
I01861,Telecom,2019,A,A,0,0,0,0,5,5,0,unchanged
I01862,Utilities,2019,A,BBB,0,1,0,1,5,4,-1,downgrade
I01863,Telecom,2019,BB,BB,0,0,0,0,3,3,0,unchanged
I01864,Telecom,2019,B,B,0,0,0,0,2,2,0,unchanged
I01865,Retail,2019,A,A,0,0,0,0,5,5,0,unchanged
I01866,Technology,2019,BBB,BBB,0,0,0,0,4,4,0,unchanged
I01867,Telecom,2019,BBB,BBB,0,0,0,0,4,4,0,unchanged
I01868,Industrials,2019,A,A,0,0,0,0,5,5,0,unchanged
I01869,Utilities,2019,BBB,BBB,0,0,0,0,4,4,0,unchanged
I01870,Consumer,2019,A,A,0,0,0,0,5,5,0,unchanged
I01871,Technology,2019,AA,AA,0,0,0,0,6,6,0,unchanged
I01872,Industrials,2019,A,A,0,0,0,0,5,5,0,unchanged
I01873,Technology,2019,A,AA,1,0,0,-1,5,6,1,upgrade
I01875,Energy,2019,BBB,BBB,0,0,0,0,4,4,0,unchanged
I01876,Energy,2019,BB,BB,0,0,0,0,3,3,0,unchanged
I01877,Telecom,2019,A,A,0,0,0,0,5,5,0,unchanged
I01878,Real_Estate,2019,A,A,0,0,0,0,5,5,0,unchanged
I01879,Telecom,2019,B,BB,1,0,0,-1,2,3,1,upgrade
I01880,Real_Estate,2019,BB,BB,0,0,0,0,3,3,0,unchanged
I01882,Industrials,2019,BB,BB,0,0,0,0,3,3,0,unchanged
I01883,Utilities,2019,B,B,0,0,0,0,2,2,0,unchanged
I01884,Retail,2019,BBB,BBB,0,0,0,0,4,4,0,unchanged
I01885,Energy,2019,BBB,BBB,0,0,0,0,4,4,0,unchanged
I01886,Financials,2019,B,B,0,0,0,0,2,2,0,unchanged
I01887,Utilities,2019,BB,BB,0,0,0,0,3,3,0,unchanged
I01888,Financials,2019,BB,BBB,1,0,0,-1,3,4,1,upgrade
I01889,Industrials,2019,BBB,BB,0,1,0,1,4,3,-1,downgrade
I01890,Industrials,2019,AAA,AAA,0,0,0,0,7,7,0,unchanged
I01891,Real_Estate,2019,BBB,BBB,0,0,0,0,4,4,0,unchanged
I01892,Utilities,2019,B,B,0,0,0,0,2,2,0,unchanged
I01893,Real_Estate,2019,CCC,CCC,0,0,0,0,1,1,0,unchanged
I01894,Industrials,2019,B,B,0,0,0,0,2,2,0,unchanged
I01895,Consumer,2019,AAA,AA,0,1,0,1,7,6,-1,downgrade
I01896,Consumer,2019,BB,BB,0,0,0,0,3,3,0,unchanged
I01897,Financials,2019,B,B,0,0,0,0,2,2,0,unchanged
I01898,Telecom,2019,BBB,BBB,0,0,0,0,4,4,0,unchanged
I01899,Retail,2019,BB,BB,0,0,0,0,3,3,0,unchanged
I01901,Energy,2019,AA,AA,0,0,0,0,6,6,0,unchanged
I01902,Industrials,2019,B,B,0,0,0,0,2,2,0,unchanged
I01903,Utilities,2019,A,A,0,0,0,0,5,5,0,unchanged
I01904,Industrials,2019,A,A,0,0,0,0,5,5,0,unchanged
I01905,Telecom,2019,A,BBB,0,1,0,1,5,4,-1,downgrade
I01906,Healthcare,2019,A,A,0,0,0,0,5,5,0,unchanged
I01907,Technology,2019,B,B,0,0,0,0,2,2,0,unchanged
I01908,Healthcare,2019,AA,AA,0,0,0,0,6,6,0,unchanged
I01909,Retail,2019,BBB,BBB,0,0,0,0,4,4,0,unchanged
I01910,Retail,2019,BB,BB,0,0,0,0,3,3,0,unchanged
I01911,Telecom,2019,A,A,0,0,0,0,5,5,0,unchanged
I01912,Healthcare,2019,BBB,BBB,0,0,0,0,4,4,0,unchanged
I01913,Real_Estate,2019,BBB,BBB,0,0,0,0,4,4,0,unchanged
I01914,Consumer,2019,B,B,0,0,0,0,2,2,0,unchanged
I01915,Financials,2019,BBB,BBB,0,0,0,0,4,4,0,unchanged
I01916,Real_Estate,2019,B,B,0,0,0,0,2,2,0,unchanged
I01918,Retail,2019,AA,AA,0,0,0,0,6,6,0,unchanged
I01919,Telecom,2019,BB,BB,0,0,0,0,3,3,0,unchanged
I01921,Consumer,2019,BB,BBB,1,0,0,-1,3,4,1,upgrade
I01922,Healthcare,2019,BBB,BBB,0,0,0,0,4,4,0,unchanged
I01923,Healthcare,2019,B,CCC,0,1,0,1,2,1,-1,downgrade
I01924,Energy,2019,CCC,B,1,0,0,-1,1,2,1,upgrade
I01925,Utilities,2019,CCC,D,0,0,1,1,1,0,-1,default
I01926,Healthcare,2019,A,A,0,0,0,0,5,5,0,unchanged
I01927,Telecom,2019,BBB,BBB,0,0,0,0,4,4,0,unchanged
I01928,Consumer,2019,BB,BB,0,0,0,0,3,3,0,unchanged
I01929,Industrials,2019,BBB,BBB,0,0,0,0,4,4,0,unchanged
I01930,Financials,2019,BB,BB,0,0,0,0,3,3,0,unchanged
I01931,Telecom,2019,BB,BB,0,0,0,0,3,3,0,unchanged
I01932,Consumer,2019,B,B,0,0,0,0,2,2,0,unchanged
I01933,Real_Estate,2019,B,B,0,0,0,0,2,2,0,unchanged
I01934,Consumer,2019,B,B,0,0,0,0,2,2,0,unchanged
I01935,Industrials,2019,A,A,0,0,0,0,5,5,0,unchanged
I01936,Retail,2019,BBB,BBB,0,0,0,0,4,4,0,unchanged
I01938,Energy,2019,BB,BB,0,0,0,0,3,3,0,unchanged
I01939,Financials,2019,AA,AA,0,0,0,0,6,6,0,unchanged
I01940,Technology,2019,B,B,0,0,0,0,2,2,0,unchanged
I01941,Technology,2019,BB,BB,0,0,0,0,3,3,0,unchanged
I01942,Financials,2019,BBB,BB,0,1,0,1,4,3,-1,downgrade
I01943,Healthcare,2019,AA,AA,0,0,0,0,6,6,0,unchanged
I01944,Financials,2019,BBB,BBB,0,0,0,0,4,4,0,unchanged
I01945,Financials,2019,A,A,0,0,0,0,5,5,0,unchanged
I01947,Consumer,2019,BBB,BBB,0,0,0,0,4,4,0,unchanged
I01948,Financials,2019,BBB,BBB,0,0,0,0,4,4,0,unchanged
I01949,Real_Estate,2019,BBB,BBB,0,0,0,0,4,4,0,unchanged
I01950,Real_Estate,2019,AA,A,0,1,0,1,6,5,-1,downgrade
I01951,Utilities,2019,BBB,BBB,0,0,0,0,4,4,0,unchanged
I01953,Energy,2019,B,B,0,0,0,0,2,2,0,unchanged
I01954,Industrials,2019,AAA,AAA,0,0,0,0,7,7,0,unchanged
I01955,Energy,2019,A,A,0,0,0,0,5,5,0,unchanged
I01956,Retail,2019,BBB,BBB,0,0,0,0,4,4,0,unchanged
I01957,Consumer,2019,BB,BB,0,0,0,0,3,3,0,unchanged
I01960,Utilities,2019,BB,BB,0,0,0,0,3,3,0,unchanged
I01963,Energy,2019,BB,BB,0,0,0,0,3,3,0,unchanged
I01964,Retail,2019,BBB,BBB,0,0,0,0,4,4,0,unchanged
I01965,Consumer,2019,AA,AA,0,0,0,0,6,6,0,unchanged
I01966,Utilities,2019,BBB,BBB,0,0,0,0,4,4,0,unchanged
I01967,Industrials,2019,BBB,BBB,0,0,0,0,4,4,0,unchanged
I01968,Healthcare,2019,BBB,BBB,0,0,0,0,4,4,0,unchanged
I01969,Consumer,2019,BBB,BBB,0,0,0,0,4,4,0,unchanged
I01970,Consumer,2019,BB,BB,0,0,0,0,3,3,0,unchanged
I01971,Retail,2019,A,A,0,0,0,0,5,5,0,unchanged
I01973,Utilities,2019,BBB,BBB,0,0,0,0,4,4,0,unchanged
I01974,Retail,2019,BBB,A,1,0,0,-1,4,5,1,upgrade
I01975,Utilities,2019,A,A,0,0,0,0,5,5,0,unchanged
I01976,Technology,2019,BBB,BBB,0,0,0,0,4,4,0,unchanged
I01977,Healthcare,2019,BB,BBB,1,0,0,-1,3,4,1,upgrade
I01978,Telecom,2019,B,BB,1,0,0,-1,2,3,1,upgrade
I01979,Financials,2019,BBB,BBB,0,0,0,0,4,4,0,unchanged
I01980,Consumer,2019,A,A,0,0,0,0,5,5,0,unchanged
I01981,Retail,2019,AA,AA,0,0,0,0,6,6,0,unchanged
I01982,Industrials,2019,BB,BB,0,0,0,0,3,3,0,unchanged
I01983,Technology,2019,B,BB,1,0,0,-1,2,3,1,upgrade
I01984,Industrials,2019,BBB,BBB,0,0,0,0,4,4,0,unchanged
I01985,Technology,2019,AA,AA,0,0,0,0,6,6,0,unchanged
I01986,Consumer,2019,BBB,BBB,0,0,0,0,4,4,0,unchanged
I01987,Retail,2019,B,B,0,0,0,0,2,2,0,unchanged
I01988,Healthcare,2019,BBB,BBB,0,0,0,0,4,4,0,unchanged
I01989,Industrials,2019,A,A,0,0,0,0,5,5,0,unchanged
I01990,Financials,2019,BB,BBB,1,0,0,-1,3,4,1,upgrade
I01991,Real_Estate,2019,B,B,0,0,0,0,2,2,0,unchanged
I01992,Utilities,2019,BBB,BBB,0,0,0,0,4,4,0,unchanged
I01993,Energy,2019,BB,BB,0,0,0,0,3,3,0,unchanged
I01994,Real_Estate,2019,BBB,BBB,0,0,0,0,4,4,0,unchanged
I01995,Real_Estate,2019,BB,BB,0,0,0,0,3,3,0,unchanged
I01996,Energy,2019,B,B,0,0,0,0,2,2,0,unchanged
I01997,Utilities,2019,BB,BB,0,0,0,0,3,3,0,unchanged
I01998,Telecom,2019,BB,BB,0,0,0,0,3,3,0,unchanged
I01999,Consumer,2019,BBB,BBB,0,0,0,0,4,4,0,unchanged
I02000,Financials,2019,AA,AA,0,0,0,0,6,6,0,unchanged
I00001,Consumer,2020,A,BBB,0,1,0,1,5,4,-1,downgrade
I00002,Industrials,2020,BBB,BBB,0,0,0,0,4,4,0,unchanged
I00003,Industrials,2020,BB,BB,0,0,0,0,3,3,0,unchanged
I00004,Industrials,2020,BBB,BBB,0,0,0,0,4,4,0,unchanged
I00005,Real_Estate,2020,A,A,0,0,0,0,5,5,0,unchanged
I00006,Financials,2020,B,B,0,0,0,0,2,2,0,unchanged
I00007,Utilities,2020,BBB,BBB,0,0,0,0,4,4,0,unchanged
I00008,Healthcare,2020,BBB,BBB,0,0,0,0,4,4,0,unchanged
I00009,Consumer,2020,BBB,CCC,0,1,0,3,4,1,-3,downgrade
I00010,Real_Estate,2020,AA,CCC,0,1,0,5,6,1,-5,downgrade
I00011,Healthcare,2020,BBB,BBB,0,0,0,0,4,4,0,unchanged
I00012,Retail,2020,BBB,BBB,0,0,0,0,4,4,0,unchanged
I00014,Telecom,2020,BBB,BBB,0,0,0,0,4,4,0,unchanged
I00015,Telecom,2020,CCC,D,0,0,1,1,1,0,-1,default
I00016,Healthcare,2020,CCC,D,0,0,1,1,1,0,-1,default
I00017,Retail,2020,CCC,D,0,0,1,1,1,0,-1,default
I00018,Consumer,2020,BB,BB,0,0,0,0,3,3,0,unchanged
I00019,Utilities,2020,A,A,0,0,0,0,5,5,0,unchanged
I00020,Healthcare,2020,B,B,0,0,0,0,2,2,0,unchanged
I00021,Financials,2020,BB,BB,0,0,0,0,3,3,0,unchanged
I00025,Retail,2020,AAA,BBB,0,1,0,3,7,4,-3,downgrade
I00028,Telecom,2020,A,A,0,0,0,0,5,5,0,unchanged
I00029,Energy,2020,B,B,0,0,0,0,2,2,0,unchanged
I00030,Utilities,2020,B,B,0,0,0,0,2,2,0,unchanged
I00031,Utilities,2020,AA,AA,0,0,0,0,6,6,0,unchanged
I00032,Healthcare,2020,B,B,0,0,0,0,2,2,0,unchanged
I00033,Energy,2020,BBB,BBB,0,0,0,0,4,4,0,unchanged
I00036,Real_Estate,2020,A,A,0,0,0,0,5,5,0,unchanged
I00037,Retail,2020,BB,BB,0,0,0,0,3,3,0,unchanged
I00038,Telecom,2020,A,AAA,1,0,0,-2,5,7,2,upgrade
I00039,Energy,2020,B,BB,1,0,0,-1,2,3,1,upgrade
I00040,Utilities,2020,BBB,BBB,0,0,0,0,4,4,0,unchanged
I00041,Energy,2020,B,B,0,0,0,0,2,2,0,unchanged
I00042,Financials,2020,BBB,BBB,0,0,0,0,4,4,0,unchanged
I00043,Healthcare,2020,BBB,BBB,0,0,0,0,4,4,0,unchanged
I00044,Telecom,2020,B,B,0,0,0,0,2,2,0,unchanged
I00045,Technology,2020,AA,A,0,1,0,1,6,5,-1,downgrade
I00046,Energy,2020,AAA,B,0,1,0,5,7,2,-5,downgrade
I00047,Energy,2020,AA,AA,0,0,0,0,6,6,0,unchanged
I00048,Healthcare,2020,BB,BBB,1,0,0,-1,3,4,1,upgrade
I00049,Telecom,2020,A,A,0,0,0,0,5,5,0,unchanged
I00050,Technology,2020,BB,BB,0,0,0,0,3,3,0,unchanged
I00051,Financials,2020,AAA,AAA,0,0,0,0,7,7,0,unchanged
I00052,Consumer,2020,B,B,0,0,0,0,2,2,0,unchanged
I00053,Industrials,2020,BB,B,0,1,0,1,3,2,-1,downgrade
I00054,Industrials,2020,B,B,0,0,0,0,2,2,0,unchanged
I00055,Financials,2020,A,A,0,0,0,0,5,5,0,unchanged
I00056,Industrials,2020,BBB,BBB,0,0,0,0,4,4,0,unchanged
I00057,Utilities,2020,BB,BB,0,0,0,0,3,3,0,unchanged
I00058,Real_Estate,2020,B,D,0,0,1,2,2,0,-2,default
I00059,Consumer,2020,CCC,CCC,0,0,0,0,1,1,0,unchanged
I00060,Healthcare,2020,A,A,0,0,0,0,5,5,0,unchanged
I00061,Energy,2020,BB,BB,0,0,0,0,3,3,0,unchanged
I00062,Real_Estate,2020,B,B,0,0,0,0,2,2,0,unchanged
I00064,Healthcare,2020,AA,AA,0,0,0,0,6,6,0,unchanged
I00066,Industrials,2020,B,B,0,0,0,0,2,2,0,unchanged
I00067,Consumer,2020,BB,B,0,1,0,1,3,2,-1,downgrade
I00068,Technology,2020,BBB,BBB,0,0,0,0,4,4,0,unchanged
I00069,Real_Estate,2020,A,B,0,1,0,3,5,2,-3,downgrade
I00070,Utilities,2020,B,B,0,0,0,0,2,2,0,unchanged
I00071,Real_Estate,2020,BBB,BBB,0,0,0,0,4,4,0,unchanged
I00072,Financials,2020,A,A,0,0,0,0,5,5,0,unchanged
I00073,Energy,2020,B,BB,1,0,0,-1,2,3,1,upgrade
I00075,Retail,2020,B,BB,1,0,0,-1,2,3,1,upgrade
I00076,Energy,2020,BBB,BBB,0,0,0,0,4,4,0,unchanged
I00077,Consumer,2020,BBB,BB,0,1,0,1,4,3,-1,downgrade
I00078,Utilities,2020,AAA,AA,0,1,0,1,7,6,-1,downgrade
I00081,Utilities,2020,B,B,0,0,0,0,2,2,0,unchanged
I00082,Utilities,2020,A,A,0,0,0,0,5,5,0,unchanged
I00083,Industrials,2020,BBB,BBB,0,0,0,0,4,4,0,unchanged
I00084,Retail,2020,BB,BB,0,0,0,0,3,3,0,unchanged
I00085,Industrials,2020,BBB,BBB,0,0,0,0,4,4,0,unchanged
I00086,Consumer,2020,A,A,0,0,0,0,5,5,0,unchanged
I00088,Financials,2020,B,B,0,0,0,0,2,2,0,unchanged
I00090,Utilities,2020,A,A,0,0,0,0,5,5,0,unchanged
I00091,Industrials,2020,CCC,D,0,0,1,1,1,0,-1,default
I00092,Financials,2020,AA,AA,0,0,0,0,6,6,0,unchanged
I00093,Energy,2020,B,B,0,0,0,0,2,2,0,unchanged
I00094,Retail,2020,AAA,AAA,0,0,0,0,7,7,0,unchanged
I00096,Industrials,2020,A,AA,1,0,0,-1,5,6,1,upgrade
I00097,Retail,2020,B,B,0,0,0,0,2,2,0,unchanged
I00098,Energy,2020,AA,B,0,1,0,4,6,2,-4,downgrade
I00099,Technology,2020,BB,BB,0,0,0,0,3,3,0,unchanged
I00100,Telecom,2020,BBB,BBB,0,0,0,0,4,4,0,unchanged
I00101,Retail,2020,A,BBB,0,1,0,1,5,4,-1,downgrade
I00102,Utilities,2020,BB,B,0,1,0,1,3,2,-1,downgrade
I00103,Consumer,2020,AA,AA,0,0,0,0,6,6,0,unchanged
I00104,Consumer,2020,BB,BBB,1,0,0,-1,3,4,1,upgrade
I00105,Healthcare,2020,A,A,0,0,0,0,5,5,0,unchanged
I00106,Financials,2020,A,A,0,0,0,0,5,5,0,unchanged
I00107,Retail,2020,AA,AA,0,0,0,0,6,6,0,unchanged
I00108,Telecom,2020,BBB,B,0,1,0,2,4,2,-2,downgrade
I00109,Retail,2020,BB,B,0,1,0,1,3,2,-1,downgrade
I00110,Utilities,2020,BBB,A,1,0,0,-1,4,5,1,upgrade
I00112,Energy,2020,B,B,0,0,0,0,2,2,0,unchanged
I00113,Technology,2020,BBB,BB,0,1,0,1,4,3,-1,downgrade
I00114,Telecom,2020,A,A,0,0,0,0,5,5,0,unchanged
I00115,Technology,2020,B,B,0,0,0,0,2,2,0,unchanged
I00116,Real_Estate,2020,A,B,0,1,0,3,5,2,-3,downgrade
I00117,Telecom,2020,BB,BB,0,0,0,0,3,3,0,unchanged
I00118,Industrials,2020,B,CCC,0,1,0,1,2,1,-1,downgrade
I00119,Utilities,2020,A,A,0,0,0,0,5,5,0,unchanged
I00120,Utilities,2020,BBB,BBB,0,0,0,0,4,4,0,unchanged
I00121,Industrials,2020,BBB,BBB,0,0,0,0,4,4,0,unchanged
I00122,Telecom,2020,B,B,0,0,0,0,2,2,0,unchanged
I00123,Healthcare,2020,A,A,0,0,0,0,5,5,0,unchanged
I00124,Industrials,2020,BBB,BBB,0,0,0,0,4,4,0,unchanged
I00125,Utilities,2020,B,BB,1,0,0,-1,2,3,1,upgrade
I00126,Technology,2020,A,A,0,0,0,0,5,5,0,unchanged
I00127,Utilities,2020,B,B,0,0,0,0,2,2,0,unchanged
I00129,Telecom,2020,BB,B,0,1,0,1,3,2,-1,downgrade
I00130,Consumer,2020,BBB,BBB,0,0,0,0,4,4,0,unchanged
I00131,Real_Estate,2020,A,B,0,1,0,3,5,2,-3,downgrade
I00132,Retail,2020,BB,B,0,1,0,1,3,2,-1,downgrade
I00133,Real_Estate,2020,A,D,0,0,1,5,5,0,-5,default
I00134,Healthcare,2020,BBB,BBB,0,0,0,0,4,4,0,unchanged
I00135,Technology,2020,A,A,0,0,0,0,5,5,0,unchanged
I00136,Consumer,2020,B,B,0,0,0,0,2,2,0,unchanged
I00137,Financials,2020,A,A,0,0,0,0,5,5,0,unchanged
I00139,Telecom,2020,BBB,BBB,0,0,0,0,4,4,0,unchanged
I00140,Consumer,2020,AA,AAA,1,0,0,-1,6,7,1,upgrade
I00141,Energy,2020,BBB,BBB,0,0,0,0,4,4,0,unchanged
I00142,Telecom,2020,BBB,CCC,0,1,0,3,4,1,-3,downgrade
I00143,Retail,2020,B,D,0,0,1,2,2,0,-2,default
I00144,Financials,2020,A,A,0,0,0,0,5,5,0,unchanged
I00145,Financials,2020,AA,AA,0,0,0,0,6,6,0,unchanged
I00146,Technology,2020,AA,AA,0,0,0,0,6,6,0,unchanged
I00147,Real_Estate,2020,BBB,BBB,0,0,0,0,4,4,0,unchanged
I00148,Retail,2020,BBB,BBB,0,0,0,0,4,4,0,unchanged
I00149,Financials,2020,BBB,B,0,1,0,2,4,2,-2,downgrade
I00150,Retail,2020,BB,BB,0,0,0,0,3,3,0,unchanged
I00151,Healthcare,2020,B,B,0,0,0,0,2,2,0,unchanged
I00152,Energy,2020,BBB,BBB,0,0,0,0,4,4,0,unchanged
I00153,Financials,2020,A,A,0,0,0,0,5,5,0,unchanged
I00154,Energy,2020,B,B,0,0,0,0,2,2,0,unchanged
I00155,Energy,2020,BB,BB,0,0,0,0,3,3,0,unchanged
I00156,Telecom,2020,BBB,BBB,0,0,0,0,4,4,0,unchanged
I00157,Retail,2020,A,A,0,0,0,0,5,5,0,unchanged
I00158,Financials,2020,A,A,0,0,0,0,5,5,0,unchanged
I00159,Consumer,2020,A,BBB,0,1,0,1,5,4,-1,downgrade
I00160,Consumer,2020,BBB,BBB,0,0,0,0,4,4,0,unchanged
I00161,Technology,2020,BBB,BBB,0,0,0,0,4,4,0,unchanged
I00162,Real_Estate,2020,BB,BB,0,0,0,0,3,3,0,unchanged
I00164,Consumer,2020,BBB,BBB,0,0,0,0,4,4,0,unchanged
I00165,Healthcare,2020,A,A,0,0,0,0,5,5,0,unchanged
I00166,Telecom,2020,BB,B,0,1,0,1,3,2,-1,downgrade
I00167,Utilities,2020,BB,BBB,1,0,0,-1,3,4,1,upgrade
I00168,Utilities,2020,B,B,0,0,0,0,2,2,0,unchanged
I00169,Technology,2020,AA,AA,0,0,0,0,6,6,0,unchanged
I00171,Utilities,2020,A,A,0,0,0,0,5,5,0,unchanged
I00173,Healthcare,2020,B,B,0,0,0,0,2,2,0,unchanged
I00174,Utilities,2020,CCC,D,0,0,1,1,1,0,-1,default
I00175,Technology,2020,BBB,BBB,0,0,0,0,4,4,0,unchanged
I00176,Consumer,2020,BB,BB,0,0,0,0,3,3,0,unchanged
I00177,Energy,2020,CCC,CCC,0,0,0,0,1,1,0,unchanged
I00178,Telecom,2020,CCC,CCC,0,0,0,0,1,1,0,unchanged
I00179,Consumer,2020,AA,AA,0,0,0,0,6,6,0,unchanged
I00182,Consumer,2020,BBB,BBB,0,0,0,0,4,4,0,unchanged
I00183,Financials,2020,BB,BB,0,0,0,0,3,3,0,unchanged
I00184,Telecom,2020,B,B,0,0,0,0,2,2,0,unchanged
I00185,Retail,2020,BBB,BBB,0,0,0,0,4,4,0,unchanged
I00186,Energy,2020,BBB,BBB,0,0,0,0,4,4,0,unchanged
I00187,Utilities,2020,AA,AA,0,0,0,0,6,6,0,unchanged
I00188,Telecom,2020,B,B,0,0,0,0,2,2,0,unchanged
I00189,Telecom,2020,B,B,0,0,0,0,2,2,0,unchanged
I00190,Industrials,2020,B,B,0,0,0,0,2,2,0,unchanged
I00191,Technology,2020,A,A,0,0,0,0,5,5,0,unchanged
I00193,Industrials,2020,B,B,0,0,0,0,2,2,0,unchanged
I00194,Industrials,2020,BB,BB,0,0,0,0,3,3,0,unchanged
I00195,Healthcare,2020,B,CCC,0,1,0,1,2,1,-1,downgrade
I00196,Financials,2020,B,B,0,0,0,0,2,2,0,unchanged
I00197,Industrials,2020,BBB,BBB,0,0,0,0,4,4,0,unchanged
I00198,Healthcare,2020,BBB,BBB,0,0,0,0,4,4,0,unchanged
I00199,Healthcare,2020,BB,BB,0,0,0,0,3,3,0,unchanged
I00200,Retail,2020,BBB,B,0,1,0,2,4,2,-2,downgrade
I00201,Telecom,2020,BBB,BBB,0,0,0,0,4,4,0,unchanged
I00202,Utilities,2020,BB,BB,0,0,0,0,3,3,0,unchanged
I00203,Financials,2020,A,A,0,0,0,0,5,5,0,unchanged
I00204,Energy,2020,B,B,0,0,0,0,2,2,0,unchanged
I00206,Industrials,2020,BBB,BBB,0,0,0,0,4,4,0,unchanged
I00207,Retail,2020,BBB,BBB,0,0,0,0,4,4,0,unchanged
I00208,Healthcare,2020,BBB,BBB,0,0,0,0,4,4,0,unchanged
I00209,Utilities,2020,B,D,0,0,1,2,2,0,-2,default
I00210,Telecom,2020,BBB,A,1,0,0,-1,4,5,1,upgrade
I00211,Healthcare,2020,BB,BB,0,0,0,0,3,3,0,unchanged
I00212,Healthcare,2020,B,B,0,0,0,0,2,2,0,unchanged
I00213,Retail,2020,AA,AA,0,0,0,0,6,6,0,unchanged
I00214,Energy,2020,A,A,0,0,0,0,5,5,0,unchanged
I00215,Energy,2020,A,A,0,0,0,0,5,5,0,unchanged
I00216,Technology,2020,A,A,0,0,0,0,5,5,0,unchanged
I00217,Consumer,2020,B,CCC,0,1,0,1,2,1,-1,downgrade
I00218,Telecom,2020,BB,BBB,1,0,0,-1,3,4,1,upgrade
I00219,Telecom,2020,A,A,0,0,0,0,5,5,0,unchanged
I00220,Utilities,2020,BB,BB,0,0,0,0,3,3,0,unchanged
I00221,Retail,2020,BB,D,0,0,1,3,3,0,-3,default
I00224,Financials,2020,AA,AA,0,0,0,0,6,6,0,unchanged
I00225,Financials,2020,A,A,0,0,0,0,5,5,0,unchanged
I00227,Technology,2020,B,B,0,0,0,0,2,2,0,unchanged
I00228,Utilities,2020,B,D,0,0,1,2,2,0,-2,default
I00229,Telecom,2020,BBB,BBB,0,0,0,0,4,4,0,unchanged
I00230,Industrials,2020,BBB,BBB,0,0,0,0,4,4,0,unchanged
I00231,Retail,2020,A,AA,1,0,0,-1,5,6,1,upgrade
I00233,Healthcare,2020,B,B,0,0,0,0,2,2,0,unchanged
I00234,Real_Estate,2020,A,A,0,0,0,0,5,5,0,unchanged
I00235,Healthcare,2020,BBB,BBB,0,0,0,0,4,4,0,unchanged
I00236,Healthcare,2020,A,A,0,0,0,0,5,5,0,unchanged
I00237,Financials,2020,AA,AA,0,0,0,0,6,6,0,unchanged
I00238,Healthcare,2020,B,CCC,0,1,0,1,2,1,-1,downgrade
I00239,Industrials,2020,A,BBB,0,1,0,1,5,4,-1,downgrade
I00240,Real_Estate,2020,A,A,0,0,0,0,5,5,0,unchanged
I00241,Healthcare,2020,A,A,0,0,0,0,5,5,0,unchanged
I00242,Telecom,2020,BB,BB,0,0,0,0,3,3,0,unchanged
I00243,Telecom,2020,BB,B,0,1,0,1,3,2,-1,downgrade
I00244,Real_Estate,2020,B,B,0,0,0,0,2,2,0,unchanged
I00245,Telecom,2020,BB,BBB,1,0,0,-1,3,4,1,upgrade
I00246,Technology,2020,BBB,BBB,0,0,0,0,4,4,0,unchanged
I00247,Industrials,2020,BB,BB,0,0,0,0,3,3,0,unchanged
I00248,Telecom,2020,BBB,BBB,0,0,0,0,4,4,0,unchanged
I00250,Industrials,2020,AA,AA,0,0,0,0,6,6,0,unchanged
I00251,Consumer,2020,A,A,0,0,0,0,5,5,0,unchanged
I00252,Utilities,2020,AA,AA,0,0,0,0,6,6,0,unchanged
I00253,Telecom,2020,AA,AA,0,0,0,0,6,6,0,unchanged
I00254,Real_Estate,2020,BB,BB,0,0,0,0,3,3,0,unchanged
I00256,Telecom,2020,B,B,0,0,0,0,2,2,0,unchanged
I00257,Utilities,2020,BB,BBB,1,0,0,-1,3,4,1,upgrade
I00258,Real_Estate,2020,A,A,0,0,0,0,5,5,0,unchanged
I00259,Telecom,2020,B,B,0,0,0,0,2,2,0,unchanged
I00260,Healthcare,2020,B,B,0,0,0,0,2,2,0,unchanged
I00261,Utilities,2020,A,A,0,0,0,0,5,5,0,unchanged
I00262,Technology,2020,AAA,AAA,0,0,0,0,7,7,0,unchanged
I00263,Energy,2020,A,A,0,0,0,0,5,5,0,unchanged
I00264,Telecom,2020,AA,BBB,0,1,0,2,6,4,-2,downgrade
I00265,Real_Estate,2020,BBB,BBB,0,0,0,0,4,4,0,unchanged
I00266,Real_Estate,2020,CCC,D,0,0,1,1,1,0,-1,default
I00267,Healthcare,2020,A,A,0,0,0,0,5,5,0,unchanged
I00268,Telecom,2020,AA,AA,0,0,0,0,6,6,0,unchanged
I00270,Utilities,2020,BB,BB,0,0,0,0,3,3,0,unchanged
I00271,Retail,2020,BB,BB,0,0,0,0,3,3,0,unchanged
I00272,Consumer,2020,B,B,0,0,0,0,2,2,0,unchanged
I00273,Energy,2020,BBB,BBB,0,0,0,0,4,4,0,unchanged
I00274,Consumer,2020,B,B,0,0,0,0,2,2,0,unchanged
I00275,Financials,2020,B,BB,1,0,0,-1,2,3,1,upgrade
I00276,Financials,2020,B,B,0,0,0,0,2,2,0,unchanged
I00277,Retail,2020,B,B,0,0,0,0,2,2,0,unchanged
I00278,Retail,2020,CCC,CCC,0,0,0,0,1,1,0,unchanged
I00279,Financials,2020,BB,BB,0,0,0,0,3,3,0,unchanged
I00280,Utilities,2020,AA,AA,0,0,0,0,6,6,0,unchanged
I00281,Utilities,2020,AAA,AAA,0,0,0,0,7,7,0,unchanged
I00283,Healthcare,2020,AA,AA,0,0,0,0,6,6,0,unchanged
I00284,Healthcare,2020,CCC,CCC,0,0,0,0,1,1,0,unchanged
I00285,Energy,2020,BBB,BB,0,1,0,1,4,3,-1,downgrade
I00287,Energy,2020,BBB,BBB,0,0,0,0,4,4,0,unchanged
I00288,Technology,2020,BBB,BBB,0,0,0,0,4,4,0,unchanged
I00289,Industrials,2020,BBB,BBB,0,0,0,0,4,4,0,unchanged
I00290,Retail,2020,BBB,BBB,0,0,0,0,4,4,0,unchanged
I00291,Energy,2020,BBB,BBB,0,0,0,0,4,4,0,unchanged
I00292,Energy,2020,BBB,A,1,0,0,-1,4,5,1,upgrade
I00293,Industrials,2020,A,A,0,0,0,0,5,5,0,unchanged
I00294,Financials,2020,BBB,BBB,0,0,0,0,4,4,0,unchanged
I00295,Financials,2020,BBB,BBB,0,0,0,0,4,4,0,unchanged
I00296,Technology,2020,BBB,D,0,0,1,4,4,0,-4,default
I00297,Telecom,2020,BB,BB,0,0,0,0,3,3,0,unchanged
I00298,Utilities,2020,BBB,BBB,0,0,0,0,4,4,0,unchanged
I00300,Real_Estate,2020,BB,BB,0,0,0,0,3,3,0,unchanged
I00301,Healthcare,2020,BBB,BBB,0,0,0,0,4,4,0,unchanged
I00302,Utilities,2020,BBB,BBB,0,0,0,0,4,4,0,unchanged
I00303,Financials,2020,AA,AA,0,0,0,0,6,6,0,unchanged
I00304,Financials,2020,BBB,BBB,0,0,0,0,4,4,0,unchanged
I00306,Telecom,2020,CCC,CCC,0,0,0,0,1,1,0,unchanged
I00308,Real_Estate,2020,BBB,BBB,0,0,0,0,4,4,0,unchanged
I00309,Energy,2020,A,A,0,0,0,0,5,5,0,unchanged
I00310,Healthcare,2020,A,A,0,0,0,0,5,5,0,unchanged
I00311,Real_Estate,2020,B,CCC,0,1,0,1,2,1,-1,downgrade
I00312,Technology,2020,BBB,BBB,0,0,0,0,4,4,0,unchanged
I00313,Consumer,2020,A,A,0,0,0,0,5,5,0,unchanged
I00314,Industrials,2020,AAA,AA,0,1,0,1,7,6,-1,downgrade
I00315,Industrials,2020,BB,BB,0,0,0,0,3,3,0,unchanged
I00316,Technology,2020,BB,BBB,1,0,0,-1,3,4,1,upgrade
I00318,Energy,2020,B,BB,1,0,0,-1,2,3,1,upgrade
I00319,Financials,2020,A,A,0,0,0,0,5,5,0,unchanged
I00320,Consumer,2020,A,A,0,0,0,0,5,5,0,unchanged
I00321,Healthcare,2020,A,A,0,0,0,0,5,5,0,unchanged
I00322,Technology,2020,BB,BB,0,0,0,0,3,3,0,unchanged
I00324,Financials,2020,B,B,0,0,0,0,2,2,0,unchanged
I00325,Retail,2020,A,A,0,0,0,0,5,5,0,unchanged
I00326,Telecom,2020,BBB,BBB,0,0,0,0,4,4,0,unchanged
I00327,Utilities,2020,BBB,A,1,0,0,-1,4,5,1,upgrade
I00328,Real_Estate,2020,BB,BB,0,0,0,0,3,3,0,unchanged
I00329,Technology,2020,AA,AA,0,0,0,0,6,6,0,unchanged
I00330,Industrials,2020,B,B,0,0,0,0,2,2,0,unchanged
I00332,Telecom,2020,BB,BB,0,0,0,0,3,3,0,unchanged
I00333,Consumer,2020,BB,BB,0,0,0,0,3,3,0,unchanged
I00334,Utilities,2020,BBB,BBB,0,0,0,0,4,4,0,unchanged
I00335,Utilities,2020,BB,BBB,1,0,0,-1,3,4,1,upgrade
I00336,Utilities,2020,B,B,0,0,0,0,2,2,0,unchanged
I00337,Financials,2020,AA,AAA,1,0,0,-1,6,7,1,upgrade
I00338,Financials,2020,BBB,BBB,0,0,0,0,4,4,0,unchanged
I00339,Retail,2020,BB,BB,0,0,0,0,3,3,0,unchanged
I00340,Real_Estate,2020,BB,BB,0,0,0,0,3,3,0,unchanged
I00341,Financials,2020,BBB,A,1,0,0,-1,4,5,1,upgrade
I00342,Technology,2020,BBB,BBB,0,0,0,0,4,4,0,unchanged
I00343,Consumer,2020,B,B,0,0,0,0,2,2,0,unchanged
I00344,Energy,2020,AAA,AAA,0,0,0,0,7,7,0,unchanged
I00345,Utilities,2020,B,BB,1,0,0,-1,2,3,1,upgrade
I00346,Industrials,2020,B,B,0,0,0,0,2,2,0,unchanged
I00347,Financials,2020,B,B,0,0,0,0,2,2,0,unchanged
I00348,Retail,2020,BBB,BBB,0,0,0,0,4,4,0,unchanged
I00349,Utilities,2020,BBB,D,0,0,1,4,4,0,-4,default
I00350,Healthcare,2020,B,B,0,0,0,0,2,2,0,unchanged
I00351,Technology,2020,AA,AA,0,0,0,0,6,6,0,unchanged
I00352,Utilities,2020,A,A,0,0,0,0,5,5,0,unchanged
I00353,Retail,2020,B,B,0,0,0,0,2,2,0,unchanged
I00354,Healthcare,2020,AAA,AAA,0,0,0,0,7,7,0,unchanged
I00355,Healthcare,2020,B,B,0,0,0,0,2,2,0,unchanged
I00356,Healthcare,2020,AA,AA,0,0,0,0,6,6,0,unchanged
I00357,Industrials,2020,A,A,0,0,0,0,5,5,0,unchanged
I00359,Consumer,2020,BB,BB,0,0,0,0,3,3,0,unchanged
I00360,Real_Estate,2020,B,B,0,0,0,0,2,2,0,unchanged
I00361,Healthcare,2020,B,CCC,0,1,0,1,2,1,-1,downgrade
I00362,Industrials,2020,BB,BB,0,0,0,0,3,3,0,unchanged
I00363,Energy,2020,BBB,BBB,0,0,0,0,4,4,0,unchanged
I00366,Energy,2020,B,B,0,0,0,0,2,2,0,unchanged
I00367,Utilities,2020,BBB,BBB,0,0,0,0,4,4,0,unchanged
I00368,Healthcare,2020,BBB,D,0,0,1,4,4,0,-4,default
I00369,Healthcare,2020,BB,BB,0,0,0,0,3,3,0,unchanged
I00370,Utilities,2020,BBB,BBB,0,0,0,0,4,4,0,unchanged
I00371,Technology,2020,A,CCC,0,1,0,4,5,1,-4,downgrade
I00372,Energy,2020,CCC,D,0,0,1,1,1,0,-1,default
I00373,Energy,2020,BB,BB,0,0,0,0,3,3,0,unchanged
I00374,Utilities,2020,BB,BB,0,0,0,0,3,3,0,unchanged
I00375,Retail,2020,A,A,0,0,0,0,5,5,0,unchanged
I00376,Industrials,2020,BB,BB,0,0,0,0,3,3,0,unchanged
I00377,Energy,2020,A,A,0,0,0,0,5,5,0,unchanged
I00378,Technology,2020,B,B,0,0,0,0,2,2,0,unchanged
I00379,Healthcare,2020,AA,AA,0,0,0,0,6,6,0,unchanged
I00380,Financials,2020,A,A,0,0,0,0,5,5,0,unchanged
I00381,Telecom,2020,A,A,0,0,0,0,5,5,0,unchanged
I00382,Energy,2020,BB,BB,0,0,0,0,3,3,0,unchanged
I00383,Financials,2020,B,B,0,0,0,0,2,2,0,unchanged
I00384,Healthcare,2020,CCC,CCC,0,0,0,0,1,1,0,unchanged
I00385,Industrials,2020,AA,AA,0,0,0,0,6,6,0,unchanged
I00386,Real_Estate,2020,B,D,0,0,1,2,2,0,-2,default
I00387,Financials,2020,BBB,BBB,0,0,0,0,4,4,0,unchanged
I00388,Retail,2020,B,B,0,0,0,0,2,2,0,unchanged
I00389,Healthcare,2020,B,B,0,0,0,0,2,2,0,unchanged
I00390,Consumer,2020,BBB,BBB,0,0,0,0,4,4,0,unchanged
I00391,Technology,2020,A,A,0,0,0,0,5,5,0,unchanged
I00392,Healthcare,2020,BBB,BBB,0,0,0,0,4,4,0,unchanged
I00393,Industrials,2020,BB,B,0,1,0,1,3,2,-1,downgrade
I00394,Technology,2020,BBB,BBB,0,0,0,0,4,4,0,unchanged
I00395,Healthcare,2020,BBB,BBB,0,0,0,0,4,4,0,unchanged
I00396,Industrials,2020,BB,BB,0,0,0,0,3,3,0,unchanged
I00397,Energy,2020,AA,AA,0,0,0,0,6,6,0,unchanged
I00398,Retail,2020,AA,AA,0,0,0,0,6,6,0,unchanged
I00399,Technology,2020,BBB,BBB,0,0,0,0,4,4,0,unchanged
I00400,Industrials,2020,BBB,BBB,0,0,0,0,4,4,0,unchanged
I00401,Utilities,2020,B,B,0,0,0,0,2,2,0,unchanged
I00403,Energy,2020,B,B,0,0,0,0,2,2,0,unchanged
I00404,Industrials,2020,B,B,0,0,0,0,2,2,0,unchanged
I00405,Retail,2020,B,B,0,0,0,0,2,2,0,unchanged
I00406,Financials,2020,B,B,0,0,0,0,2,2,0,unchanged
I00407,Energy,2020,A,A,0,0,0,0,5,5,0,unchanged
I00408,Financials,2020,A,A,0,0,0,0,5,5,0,unchanged
I00409,Technology,2020,A,BBB,0,1,0,1,5,4,-1,downgrade
I00410,Energy,2020,BB,BB,0,0,0,0,3,3,0,unchanged
I00411,Retail,2020,BB,BB,0,0,0,0,3,3,0,unchanged
I00412,Industrials,2020,A,A,0,0,0,0,5,5,0,unchanged
I00414,Real_Estate,2020,B,B,0,0,0,0,2,2,0,unchanged
I00416,Energy,2020,BBB,BBB,0,0,0,0,4,4,0,unchanged
I00419,Industrials,2020,A,A,0,0,0,0,5,5,0,unchanged
I00420,Telecom,2020,BBB,BBB,0,0,0,0,4,4,0,unchanged
I00421,Retail,2020,A,A,0,0,0,0,5,5,0,unchanged
I00422,Healthcare,2020,B,B,0,0,0,0,2,2,0,unchanged
I00424,Telecom,2020,BBB,BBB,0,0,0,0,4,4,0,unchanged
I00425,Healthcare,2020,BB,BB,0,0,0,0,3,3,0,unchanged
I00426,Telecom,2020,B,BB,1,0,0,-1,2,3,1,upgrade
I00427,Financials,2020,BB,BB,0,0,0,0,3,3,0,unchanged
I00428,Retail,2020,AA,AA,0,0,0,0,6,6,0,unchanged
I00429,Industrials,2020,A,A,0,0,0,0,5,5,0,unchanged
I00430,Financials,2020,A,A,0,0,0,0,5,5,0,unchanged
I00432,Financials,2020,B,B,0,0,0,0,2,2,0,unchanged
I00433,Real_Estate,2020,A,A,0,0,0,0,5,5,0,unchanged
I00434,Consumer,2020,B,B,0,0,0,0,2,2,0,unchanged
I00435,Retail,2020,B,B,0,0,0,0,2,2,0,unchanged
I00440,Energy,2020,AA,AA,0,0,0,0,6,6,0,unchanged
I00441,Industrials,2020,BBB,BBB,0,0,0,0,4,4,0,unchanged
I00442,Consumer,2020,BBB,BBB,0,0,0,0,4,4,0,unchanged
I00443,Retail,2020,B,B,0,0,0,0,2,2,0,unchanged
I00444,Financials,2020,BBB,BBB,0,0,0,0,4,4,0,unchanged
I00445,Industrials,2020,A,A,0,0,0,0,5,5,0,unchanged
I00447,Retail,2020,BBB,BBB,0,0,0,0,4,4,0,unchanged
I00448,Energy,2020,B,B,0,0,0,0,2,2,0,unchanged
I00450,Healthcare,2020,BB,BB,0,0,0,0,3,3,0,unchanged
I00451,Energy,2020,AAA,AAA,0,0,0,0,7,7,0,unchanged
I00452,Industrials,2020,BBB,B,0,1,0,2,4,2,-2,downgrade
I00453,Energy,2020,BBB,BBB,0,0,0,0,4,4,0,unchanged
I00454,Financials,2020,BBB,BBB,0,0,0,0,4,4,0,unchanged
I00455,Financials,2020,BB,BB,0,0,0,0,3,3,0,unchanged
I00457,Industrials,2020,CCC,D,0,0,1,1,1,0,-1,default
I00458,Telecom,2020,BBB,BBB,0,0,0,0,4,4,0,unchanged
I00460,Telecom,2020,AAA,AAA,0,0,0,0,7,7,0,unchanged
I00461,Energy,2020,BBB,BBB,0,0,0,0,4,4,0,unchanged
I00462,Real_Estate,2020,A,A,0,0,0,0,5,5,0,unchanged
I00463,Financials,2020,BBB,A,1,0,0,-1,4,5,1,upgrade
I00464,Healthcare,2020,A,A,0,0,0,0,5,5,0,unchanged
I00465,Energy,2020,AAA,AAA,0,0,0,0,7,7,0,unchanged
I00466,Energy,2020,A,A,0,0,0,0,5,5,0,unchanged
I00467,Financials,2020,A,A,0,0,0,0,5,5,0,unchanged
I00468,Technology,2020,A,A,0,0,0,0,5,5,0,unchanged
I00469,Real_Estate,2020,AA,AA,0,0,0,0,6,6,0,unchanged
I00470,Financials,2020,BBB,BBB,0,0,0,0,4,4,0,unchanged
I00471,Energy,2020,B,B,0,0,0,0,2,2,0,unchanged
I00472,Retail,2020,B,B,0,0,0,0,2,2,0,unchanged
I00474,Technology,2020,BB,BB,0,0,0,0,3,3,0,unchanged
I00475,Telecom,2020,A,BBB,0,1,0,1,5,4,-1,downgrade
I00476,Utilities,2020,BBB,BBB,0,0,0,0,4,4,0,unchanged
I00477,Technology,2020,A,A,0,0,0,0,5,5,0,unchanged
I00478,Healthcare,2020,BB,BB,0,0,0,0,3,3,0,unchanged
I00479,Consumer,2020,BBB,BBB,0,0,0,0,4,4,0,unchanged
I00480,Industrials,2020,A,CCC,0,1,0,4,5,1,-4,downgrade
I00482,Telecom,2020,BBB,BBB,0,0,0,0,4,4,0,unchanged
I00483,Utilities,2020,CCC,CCC,0,0,0,0,1,1,0,unchanged
I00484,Real_Estate,2020,AA,AA,0,0,0,0,6,6,0,unchanged
I00485,Consumer,2020,BB,BB,0,0,0,0,3,3,0,unchanged
I00486,Utilities,2020,BB,BB,0,0,0,0,3,3,0,unchanged
I00487,Consumer,2020,BBB,BBB,0,0,0,0,4,4,0,unchanged
I00488,Utilities,2020,BBB,BBB,0,0,0,0,4,4,0,unchanged
I00489,Industrials,2020,B,BB,1,0,0,-1,2,3,1,upgrade
I00490,Utilities,2020,BBB,BBB,0,0,0,0,4,4,0,unchanged
I00491,Utilities,2020,BB,BB,0,0,0,0,3,3,0,unchanged
I00492,Financials,2020,BB,BB,0,0,0,0,3,3,0,unchanged
I00493,Industrials,2020,BB,BB,0,0,0,0,3,3,0,unchanged
I00494,Utilities,2020,BB,BB,0,0,0,0,3,3,0,unchanged
I00495,Financials,2020,A,A,0,0,0,0,5,5,0,unchanged
I00496,Energy,2020,BBB,BBB,0,0,0,0,4,4,0,unchanged
I00497,Industrials,2020,B,D,0,0,1,2,2,0,-2,default
I00498,Utilities,2020,BB,BB,0,0,0,0,3,3,0,unchanged
I00499,Real_Estate,2020,CCC,D,0,0,1,1,1,0,-1,default
I00500,Financials,2020,B,D,0,0,1,2,2,0,-2,default
I00502,Consumer,2020,A,A,0,0,0,0,5,5,0,unchanged
I00503,Telecom,2020,BBB,BBB,0,0,0,0,4,4,0,unchanged
I00504,Retail,2020,BB,BB,0,0,0,0,3,3,0,unchanged
I00505,Financials,2020,B,B,0,0,0,0,2,2,0,unchanged
I00506,Utilities,2020,BB,BB,0,0,0,0,3,3,0,unchanged
I00507,Real_Estate,2020,BB,BB,0,0,0,0,3,3,0,unchanged
I00508,Industrials,2020,BBB,BBB,0,0,0,0,4,4,0,unchanged
I00509,Real_Estate,2020,BB,BB,0,0,0,0,3,3,0,unchanged
I00510,Consumer,2020,BB,BB,0,0,0,0,3,3,0,unchanged
I00511,Consumer,2020,B,BB,1,0,0,-1,2,3,1,upgrade
I00512,Financials,2020,BB,BB,0,0,0,0,3,3,0,unchanged
I00513,Financials,2020,AA,AA,0,0,0,0,6,6,0,unchanged
I00514,Technology,2020,B,B,0,0,0,0,2,2,0,unchanged
I00515,Retail,2020,B,CCC,0,1,0,1,2,1,-1,downgrade
I00516,Consumer,2020,CCC,D,0,0,1,1,1,0,-1,default
I00517,Retail,2020,A,A,0,0,0,0,5,5,0,unchanged
I00518,Industrials,2020,A,A,0,0,0,0,5,5,0,unchanged
I00519,Telecom,2020,A,A,0,0,0,0,5,5,0,unchanged
I00520,Telecom,2020,BB,BBB,1,0,0,-1,3,4,1,upgrade
I00521,Telecom,2020,B,B,0,0,0,0,2,2,0,unchanged
I00522,Utilities,2020,A,A,0,0,0,0,5,5,0,unchanged
I00523,Utilities,2020,BBB,BBB,0,0,0,0,4,4,0,unchanged
I00525,Industrials,2020,B,CCC,0,1,0,1,2,1,-1,downgrade
I00526,Utilities,2020,B,B,0,0,0,0,2,2,0,unchanged
I00527,Real_Estate,2020,BB,BB,0,0,0,0,3,3,0,unchanged
I00528,Real_Estate,2020,BBB,BBB,0,0,0,0,4,4,0,unchanged
I00529,Telecom,2020,B,B,0,0,0,0,2,2,0,unchanged
I00530,Healthcare,2020,CCC,D,0,0,1,1,1,0,-1,default
I00531,Technology,2020,AA,AA,0,0,0,0,6,6,0,unchanged
I00532,Consumer,2020,BBB,A,1,0,0,-1,4,5,1,upgrade
I00533,Financials,2020,B,B,0,0,0,0,2,2,0,unchanged
I00534,Utilities,2020,BBB,BBB,0,0,0,0,4,4,0,unchanged
I00535,Healthcare,2020,A,A,0,0,0,0,5,5,0,unchanged
I00536,Financials,2020,BBB,BBB,0,0,0,0,4,4,0,unchanged
I00538,Retail,2020,B,B,0,0,0,0,2,2,0,unchanged
I00539,Telecom,2020,BB,BB,0,0,0,0,3,3,0,unchanged
I00540,Retail,2020,AA,AA,0,0,0,0,6,6,0,unchanged
I00541,Telecom,2020,CCC,B,1,0,0,-1,1,2,1,upgrade
I00542,Financials,2020,AA,AA,0,0,0,0,6,6,0,unchanged
I00543,Energy,2020,BB,BB,0,0,0,0,3,3,0,unchanged
I00545,Utilities,2020,BBB,BBB,0,0,0,0,4,4,0,unchanged
I00547,Real_Estate,2020,AA,A,0,1,0,1,6,5,-1,downgrade
I00548,Real_Estate,2020,AAA,AAA,0,0,0,0,7,7,0,unchanged
I00549,Financials,2020,BB,BBB,1,0,0,-1,3,4,1,upgrade
I00550,Consumer,2020,A,A,0,0,0,0,5,5,0,unchanged
I00551,Real_Estate,2020,BBB,BBB,0,0,0,0,4,4,0,unchanged
I00552,Retail,2020,CCC,CCC,0,0,0,0,1,1,0,unchanged
I00553,Healthcare,2020,AA,AA,0,0,0,0,6,6,0,unchanged
I00554,Consumer,2020,B,B,0,0,0,0,2,2,0,unchanged
I00555,Consumer,2020,A,D,0,0,1,5,5,0,-5,default
I00556,Consumer,2020,BBB,BBB,0,0,0,0,4,4,0,unchanged
I00557,Financials,2020,A,A,0,0,0,0,5,5,0,unchanged
I00558,Real_Estate,2020,B,B,0,0,0,0,2,2,0,unchanged
I00559,Telecom,2020,A,A,0,0,0,0,5,5,0,unchanged
I00560,Consumer,2020,A,A,0,0,0,0,5,5,0,unchanged
I00561,Financials,2020,AA,AA,0,0,0,0,6,6,0,unchanged
I00562,Financials,2020,BB,BB,0,0,0,0,3,3,0,unchanged
I00563,Telecom,2020,CCC,B,1,0,0,-1,1,2,1,upgrade
I00564,Telecom,2020,BBB,BBB,0,0,0,0,4,4,0,unchanged
I00565,Technology,2020,BBB,BBB,0,0,0,0,4,4,0,unchanged
I00566,Healthcare,2020,A,A,0,0,0,0,5,5,0,unchanged
I00567,Industrials,2020,A,A,0,0,0,0,5,5,0,unchanged
I00568,Consumer,2020,BBB,BBB,0,0,0,0,4,4,0,unchanged
I00569,Healthcare,2020,AA,AA,0,0,0,0,6,6,0,unchanged
I00571,Real_Estate,2020,A,A,0,0,0,0,5,5,0,unchanged
I00572,Energy,2020,BBB,BBB,0,0,0,0,4,4,0,unchanged
I00573,Industrials,2020,BBB,BBB,0,0,0,0,4,4,0,unchanged
I00574,Industrials,2020,BBB,BBB,0,0,0,0,4,4,0,unchanged
I00575,Retail,2020,BB,BB,0,0,0,0,3,3,0,unchanged
I00576,Industrials,2020,BB,B,0,1,0,1,3,2,-1,downgrade
I00577,Industrials,2020,BB,BB,0,0,0,0,3,3,0,unchanged
I00578,Industrials,2020,A,A,0,0,0,0,5,5,0,unchanged
I00579,Energy,2020,AA,A,0,1,0,1,6,5,-1,downgrade
I00580,Industrials,2020,A,A,0,0,0,0,5,5,0,unchanged
I00581,Retail,2020,B,B,0,0,0,0,2,2,0,unchanged
I00582,Healthcare,2020,BBB,BBB,0,0,0,0,4,4,0,unchanged
I00583,Financials,2020,B,B,0,0,0,0,2,2,0,unchanged
I00584,Retail,2020,A,A,0,0,0,0,5,5,0,unchanged
I00585,Utilities,2020,BBB,BBB,0,0,0,0,4,4,0,unchanged
I00586,Healthcare,2020,AA,AA,0,0,0,0,6,6,0,unchanged
I00587,Consumer,2020,B,B,0,0,0,0,2,2,0,unchanged
I00588,Financials,2020,A,A,0,0,0,0,5,5,0,unchanged
I00589,Technology,2020,BB,BB,0,0,0,0,3,3,0,unchanged
I00590,Healthcare,2020,AA,AA,0,0,0,0,6,6,0,unchanged
I00591,Real_Estate,2020,AA,AAA,1,0,0,-1,6,7,1,upgrade
I00592,Healthcare,2020,AAA,AAA,0,0,0,0,7,7,0,unchanged
I00593,Energy,2020,A,A,0,0,0,0,5,5,0,unchanged
I00594,Healthcare,2020,BBB,BBB,0,0,0,0,4,4,0,unchanged
I00595,Utilities,2020,BBB,BBB,0,0,0,0,4,4,0,unchanged
I00596,Real_Estate,2020,A,A,0,0,0,0,5,5,0,unchanged
I00597,Utilities,2020,A,A,0,0,0,0,5,5,0,unchanged
I00598,Healthcare,2020,A,A,0,0,0,0,5,5,0,unchanged
I00599,Healthcare,2020,A,A,0,0,0,0,5,5,0,unchanged
I00600,Energy,2020,BBB,BBB,0,0,0,0,4,4,0,unchanged
I00601,Utilities,2020,BBB,BBB,0,0,0,0,4,4,0,unchanged
I00602,Consumer,2020,AA,AA,0,0,0,0,6,6,0,unchanged
I00603,Financials,2020,AA,AA,0,0,0,0,6,6,0,unchanged
I00605,Telecom,2020,A,A,0,0,0,0,5,5,0,unchanged
I00606,Real_Estate,2020,B,B,0,0,0,0,2,2,0,unchanged
I00607,Retail,2020,B,B,0,0,0,0,2,2,0,unchanged
I00608,Industrials,2020,BBB,BBB,0,0,0,0,4,4,0,unchanged
I00609,Utilities,2020,AAA,AAA,0,0,0,0,7,7,0,unchanged
I00610,Utilities,2020,A,A,0,0,0,0,5,5,0,unchanged
I00611,Consumer,2020,B,B,0,0,0,0,2,2,0,unchanged
I00612,Technology,2020,A,A,0,0,0,0,5,5,0,unchanged
I00613,Technology,2020,BBB,BB,0,1,0,1,4,3,-1,downgrade
I00614,Industrials,2020,BBB,BBB,0,0,0,0,4,4,0,unchanged
I00616,Telecom,2020,A,A,0,0,0,0,5,5,0,unchanged
I00617,Industrials,2020,CCC,D,0,0,1,1,1,0,-1,default
I00618,Retail,2020,B,B,0,0,0,0,2,2,0,unchanged
I00619,Utilities,2020,A,A,0,0,0,0,5,5,0,unchanged
I00620,Healthcare,2020,AA,AA,0,0,0,0,6,6,0,unchanged
I00621,Technology,2020,BBB,BBB,0,0,0,0,4,4,0,unchanged
I00622,Retail,2020,B,B,0,0,0,0,2,2,0,unchanged
I00625,Telecom,2020,BB,BB,0,0,0,0,3,3,0,unchanged
I00626,Utilities,2020,BB,BB,0,0,0,0,3,3,0,unchanged
I00627,Technology,2020,AA,AA,0,0,0,0,6,6,0,unchanged
I00628,Telecom,2020,BBB,BBB,0,0,0,0,4,4,0,unchanged
I00629,Industrials,2020,AA,AA,0,0,0,0,6,6,0,unchanged
I00630,Energy,2020,BBB,BBB,0,0,0,0,4,4,0,unchanged
I00631,Utilities,2020,BB,B,0,1,0,1,3,2,-1,downgrade
I00632,Industrials,2020,A,A,0,0,0,0,5,5,0,unchanged
I00633,Retail,2020,BB,BBB,1,0,0,-1,3,4,1,upgrade
I00635,Consumer,2020,BB,BB,0,0,0,0,3,3,0,unchanged
I00636,Consumer,2020,BB,BB,0,0,0,0,3,3,0,unchanged
I00637,Consumer,2020,A,A,0,0,0,0,5,5,0,unchanged
I00638,Technology,2020,BBB,BBB,0,0,0,0,4,4,0,unchanged
I00639,Telecom,2020,BB,BB,0,0,0,0,3,3,0,unchanged
I00640,Telecom,2020,BBB,BBB,0,0,0,0,4,4,0,unchanged
I00641,Consumer,2020,BBB,A,1,0,0,-1,4,5,1,upgrade
I00642,Industrials,2020,A,A,0,0,0,0,5,5,0,unchanged
I00643,Industrials,2020,AA,AA,0,0,0,0,6,6,0,unchanged
I00644,Utilities,2020,BBB,BBB,0,0,0,0,4,4,0,unchanged
I00646,Industrials,2020,BBB,BBB,0,0,0,0,4,4,0,unchanged
I00647,Real_Estate,2020,BB,BB,0,0,0,0,3,3,0,unchanged
I00648,Financials,2020,A,A,0,0,0,0,5,5,0,unchanged
I00649,Energy,2020,BBB,BBB,0,0,0,0,4,4,0,unchanged
I00650,Utilities,2020,B,B,0,0,0,0,2,2,0,unchanged
I00651,Utilities,2020,AA,AA,0,0,0,0,6,6,0,unchanged
I00652,Technology,2020,BBB,BBB,0,0,0,0,4,4,0,unchanged
I00653,Telecom,2020,BB,BB,0,0,0,0,3,3,0,unchanged
I00654,Financials,2020,BB,D,0,0,1,3,3,0,-3,default
I00655,Healthcare,2020,BBB,BBB,0,0,0,0,4,4,0,unchanged
I00656,Financials,2020,BBB,BBB,0,0,0,0,4,4,0,unchanged
I00658,Telecom,2020,BBB,BB,0,1,0,1,4,3,-1,downgrade
I00659,Telecom,2020,BBB,BBB,0,0,0,0,4,4,0,unchanged
I00660,Industrials,2020,B,B,0,0,0,0,2,2,0,unchanged
I00661,Healthcare,2020,BBB,BBB,0,0,0,0,4,4,0,unchanged
I00662,Real_Estate,2020,B,B,0,0,0,0,2,2,0,unchanged
I00663,Technology,2020,A,A,0,0,0,0,5,5,0,unchanged
I00664,Healthcare,2020,A,A,0,0,0,0,5,5,0,unchanged
I00665,Financials,2020,BBB,BBB,0,0,0,0,4,4,0,unchanged
I00666,Telecom,2020,B,B,0,0,0,0,2,2,0,unchanged
I00667,Healthcare,2020,BBB,BBB,0,0,0,0,4,4,0,unchanged
I00668,Retail,2020,A,A,0,0,0,0,5,5,0,unchanged
I00669,Real_Estate,2020,A,A,0,0,0,0,5,5,0,unchanged
I00670,Healthcare,2020,A,A,0,0,0,0,5,5,0,unchanged
I00671,Retail,2020,A,A,0,0,0,0,5,5,0,unchanged
I00672,Retail,2020,B,B,0,0,0,0,2,2,0,unchanged
I00673,Healthcare,2020,BBB,A,1,0,0,-1,4,5,1,upgrade
I00674,Retail,2020,BB,D,0,0,1,3,3,0,-3,default
I00675,Telecom,2020,BB,BB,0,0,0,0,3,3,0,unchanged
I00677,Healthcare,2020,BB,BB,0,0,0,0,3,3,0,unchanged
I00678,Real_Estate,2020,BB,BBB,1,0,0,-1,3,4,1,upgrade
I00679,Consumer,2020,AA,AA,0,0,0,0,6,6,0,unchanged
I00680,Healthcare,2020,BB,BBB,1,0,0,-1,3,4,1,upgrade
I00681,Energy,2020,B,B,0,0,0,0,2,2,0,unchanged
I00682,Industrials,2020,BBB,BBB,0,0,0,0,4,4,0,unchanged
I00683,Utilities,2020,BBB,BBB,0,0,0,0,4,4,0,unchanged
I00684,Real_Estate,2020,A,A,0,0,0,0,5,5,0,unchanged
I00685,Real_Estate,2020,BBB,BBB,0,0,0,0,4,4,0,unchanged
I00686,Utilities,2020,B,B,0,0,0,0,2,2,0,unchanged
I00687,Telecom,2020,AA,AA,0,0,0,0,6,6,0,unchanged
I00688,Financials,2020,A,D,0,0,1,5,5,0,-5,default
I00691,Healthcare,2020,A,A,0,0,0,0,5,5,0,unchanged
I00692,Retail,2020,B,B,0,0,0,0,2,2,0,unchanged
I00693,Financials,2020,BB,BB,0,0,0,0,3,3,0,unchanged
I00694,Financials,2020,BBB,BBB,0,0,0,0,4,4,0,unchanged
I00695,Real_Estate,2020,BBB,BBB,0,0,0,0,4,4,0,unchanged
I00696,Healthcare,2020,AAA,AAA,0,0,0,0,7,7,0,unchanged
I00697,Financials,2020,A,A,0,0,0,0,5,5,0,unchanged
I00698,Financials,2020,BB,D,0,0,1,3,3,0,-3,default
I00699,Energy,2020,BB,BB,0,0,0,0,3,3,0,unchanged
I00700,Real_Estate,2020,BBB,A,1,0,0,-1,4,5,1,upgrade
I00701,Technology,2020,BB,BB,0,0,0,0,3,3,0,unchanged
I00702,Telecom,2020,BBB,A,1,0,0,-1,4,5,1,upgrade
I00703,Healthcare,2020,A,A,0,0,0,0,5,5,0,unchanged
I00704,Technology,2020,A,A,0,0,0,0,5,5,0,unchanged
I00705,Retail,2020,BBB,BBB,0,0,0,0,4,4,0,unchanged
I00706,Industrials,2020,B,B,0,0,0,0,2,2,0,unchanged
I00707,Financials,2020,A,A,0,0,0,0,5,5,0,unchanged
I00708,Financials,2020,BBB,BBB,0,0,0,0,4,4,0,unchanged
I00709,Consumer,2020,B,B,0,0,0,0,2,2,0,unchanged
I00710,Financials,2020,BBB,BBB,0,0,0,0,4,4,0,unchanged
I00711,Telecom,2020,A,BBB,0,1,0,1,5,4,-1,downgrade
I00712,Retail,2020,BB,BB,0,0,0,0,3,3,0,unchanged
I00714,Technology,2020,A,A,0,0,0,0,5,5,0,unchanged
I00715,Healthcare,2020,BB,BB,0,0,0,0,3,3,0,unchanged
I00716,Energy,2020,B,B,0,0,0,0,2,2,0,unchanged
I00717,Technology,2020,A,A,0,0,0,0,5,5,0,unchanged
I00718,Retail,2020,A,A,0,0,0,0,5,5,0,unchanged
I00719,Consumer,2020,A,A,0,0,0,0,5,5,0,unchanged
I00720,Telecom,2020,A,A,0,0,0,0,5,5,0,unchanged
I00721,Utilities,2020,BB,D,0,0,1,3,3,0,-3,default
I00722,Financials,2020,CCC,CCC,0,0,0,0,1,1,0,unchanged
I00724,Consumer,2020,BBB,D,0,0,1,4,4,0,-4,default
I00725,Healthcare,2020,AA,BBB,0,1,0,2,6,4,-2,downgrade
I00726,Healthcare,2020,BBB,BBB,0,0,0,0,4,4,0,unchanged
I00727,Consumer,2020,BB,BB,0,0,0,0,3,3,0,unchanged
I00728,Energy,2020,A,A,0,0,0,0,5,5,0,unchanged
I00729,Telecom,2020,BBB,BBB,0,0,0,0,4,4,0,unchanged
I00731,Utilities,2020,A,A,0,0,0,0,5,5,0,unchanged
I00732,Consumer,2020,BBB,BBB,0,0,0,0,4,4,0,unchanged
I00733,Energy,2020,A,A,0,0,0,0,5,5,0,unchanged
I00734,Utilities,2020,B,B,0,0,0,0,2,2,0,unchanged
I00735,Real_Estate,2020,BB,BB,0,0,0,0,3,3,0,unchanged
I00736,Healthcare,2020,B,BB,1,0,0,-1,2,3,1,upgrade
I00738,Healthcare,2020,BBB,BB,0,1,0,1,4,3,-1,downgrade
I00739,Telecom,2020,B,B,0,0,0,0,2,2,0,unchanged
I00740,Healthcare,2020,B,B,0,0,0,0,2,2,0,unchanged
I00741,Industrials,2020,BB,BB,0,0,0,0,3,3,0,unchanged
I00742,Consumer,2020,A,A,0,0,0,0,5,5,0,unchanged
I00745,Energy,2020,BBB,BBB,0,0,0,0,4,4,0,unchanged
I00746,Financials,2020,B,B,0,0,0,0,2,2,0,unchanged
I00747,Energy,2020,BBB,BBB,0,0,0,0,4,4,0,unchanged
I00748,Utilities,2020,BBB,CCC,0,1,0,3,4,1,-3,downgrade
I00749,Telecom,2020,CCC,CCC,0,0,0,0,1,1,0,unchanged
I00750,Technology,2020,AA,AA,0,0,0,0,6,6,0,unchanged
I00751,Real_Estate,2020,A,A,0,0,0,0,5,5,0,unchanged
I00752,Retail,2020,BBB,BBB,0,0,0,0,4,4,0,unchanged
I00753,Industrials,2020,AA,A,0,1,0,1,6,5,-1,downgrade
I00754,Real_Estate,2020,A,BBB,0,1,0,1,5,4,-1,downgrade
I00755,Retail,2020,A,A,0,0,0,0,5,5,0,unchanged
I00756,Financials,2020,BB,B,0,1,0,1,3,2,-1,downgrade
I00757,Industrials,2020,B,B,0,0,0,0,2,2,0,unchanged
I00758,Consumer,2020,B,B,0,0,0,0,2,2,0,unchanged
I00759,Telecom,2020,B,D,0,0,1,2,2,0,-2,default
I00760,Retail,2020,CCC,D,0,0,1,1,1,0,-1,default
I00761,Telecom,2020,BBB,BBB,0,0,0,0,4,4,0,unchanged
I00762,Retail,2020,BBB,BB,0,1,0,1,4,3,-1,downgrade
I00763,Utilities,2020,B,B,0,0,0,0,2,2,0,unchanged
I00764,Technology,2020,A,BBB,0,1,0,1,5,4,-1,downgrade
I00765,Industrials,2020,AA,AA,0,0,0,0,6,6,0,unchanged
I00766,Industrials,2020,A,A,0,0,0,0,5,5,0,unchanged
I00767,Telecom,2020,B,B,0,0,0,0,2,2,0,unchanged
I00768,Energy,2020,A,B,0,1,0,3,5,2,-3,downgrade
I00769,Retail,2020,BBB,B,0,1,0,2,4,2,-2,downgrade
I00770,Retail,2020,BBB,BBB,0,0,0,0,4,4,0,unchanged
I00771,Financials,2020,A,A,0,0,0,0,5,5,0,unchanged
I00772,Technology,2020,A,BBB,0,1,0,1,5,4,-1,downgrade
I00773,Industrials,2020,AA,AA,0,0,0,0,6,6,0,unchanged
I00774,Financials,2020,A,A,0,0,0,0,5,5,0,unchanged
I00775,Financials,2020,BB,BB,0,0,0,0,3,3,0,unchanged
I00776,Consumer,2020,AA,A,0,1,0,1,6,5,-1,downgrade
I00777,Utilities,2020,B,B,0,0,0,0,2,2,0,unchanged
I00778,Financials,2020,BBB,BBB,0,0,0,0,4,4,0,unchanged
I00779,Financials,2020,A,A,0,0,0,0,5,5,0,unchanged
I00780,Consumer,2020,AA,AA,0,0,0,0,6,6,0,unchanged
I00781,Industrials,2020,BB,BB,0,0,0,0,3,3,0,unchanged
I00782,Telecom,2020,BBB,BBB,0,0,0,0,4,4,0,unchanged
I00783,Utilities,2020,BB,BB,0,0,0,0,3,3,0,unchanged
I00784,Financials,2020,CCC,CCC,0,0,0,0,1,1,0,unchanged
I00785,Consumer,2020,B,B,0,0,0,0,2,2,0,unchanged
I00786,Healthcare,2020,AAA,AAA,0,0,0,0,7,7,0,unchanged
I00787,Industrials,2020,A,A,0,0,0,0,5,5,0,unchanged
I00788,Real_Estate,2020,CCC,D,0,0,1,1,1,0,-1,default
I00789,Utilities,2020,A,A,0,0,0,0,5,5,0,unchanged
I00790,Retail,2020,B,B,0,0,0,0,2,2,0,unchanged
I00791,Energy,2020,BB,BB,0,0,0,0,3,3,0,unchanged
I00792,Real_Estate,2020,AA,AA,0,0,0,0,6,6,0,unchanged
I00793,Consumer,2020,A,A,0,0,0,0,5,5,0,unchanged
I00794,Energy,2020,BB,BB,0,0,0,0,3,3,0,unchanged
I00795,Consumer,2020,A,A,0,0,0,0,5,5,0,unchanged
I00797,Telecom,2020,B,B,0,0,0,0,2,2,0,unchanged
I00798,Consumer,2020,BBB,BBB,0,0,0,0,4,4,0,unchanged
I00799,Industrials,2020,A,A,0,0,0,0,5,5,0,unchanged
I00800,Real_Estate,2020,B,B,0,0,0,0,2,2,0,unchanged
I00801,Telecom,2020,BBB,BBB,0,0,0,0,4,4,0,unchanged
I00802,Industrials,2020,BBB,BB,0,1,0,1,4,3,-1,downgrade
I00803,Retail,2020,AAA,A,0,1,0,2,7,5,-2,downgrade
I00804,Healthcare,2020,A,A,0,0,0,0,5,5,0,unchanged
I00806,Financials,2020,B,B,0,0,0,0,2,2,0,unchanged
I00807,Consumer,2020,BB,BB,0,0,0,0,3,3,0,unchanged
I00808,Energy,2020,BBB,BBB,0,0,0,0,4,4,0,unchanged
I00809,Healthcare,2020,B,A,1,0,0,-3,2,5,3,upgrade
I00810,Technology,2020,CCC,D,0,0,1,1,1,0,-1,default
I00811,Telecom,2020,A,BBB,0,1,0,1,5,4,-1,downgrade
I00812,Utilities,2020,A,A,0,0,0,0,5,5,0,unchanged
I00813,Real_Estate,2020,A,A,0,0,0,0,5,5,0,unchanged
I00814,Financials,2020,BBB,BBB,0,0,0,0,4,4,0,unchanged
I00816,Telecom,2020,CCC,CCC,0,0,0,0,1,1,0,unchanged
I00818,Real_Estate,2020,B,B,0,0,0,0,2,2,0,unchanged
I00819,Real_Estate,2020,BBB,BBB,0,0,0,0,4,4,0,unchanged
I00820,Real_Estate,2020,BB,BB,0,0,0,0,3,3,0,unchanged
I00821,Consumer,2020,BB,BBB,1,0,0,-1,3,4,1,upgrade
I00822,Consumer,2020,BBB,BBB,0,0,0,0,4,4,0,unchanged
I00823,Consumer,2020,A,A,0,0,0,0,5,5,0,unchanged
I00824,Consumer,2020,BB,BB,0,0,0,0,3,3,0,unchanged
I00826,Energy,2020,AA,AA,0,0,0,0,6,6,0,unchanged
I00828,Consumer,2020,A,A,0,0,0,0,5,5,0,unchanged
I00829,Industrials,2020,BB,D,0,0,1,3,3,0,-3,default
I00830,Financials,2020,B,B,0,0,0,0,2,2,0,unchanged
I00831,Consumer,2020,BBB,BBB,0,0,0,0,4,4,0,unchanged
I00832,Telecom,2020,BBB,BBB,0,0,0,0,4,4,0,unchanged
I00833,Real_Estate,2020,AA,A,0,1,0,1,6,5,-1,downgrade
I00834,Industrials,2020,AAA,AAA,0,0,0,0,7,7,0,unchanged
I00835,Telecom,2020,AA,AA,0,0,0,0,6,6,0,unchanged
I00836,Financials,2020,A,A,0,0,0,0,5,5,0,unchanged
I00837,Utilities,2020,BB,BB,0,0,0,0,3,3,0,unchanged
I00838,Financials,2020,AA,AA,0,0,0,0,6,6,0,unchanged
I00839,Energy,2020,A,A,0,0,0,0,5,5,0,unchanged
I00840,Industrials,2020,B,B,0,0,0,0,2,2,0,unchanged
I00841,Industrials,2020,B,B,0,0,0,0,2,2,0,unchanged
I00842,Retail,2020,AAA,AAA,0,0,0,0,7,7,0,unchanged
I00843,Industrials,2020,A,A,0,0,0,0,5,5,0,unchanged
I00844,Utilities,2020,B,B,0,0,0,0,2,2,0,unchanged
I00845,Industrials,2020,A,A,0,0,0,0,5,5,0,unchanged
I00846,Utilities,2020,BB,D,0,0,1,3,3,0,-3,default
I00847,Financials,2020,CCC,CCC,0,0,0,0,1,1,0,unchanged
I00848,Technology,2020,AA,D,0,0,1,6,6,0,-6,default
I00850,Utilities,2020,BBB,BBB,0,0,0,0,4,4,0,unchanged
I00851,Industrials,2020,BBB,BB,0,1,0,1,4,3,-1,downgrade
I00853,Retail,2020,BBB,BBB,0,0,0,0,4,4,0,unchanged
I00854,Financials,2020,BBB,BBB,0,0,0,0,4,4,0,unchanged
I00855,Financials,2020,AA,AA,0,0,0,0,6,6,0,unchanged
I00856,Technology,2020,B,B,0,0,0,0,2,2,0,unchanged
I00857,Consumer,2020,BBB,BBB,0,0,0,0,4,4,0,unchanged
I00858,Consumer,2020,BBB,BBB,0,0,0,0,4,4,0,unchanged
I00859,Technology,2020,BBB,BBB,0,0,0,0,4,4,0,unchanged
I00860,Real_Estate,2020,B,B,0,0,0,0,2,2,0,unchanged
I00862,Retail,2020,B,D,0,0,1,2,2,0,-2,default
I00863,Technology,2020,A,A,0,0,0,0,5,5,0,unchanged
I00864,Real_Estate,2020,BBB,BBB,0,0,0,0,4,4,0,unchanged
I00865,Consumer,2020,BBB,A,1,0,0,-1,4,5,1,upgrade
I00866,Utilities,2020,A,A,0,0,0,0,5,5,0,unchanged
I00867,Energy,2020,BBB,BBB,0,0,0,0,4,4,0,unchanged
I00868,Retail,2020,A,A,0,0,0,0,5,5,0,unchanged
I00869,Retail,2020,B,B,0,0,0,0,2,2,0,unchanged
I00870,Energy,2020,B,B,0,0,0,0,2,2,0,unchanged
I00871,Real_Estate,2020,BBB,BBB,0,0,0,0,4,4,0,unchanged
I00873,Financials,2020,A,A,0,0,0,0,5,5,0,unchanged
I00874,Financials,2020,B,B,0,0,0,0,2,2,0,unchanged
I00875,Industrials,2020,A,A,0,0,0,0,5,5,0,unchanged
I00876,Energy,2020,B,B,0,0,0,0,2,2,0,unchanged
I00877,Real_Estate,2020,BBB,B,0,1,0,2,4,2,-2,downgrade
I00878,Financials,2020,A,A,0,0,0,0,5,5,0,unchanged
I00879,Industrials,2020,A,A,0,0,0,0,5,5,0,unchanged
I00880,Retail,2020,BBB,BBB,0,0,0,0,4,4,0,unchanged
I00881,Energy,2020,BB,BB,0,0,0,0,3,3,0,unchanged
I00882,Financials,2020,B,D,0,0,1,2,2,0,-2,default
I00883,Real_Estate,2020,B,B,0,0,0,0,2,2,0,unchanged
I00884,Telecom,2020,AA,AA,0,0,0,0,6,6,0,unchanged
I00885,Technology,2020,A,A,0,0,0,0,5,5,0,unchanged
I00887,Technology,2020,A,A,0,0,0,0,5,5,0,unchanged
I00888,Technology,2020,BBB,BBB,0,0,0,0,4,4,0,unchanged
I00889,Retail,2020,A,A,0,0,0,0,5,5,0,unchanged
I00890,Energy,2020,A,A,0,0,0,0,5,5,0,unchanged
I00891,Industrials,2020,BBB,BBB,0,0,0,0,4,4,0,unchanged
I00892,Energy,2020,A,A,0,0,0,0,5,5,0,unchanged
I00893,Real_Estate,2020,BBB,CCC,0,1,0,3,4,1,-3,downgrade
I00894,Energy,2020,A,A,0,0,0,0,5,5,0,unchanged
I00895,Real_Estate,2020,B,B,0,0,0,0,2,2,0,unchanged
I00896,Telecom,2020,CCC,CCC,0,0,0,0,1,1,0,unchanged
I00897,Real_Estate,2020,A,A,0,0,0,0,5,5,0,unchanged
I00898,Retail,2020,BBB,BBB,0,0,0,0,4,4,0,unchanged
I00899,Telecom,2020,BB,BB,0,0,0,0,3,3,0,unchanged
I00900,Industrials,2020,B,B,0,0,0,0,2,2,0,unchanged
I00901,Energy,2020,BB,B,0,1,0,1,3,2,-1,downgrade
I00902,Healthcare,2020,BBB,A,1,0,0,-1,4,5,1,upgrade
I00903,Consumer,2020,BBB,A,1,0,0,-1,4,5,1,upgrade
I00905,Technology,2020,B,B,0,0,0,0,2,2,0,unchanged
I00906,Financials,2020,BB,B,0,1,0,1,3,2,-1,downgrade
I00907,Healthcare,2020,BB,BBB,1,0,0,-1,3,4,1,upgrade
I00908,Financials,2020,BBB,BBB,0,0,0,0,4,4,0,unchanged
I00909,Telecom,2020,BB,BB,0,0,0,0,3,3,0,unchanged
I00910,Energy,2020,B,B,0,0,0,0,2,2,0,unchanged
I00911,Retail,2020,AA,AA,0,0,0,0,6,6,0,unchanged
I00912,Real_Estate,2020,BB,BB,0,0,0,0,3,3,0,unchanged
I00913,Industrials,2020,BB,BB,0,0,0,0,3,3,0,unchanged
I00914,Telecom,2020,BB,BB,0,0,0,0,3,3,0,unchanged
I00915,Technology,2020,AA,AA,0,0,0,0,6,6,0,unchanged
I00916,Energy,2020,A,A,0,0,0,0,5,5,0,unchanged
I00917,Industrials,2020,A,A,0,0,0,0,5,5,0,unchanged
I00918,Energy,2020,BB,BB,0,0,0,0,3,3,0,unchanged
I00920,Energy,2020,BBB,BBB,0,0,0,0,4,4,0,unchanged
I00921,Financials,2020,AA,A,0,1,0,1,6,5,-1,downgrade
I00922,Telecom,2020,A,A,0,0,0,0,5,5,0,unchanged
I00923,Consumer,2020,B,B,0,0,0,0,2,2,0,unchanged
I00924,Healthcare,2020,BBB,BBB,0,0,0,0,4,4,0,unchanged
I00925,Utilities,2020,AA,AA,0,0,0,0,6,6,0,unchanged
I00926,Utilities,2020,CCC,CCC,0,0,0,0,1,1,0,unchanged
I00927,Energy,2020,BBB,BBB,0,0,0,0,4,4,0,unchanged
I00928,Consumer,2020,A,A,0,0,0,0,5,5,0,unchanged
I00929,Industrials,2020,B,B,0,0,0,0,2,2,0,unchanged
I00930,Real_Estate,2020,A,A,0,0,0,0,5,5,0,unchanged
I00931,Technology,2020,BB,BB,0,0,0,0,3,3,0,unchanged
I00932,Real_Estate,2020,AA,AA,0,0,0,0,6,6,0,unchanged
I00933,Telecom,2020,BBB,A,1,0,0,-1,4,5,1,upgrade
I00934,Telecom,2020,BBB,A,1,0,0,-1,4,5,1,upgrade
I00935,Technology,2020,B,B,0,0,0,0,2,2,0,unchanged
I00936,Energy,2020,BB,BB,0,0,0,0,3,3,0,unchanged
I00937,Industrials,2020,BBB,BBB,0,0,0,0,4,4,0,unchanged
I00938,Telecom,2020,B,B,0,0,0,0,2,2,0,unchanged
I00939,Technology,2020,A,A,0,0,0,0,5,5,0,unchanged
I00940,Financials,2020,AA,AA,0,0,0,0,6,6,0,unchanged
I00942,Technology,2020,B,BB,1,0,0,-1,2,3,1,upgrade
I00943,Real_Estate,2020,BB,BB,0,0,0,0,3,3,0,unchanged
I00944,Healthcare,2020,CCC,B,1,0,0,-1,1,2,1,upgrade
I00945,Industrials,2020,A,A,0,0,0,0,5,5,0,unchanged
I00946,Utilities,2020,BBB,BBB,0,0,0,0,4,4,0,unchanged
I00947,Telecom,2020,BB,BB,0,0,0,0,3,3,0,unchanged
I00948,Technology,2020,BB,BB,0,0,0,0,3,3,0,unchanged
I00949,Financials,2020,BBB,BBB,0,0,0,0,4,4,0,unchanged
I00950,Telecom,2020,B,B,0,0,0,0,2,2,0,unchanged
I00951,Real_Estate,2020,A,A,0,0,0,0,5,5,0,unchanged
I00952,Technology,2020,BBB,BBB,0,0,0,0,4,4,0,unchanged
I00953,Real_Estate,2020,B,B,0,0,0,0,2,2,0,unchanged
I00954,Healthcare,2020,AA,AA,0,0,0,0,6,6,0,unchanged
I00955,Real_Estate,2020,BBB,BBB,0,0,0,0,4,4,0,unchanged
I00956,Consumer,2020,BB,BB,0,0,0,0,3,3,0,unchanged
I00957,Healthcare,2020,A,A,0,0,0,0,5,5,0,unchanged
I00958,Healthcare,2020,BBB,BBB,0,0,0,0,4,4,0,unchanged
I00959,Utilities,2020,A,A,0,0,0,0,5,5,0,unchanged
I00960,Industrials,2020,B,B,0,0,0,0,2,2,0,unchanged
I00961,Telecom,2020,BB,BB,0,0,0,0,3,3,0,unchanged
I00962,Healthcare,2020,AA,AA,0,0,0,0,6,6,0,unchanged
I00963,Utilities,2020,BBB,BBB,0,0,0,0,4,4,0,unchanged
I00964,Financials,2020,BBB,BBB,0,0,0,0,4,4,0,unchanged
I00965,Consumer,2020,BBB,BBB,0,0,0,0,4,4,0,unchanged
I00966,Healthcare,2020,BBB,CCC,0,1,0,3,4,1,-3,downgrade
I00967,Retail,2020,B,B,0,0,0,0,2,2,0,unchanged
I00968,Healthcare,2020,A,BBB,0,1,0,1,5,4,-1,downgrade
I00970,Real_Estate,2020,BBB,A,1,0,0,-1,4,5,1,upgrade
I00972,Utilities,2020,B,B,0,0,0,0,2,2,0,unchanged
I00973,Energy,2020,AA,AA,0,0,0,0,6,6,0,unchanged
I00974,Healthcare,2020,BBB,BBB,0,0,0,0,4,4,0,unchanged
I00975,Real_Estate,2020,BBB,BBB,0,0,0,0,4,4,0,unchanged
I00976,Consumer,2020,CCC,CCC,0,0,0,0,1,1,0,unchanged
I00977,Industrials,2020,AA,AA,0,0,0,0,6,6,0,unchanged
I00978,Utilities,2020,BBB,BBB,0,0,0,0,4,4,0,unchanged
I00979,Retail,2020,CCC,CCC,0,0,0,0,1,1,0,unchanged
I00980,Financials,2020,AA,AA,0,0,0,0,6,6,0,unchanged
I00981,Financials,2020,B,B,0,0,0,0,2,2,0,unchanged
I00982,Telecom,2020,BBB,BBB,0,0,0,0,4,4,0,unchanged
I00983,Industrials,2020,BBB,BBB,0,0,0,0,4,4,0,unchanged
I00984,Consumer,2020,AA,AA,0,0,0,0,6,6,0,unchanged
I00985,Energy,2020,A,BBB,0,1,0,1,5,4,-1,downgrade
I00986,Industrials,2020,BBB,BBB,0,0,0,0,4,4,0,unchanged
I00987,Healthcare,2020,BB,BB,0,0,0,0,3,3,0,unchanged
I00988,Real_Estate,2020,B,B,0,0,0,0,2,2,0,unchanged
I00989,Industrials,2020,BBB,D,0,0,1,4,4,0,-4,default
I00990,Energy,2020,AA,AA,0,0,0,0,6,6,0,unchanged
I00993,Retail,2020,BBB,BBB,0,0,0,0,4,4,0,unchanged
I00995,Utilities,2020,B,B,0,0,0,0,2,2,0,unchanged
I00996,Real_Estate,2020,B,CCC,0,1,0,1,2,1,-1,downgrade
I00997,Energy,2020,AAA,AAA,0,0,0,0,7,7,0,unchanged
I00998,Healthcare,2020,BBB,BBB,0,0,0,0,4,4,0,unchanged
I01000,Retail,2020,B,B,0,0,0,0,2,2,0,unchanged
I01001,Telecom,2020,BB,BB,0,0,0,0,3,3,0,unchanged
I01004,Financials,2020,A,A,0,0,0,0,5,5,0,unchanged
I01005,Industrials,2020,CCC,D,0,0,1,1,1,0,-1,default
I01007,Technology,2020,B,B,0,0,0,0,2,2,0,unchanged
I01008,Retail,2020,B,B,0,0,0,0,2,2,0,unchanged
I01009,Consumer,2020,A,A,0,0,0,0,5,5,0,unchanged
I01010,Energy,2020,BBB,BBB,0,0,0,0,4,4,0,unchanged
I01011,Energy,2020,A,A,0,0,0,0,5,5,0,unchanged
I01012,Consumer,2020,B,D,0,0,1,2,2,0,-2,default
I01013,Technology,2020,A,A,0,0,0,0,5,5,0,unchanged
I01014,Healthcare,2020,BBB,BBB,0,0,0,0,4,4,0,unchanged
I01015,Energy,2020,A,A,0,0,0,0,5,5,0,unchanged
I01016,Consumer,2020,AA,AA,0,0,0,0,6,6,0,unchanged
I01017,Retail,2020,BBB,BBB,0,0,0,0,4,4,0,unchanged
I01018,Healthcare,2020,AA,AA,0,0,0,0,6,6,0,unchanged
I01020,Financials,2020,BBB,A,1,0,0,-1,4,5,1,upgrade
I01021,Utilities,2020,A,AA,1,0,0,-1,5,6,1,upgrade
I01022,Utilities,2020,BB,CCC,0,1,0,2,3,1,-2,downgrade
I01023,Healthcare,2020,BBB,BBB,0,0,0,0,4,4,0,unchanged
I01024,Technology,2020,A,A,0,0,0,0,5,5,0,unchanged
I01025,Utilities,2020,B,B,0,0,0,0,2,2,0,unchanged
I01027,Real_Estate,2020,AA,AA,0,0,0,0,6,6,0,unchanged
I01028,Energy,2020,CCC,D,0,0,1,1,1,0,-1,default
I01029,Utilities,2020,A,A,0,0,0,0,5,5,0,unchanged
I01030,Technology,2020,BB,BB,0,0,0,0,3,3,0,unchanged
I01031,Utilities,2020,BBB,B,0,1,0,2,4,2,-2,downgrade
I01032,Financials,2020,BBB,A,1,0,0,-1,4,5,1,upgrade
I01034,Energy,2020,BBB,BBB,0,0,0,0,4,4,0,unchanged
I01035,Technology,2020,B,B,0,0,0,0,2,2,0,unchanged
I01036,Telecom,2020,BB,BB,0,0,0,0,3,3,0,unchanged
I01038,Real_Estate,2020,AA,AA,0,0,0,0,6,6,0,unchanged
I01039,Energy,2020,BBB,BBB,0,0,0,0,4,4,0,unchanged
I01040,Telecom,2020,AAA,AAA,0,0,0,0,7,7,0,unchanged
I01041,Telecom,2020,BBB,BBB,0,0,0,0,4,4,0,unchanged
I01042,Utilities,2020,AA,AA,0,0,0,0,6,6,0,unchanged
I01043,Retail,2020,BB,BB,0,0,0,0,3,3,0,unchanged
I01044,Telecom,2020,A,A,0,0,0,0,5,5,0,unchanged
I01045,Technology,2020,B,CCC,0,1,0,1,2,1,-1,downgrade
I01046,Financials,2020,B,CCC,0,1,0,1,2,1,-1,downgrade
I01047,Consumer,2020,A,A,0,0,0,0,5,5,0,unchanged
I01048,Retail,2020,B,B,0,0,0,0,2,2,0,unchanged
I01049,Retail,2020,A,A,0,0,0,0,5,5,0,unchanged
I01050,Utilities,2020,BBB,BBB,0,0,0,0,4,4,0,unchanged
I01051,Retail,2020,BBB,BBB,0,0,0,0,4,4,0,unchanged
I01053,Retail,2020,BBB,BBB,0,0,0,0,4,4,0,unchanged
I01054,Energy,2020,AA,AA,0,0,0,0,6,6,0,unchanged
I01055,Energy,2020,AAA,AA,0,1,0,1,7,6,-1,downgrade
I01056,Telecom,2020,BB,BB,0,0,0,0,3,3,0,unchanged
I01057,Energy,2020,BB,BB,0,0,0,0,3,3,0,unchanged
I01058,Retail,2020,BB,B,0,1,0,1,3,2,-1,downgrade
I01059,Retail,2020,BBB,BBB,0,0,0,0,4,4,0,unchanged
I01060,Financials,2020,B,B,0,0,0,0,2,2,0,unchanged
I01061,Industrials,2020,BBB,B,0,1,0,2,4,2,-2,downgrade
I01062,Energy,2020,BBB,BBB,0,0,0,0,4,4,0,unchanged
I01063,Consumer,2020,BB,BB,0,0,0,0,3,3,0,unchanged
I01064,Utilities,2020,B,D,0,0,1,2,2,0,-2,default
I01065,Healthcare,2020,B,D,0,0,1,2,2,0,-2,default
I01066,Consumer,2020,A,A,0,0,0,0,5,5,0,unchanged
I01067,Healthcare,2020,BB,BB,0,0,0,0,3,3,0,unchanged
I01069,Telecom,2020,A,A,0,0,0,0,5,5,0,unchanged
I01070,Telecom,2020,A,A,0,0,0,0,5,5,0,unchanged
I01071,Retail,2020,BBB,BBB,0,0,0,0,4,4,0,unchanged
I01072,Technology,2020,BBB,BBB,0,0,0,0,4,4,0,unchanged
I01073,Real_Estate,2020,BBB,BBB,0,0,0,0,4,4,0,unchanged
I01074,Industrials,2020,AAA,AAA,0,0,0,0,7,7,0,unchanged
I01075,Energy,2020,BBB,B,0,1,0,2,4,2,-2,downgrade
I01076,Industrials,2020,B,B,0,0,0,0,2,2,0,unchanged
I01077,Technology,2020,BB,BB,0,0,0,0,3,3,0,unchanged
I01078,Telecom,2020,CCC,D,0,0,1,1,1,0,-1,default
I01079,Healthcare,2020,BB,BB,0,0,0,0,3,3,0,unchanged
I01080,Technology,2020,BB,B,0,1,0,1,3,2,-1,downgrade
I01081,Healthcare,2020,BBB,BBB,0,0,0,0,4,4,0,unchanged
I01082,Technology,2020,A,A,0,0,0,0,5,5,0,unchanged
I01083,Healthcare,2020,A,A,0,0,0,0,5,5,0,unchanged
I01084,Retail,2020,BBB,BBB,0,0,0,0,4,4,0,unchanged
I01085,Consumer,2020,BBB,BBB,0,0,0,0,4,4,0,unchanged
I01086,Industrials,2020,B,BB,1,0,0,-1,2,3,1,upgrade
I01087,Utilities,2020,B,B,0,0,0,0,2,2,0,unchanged
I01088,Real_Estate,2020,B,B,0,0,0,0,2,2,0,unchanged
I01089,Real_Estate,2020,B,B,0,0,0,0,2,2,0,unchanged
I01090,Financials,2020,BB,BB,0,0,0,0,3,3,0,unchanged
I01091,Consumer,2020,A,A,0,0,0,0,5,5,0,unchanged
I01092,Consumer,2020,BB,BBB,1,0,0,-1,3,4,1,upgrade
I01093,Real_Estate,2020,BBB,BBB,0,0,0,0,4,4,0,unchanged
I01094,Technology,2020,A,A,0,0,0,0,5,5,0,unchanged
I01095,Industrials,2020,AA,AA,0,0,0,0,6,6,0,unchanged
I01096,Real_Estate,2020,BBB,BBB,0,0,0,0,4,4,0,unchanged
I01097,Healthcare,2020,BB,BB,0,0,0,0,3,3,0,unchanged
I01098,Telecom,2020,BBB,BB,0,1,0,1,4,3,-1,downgrade
I01099,Telecom,2020,A,A,0,0,0,0,5,5,0,unchanged
I01100,Retail,2020,A,A,0,0,0,0,5,5,0,unchanged
I01101,Industrials,2020,B,B,0,0,0,0,2,2,0,unchanged
I01102,Retail,2020,A,A,0,0,0,0,5,5,0,unchanged
I01103,Healthcare,2020,BB,BB,0,0,0,0,3,3,0,unchanged
I01105,Technology,2020,BBB,BBB,0,0,0,0,4,4,0,unchanged
I01106,Industrials,2020,BB,BB,0,0,0,0,3,3,0,unchanged
I01107,Consumer,2020,CCC,D,0,0,1,1,1,0,-1,default
I01108,Real_Estate,2020,B,B,0,0,0,0,2,2,0,unchanged
I01109,Industrials,2020,BBB,BBB,0,0,0,0,4,4,0,unchanged
I01110,Energy,2020,A,A,0,0,0,0,5,5,0,unchanged
I01111,Financials,2020,B,B,0,0,0,0,2,2,0,unchanged
I01112,Technology,2020,A,A,0,0,0,0,5,5,0,unchanged
I01113,Healthcare,2020,CCC,CCC,0,0,0,0,1,1,0,unchanged
I01114,Industrials,2020,BBB,BBB,0,0,0,0,4,4,0,unchanged
I01115,Telecom,2020,BBB,BBB,0,0,0,0,4,4,0,unchanged
I01116,Real_Estate,2020,BB,CCC,0,1,0,2,3,1,-2,downgrade
I01117,Energy,2020,A,A,0,0,0,0,5,5,0,unchanged
I01118,Consumer,2020,BBB,BBB,0,0,0,0,4,4,0,unchanged
I01119,Retail,2020,B,B,0,0,0,0,2,2,0,unchanged
I01120,Real_Estate,2020,BBB,BBB,0,0,0,0,4,4,0,unchanged
I01121,Energy,2020,A,A,0,0,0,0,5,5,0,unchanged
I01122,Telecom,2020,B,B,0,0,0,0,2,2,0,unchanged
I01123,Technology,2020,B,B,0,0,0,0,2,2,0,unchanged
I01124,Energy,2020,BBB,BBB,0,0,0,0,4,4,0,unchanged
I01125,Financials,2020,A,A,0,0,0,0,5,5,0,unchanged
I01126,Financials,2020,BBB,BBB,0,0,0,0,4,4,0,unchanged
I01127,Industrials,2020,BB,BB,0,0,0,0,3,3,0,unchanged
I01128,Technology,2020,BBB,BBB,0,0,0,0,4,4,0,unchanged
I01129,Retail,2020,BB,BBB,1,0,0,-1,3,4,1,upgrade
I01130,Healthcare,2020,BBB,BBB,0,0,0,0,4,4,0,unchanged
I01131,Energy,2020,CCC,D,0,0,1,1,1,0,-1,default
I01133,Industrials,2020,BBB,BBB,0,0,0,0,4,4,0,unchanged
I01134,Energy,2020,A,A,0,0,0,0,5,5,0,unchanged
I01135,Energy,2020,BBB,BBB,0,0,0,0,4,4,0,unchanged
I01136,Energy,2020,BB,B,0,1,0,1,3,2,-1,downgrade
I01137,Telecom,2020,AA,AA,0,0,0,0,6,6,0,unchanged
I01138,Technology,2020,BBB,BB,0,1,0,1,4,3,-1,downgrade
I01139,Consumer,2020,B,D,0,0,1,2,2,0,-2,default
I01140,Technology,2020,CCC,CCC,0,0,0,0,1,1,0,unchanged
I01141,Financials,2020,BB,BB,0,0,0,0,3,3,0,unchanged
I01142,Financials,2020,BBB,BBB,0,0,0,0,4,4,0,unchanged
I01144,Real_Estate,2020,B,B,0,0,0,0,2,2,0,unchanged
I01145,Retail,2020,B,B,0,0,0,0,2,2,0,unchanged
I01146,Utilities,2020,BBB,BBB,0,0,0,0,4,4,0,unchanged
I01147,Energy,2020,BB,B,0,1,0,1,3,2,-1,downgrade
I01149,Utilities,2020,B,B,0,0,0,0,2,2,0,unchanged
I01151,Energy,2020,BBB,BBB,0,0,0,0,4,4,0,unchanged
I01152,Consumer,2020,BBB,BBB,0,0,0,0,4,4,0,unchanged
I01153,Technology,2020,A,A,0,0,0,0,5,5,0,unchanged
I01154,Financials,2020,BBB,A,1,0,0,-1,4,5,1,upgrade
I01155,Financials,2020,BBB,BBB,0,0,0,0,4,4,0,unchanged
I01156,Energy,2020,A,BBB,0,1,0,1,5,4,-1,downgrade
I01158,Energy,2020,B,B,0,0,0,0,2,2,0,unchanged
I01159,Energy,2020,A,A,0,0,0,0,5,5,0,unchanged
I01162,Industrials,2020,BBB,BBB,0,0,0,0,4,4,0,unchanged
I01163,Utilities,2020,B,B,0,0,0,0,2,2,0,unchanged
I01164,Retail,2020,AA,AA,0,0,0,0,6,6,0,unchanged
I01165,Real_Estate,2020,BBB,BBB,0,0,0,0,4,4,0,unchanged
I01166,Telecom,2020,BB,BB,0,0,0,0,3,3,0,unchanged
I01167,Retail,2020,A,A,0,0,0,0,5,5,0,unchanged
I01168,Energy,2020,AA,AA,0,0,0,0,6,6,0,unchanged
I01169,Energy,2020,B,B,0,0,0,0,2,2,0,unchanged
I01170,Utilities,2020,A,BB,0,1,0,2,5,3,-2,downgrade
I01171,Industrials,2020,A,A,0,0,0,0,5,5,0,unchanged
I01172,Industrials,2020,BBB,BBB,0,0,0,0,4,4,0,unchanged
I01173,Consumer,2020,B,B,0,0,0,0,2,2,0,unchanged
I01174,Utilities,2020,AA,AA,0,0,0,0,6,6,0,unchanged
I01175,Consumer,2020,BBB,BBB,0,0,0,0,4,4,0,unchanged
I01176,Technology,2020,AAA,AA,0,1,0,1,7,6,-1,downgrade
I01177,Consumer,2020,BB,BB,0,0,0,0,3,3,0,unchanged
I01178,Financials,2020,A,A,0,0,0,0,5,5,0,unchanged
I01179,Financials,2020,AA,AA,0,0,0,0,6,6,0,unchanged
I01180,Financials,2020,BB,BB,0,0,0,0,3,3,0,unchanged
I01181,Real_Estate,2020,BB,BB,0,0,0,0,3,3,0,unchanged
I01182,Technology,2020,A,A,0,0,0,0,5,5,0,unchanged
I01183,Financials,2020,BB,BB,0,0,0,0,3,3,0,unchanged
I01184,Financials,2020,BBB,BBB,0,0,0,0,4,4,0,unchanged
I01185,Healthcare,2020,BBB,A,1,0,0,-1,4,5,1,upgrade
I01186,Financials,2020,AA,AA,0,0,0,0,6,6,0,unchanged
I01188,Retail,2020,B,BB,1,0,0,-1,2,3,1,upgrade
I01189,Energy,2020,B,B,0,0,0,0,2,2,0,unchanged
I01190,Energy,2020,BB,BB,0,0,0,0,3,3,0,unchanged
I01191,Financials,2020,BB,CCC,0,1,0,2,3,1,-2,downgrade
I01193,Healthcare,2020,BB,BB,0,0,0,0,3,3,0,unchanged
I01194,Financials,2020,BB,BB,0,0,0,0,3,3,0,unchanged
I01196,Healthcare,2020,B,B,0,0,0,0,2,2,0,unchanged
I01197,Healthcare,2020,AAA,AAA,0,0,0,0,7,7,0,unchanged
I01198,Telecom,2020,B,B,0,0,0,0,2,2,0,unchanged
I01199,Healthcare,2020,A,A,0,0,0,0,5,5,0,unchanged
I01200,Consumer,2020,B,B,0,0,0,0,2,2,0,unchanged
I01201,Real_Estate,2020,A,A,0,0,0,0,5,5,0,unchanged
I01202,Utilities,2020,A,A,0,0,0,0,5,5,0,unchanged
I01204,Utilities,2020,BBB,BBB,0,0,0,0,4,4,0,unchanged
I01206,Retail,2020,AA,AA,0,0,0,0,6,6,0,unchanged
I01207,Healthcare,2020,BBB,BB,0,1,0,1,4,3,-1,downgrade
I01208,Real_Estate,2020,BBB,BBB,0,0,0,0,4,4,0,unchanged
I01209,Industrials,2020,BBB,BBB,0,0,0,0,4,4,0,unchanged
I01210,Energy,2020,BBB,BBB,0,0,0,0,4,4,0,unchanged
I01211,Financials,2020,AA,AA,0,0,0,0,6,6,0,unchanged
I01212,Technology,2020,BB,BB,0,0,0,0,3,3,0,unchanged
I01213,Healthcare,2020,BBB,BBB,0,0,0,0,4,4,0,unchanged
I01214,Consumer,2020,BB,BB,0,0,0,0,3,3,0,unchanged
I01215,Healthcare,2020,A,CCC,0,1,0,4,5,1,-4,downgrade
I01216,Energy,2020,BB,D,0,0,1,3,3,0,-3,default
I01217,Healthcare,2020,BB,BB,0,0,0,0,3,3,0,unchanged
I01218,Energy,2020,BBB,A,1,0,0,-1,4,5,1,upgrade
I01219,Energy,2020,BBB,BBB,0,0,0,0,4,4,0,unchanged
I01220,Healthcare,2020,A,A,0,0,0,0,5,5,0,unchanged
I01222,Technology,2020,A,A,0,0,0,0,5,5,0,unchanged
I01224,Industrials,2020,AAA,AAA,0,0,0,0,7,7,0,unchanged
I01225,Healthcare,2020,AA,AA,0,0,0,0,6,6,0,unchanged
I01227,Financials,2020,A,A,0,0,0,0,5,5,0,unchanged
I01228,Financials,2020,AAA,AAA,0,0,0,0,7,7,0,unchanged
I01229,Technology,2020,BB,BBB,1,0,0,-1,3,4,1,upgrade
I01230,Healthcare,2020,A,A,0,0,0,0,5,5,0,unchanged
I01231,Energy,2020,B,B,0,0,0,0,2,2,0,unchanged
I01233,Utilities,2020,BBB,BBB,0,0,0,0,4,4,0,unchanged
I01235,Real_Estate,2020,B,B,0,0,0,0,2,2,0,unchanged
I01236,Telecom,2020,BBB,BBB,0,0,0,0,4,4,0,unchanged
I01238,Retail,2020,A,A,0,0,0,0,5,5,0,unchanged
I01239,Energy,2020,B,B,0,0,0,0,2,2,0,unchanged
I01240,Energy,2020,B,B,0,0,0,0,2,2,0,unchanged
I01241,Healthcare,2020,BBB,BBB,0,0,0,0,4,4,0,unchanged
I01242,Retail,2020,BBB,BB,0,1,0,1,4,3,-1,downgrade
I01243,Consumer,2020,A,A,0,0,0,0,5,5,0,unchanged
I01244,Telecom,2020,B,B,0,0,0,0,2,2,0,unchanged
I01245,Retail,2020,A,A,0,0,0,0,5,5,0,unchanged
I01246,Retail,2020,B,D,0,0,1,2,2,0,-2,default
I01247,Retail,2020,AA,AA,0,0,0,0,6,6,0,unchanged
I01248,Healthcare,2020,BBB,A,1,0,0,-1,4,5,1,upgrade
I01249,Energy,2020,B,B,0,0,0,0,2,2,0,unchanged
I01251,Utilities,2020,BBB,BBB,0,0,0,0,4,4,0,unchanged
I01252,Retail,2020,BB,BB,0,0,0,0,3,3,0,unchanged
I01253,Industrials,2020,AAA,D,0,0,1,7,7,0,-7,default
I01254,Telecom,2020,BBB,BBB,0,0,0,0,4,4,0,unchanged
I01255,Real_Estate,2020,BBB,A,1,0,0,-1,4,5,1,upgrade
I01256,Retail,2020,A,BBB,0,1,0,1,5,4,-1,downgrade
I01257,Energy,2020,A,A,0,0,0,0,5,5,0,unchanged
I01258,Industrials,2020,BBB,BBB,0,0,0,0,4,4,0,unchanged
I01259,Energy,2020,BBB,BBB,0,0,0,0,4,4,0,unchanged
I01260,Industrials,2020,AAA,AAA,0,0,0,0,7,7,0,unchanged
I01261,Telecom,2020,BB,BB,0,0,0,0,3,3,0,unchanged
I01262,Industrials,2020,AA,AA,0,0,0,0,6,6,0,unchanged
I01263,Consumer,2020,BB,BB,0,0,0,0,3,3,0,unchanged
I01264,Energy,2020,B,B,0,0,0,0,2,2,0,unchanged
I01265,Telecom,2020,AA,AA,0,0,0,0,6,6,0,unchanged
I01266,Utilities,2020,AAA,AAA,0,0,0,0,7,7,0,unchanged
I01267,Real_Estate,2020,B,D,0,0,1,2,2,0,-2,default
I01268,Energy,2020,BB,BB,0,0,0,0,3,3,0,unchanged
I01269,Consumer,2020,B,B,0,0,0,0,2,2,0,unchanged
I01270,Energy,2020,AA,A,0,1,0,1,6,5,-1,downgrade
I01271,Healthcare,2020,A,D,0,0,1,5,5,0,-5,default
I01272,Telecom,2020,BBB,BBB,0,0,0,0,4,4,0,unchanged
I01273,Healthcare,2020,A,B,0,1,0,3,5,2,-3,downgrade
I01274,Healthcare,2020,AA,AA,0,0,0,0,6,6,0,unchanged
I01275,Utilities,2020,AA,AA,0,0,0,0,6,6,0,unchanged
I01276,Utilities,2020,A,BB,0,1,0,2,5,3,-2,downgrade
I01277,Retail,2020,CCC,CCC,0,0,0,0,1,1,0,unchanged
I01278,Healthcare,2020,BBB,BBB,0,0,0,0,4,4,0,unchanged
I01279,Financials,2020,BBB,BBB,0,0,0,0,4,4,0,unchanged
I01280,Industrials,2020,B,D,0,0,1,2,2,0,-2,default
I01281,Healthcare,2020,AA,AA,0,0,0,0,6,6,0,unchanged
I01282,Retail,2020,BB,BB,0,0,0,0,3,3,0,unchanged
I01283,Telecom,2020,A,BBB,0,1,0,1,5,4,-1,downgrade
I01285,Retail,2020,BB,CCC,0,1,0,2,3,1,-2,downgrade
I01286,Telecom,2020,BBB,BBB,0,0,0,0,4,4,0,unchanged
I01287,Financials,2020,A,A,0,0,0,0,5,5,0,unchanged
I01288,Financials,2020,A,A,0,0,0,0,5,5,0,unchanged
I01289,Industrials,2020,A,A,0,0,0,0,5,5,0,unchanged
I01291,Financials,2020,A,A,0,0,0,0,5,5,0,unchanged
I01294,Telecom,2020,B,B,0,0,0,0,2,2,0,unchanged
I01295,Healthcare,2020,A,A,0,0,0,0,5,5,0,unchanged
I01296,Telecom,2020,BB,BBB,1,0,0,-1,3,4,1,upgrade
I01297,Retail,2020,AA,A,0,1,0,1,6,5,-1,downgrade
I01298,Telecom,2020,A,A,0,0,0,0,5,5,0,unchanged
I01299,Healthcare,2020,AA,AA,0,0,0,0,6,6,0,unchanged
I01301,Telecom,2020,BB,BB,0,0,0,0,3,3,0,unchanged
I01302,Consumer,2020,BBB,D,0,0,1,4,4,0,-4,default
I01303,Technology,2020,BB,B,0,1,0,1,3,2,-1,downgrade
I01304,Telecom,2020,BB,BBB,1,0,0,-1,3,4,1,upgrade
I01305,Retail,2020,CCC,CCC,0,0,0,0,1,1,0,unchanged
I01306,Industrials,2020,BB,BB,0,0,0,0,3,3,0,unchanged
I01307,Real_Estate,2020,AA,AA,0,0,0,0,6,6,0,unchanged
I01308,Financials,2020,BB,BBB,1,0,0,-1,3,4,1,upgrade
I01310,Industrials,2020,BBB,BBB,0,0,0,0,4,4,0,unchanged
I01311,Telecom,2020,A,A,0,0,0,0,5,5,0,unchanged
I01312,Consumer,2020,A,A,0,0,0,0,5,5,0,unchanged
I01313,Consumer,2020,A,A,0,0,0,0,5,5,0,unchanged
I01314,Industrials,2020,BBB,BBB,0,0,0,0,4,4,0,unchanged
I01315,Energy,2020,BBB,BBB,0,0,0,0,4,4,0,unchanged
I01316,Financials,2020,B,B,0,0,0,0,2,2,0,unchanged
I01317,Consumer,2020,B,B,0,0,0,0,2,2,0,unchanged
I01319,Retail,2020,B,B,0,0,0,0,2,2,0,unchanged
I01320,Healthcare,2020,BB,BB,0,0,0,0,3,3,0,unchanged
I01321,Healthcare,2020,AA,AA,0,0,0,0,6,6,0,unchanged
I01323,Consumer,2020,AA,AA,0,0,0,0,6,6,0,unchanged
I01324,Real_Estate,2020,A,A,0,0,0,0,5,5,0,unchanged
I01326,Retail,2020,BBB,BBB,0,0,0,0,4,4,0,unchanged
I01327,Utilities,2020,BBB,BBB,0,0,0,0,4,4,0,unchanged
I01328,Technology,2020,A,A,0,0,0,0,5,5,0,unchanged
I01329,Industrials,2020,BBB,BBB,0,0,0,0,4,4,0,unchanged
I01330,Telecom,2020,A,A,0,0,0,0,5,5,0,unchanged
I01331,Healthcare,2020,A,A,0,0,0,0,5,5,0,unchanged
I01333,Healthcare,2020,B,CCC,0,1,0,1,2,1,-1,downgrade
I01334,Retail,2020,BB,D,0,0,1,3,3,0,-3,default
I01335,Telecom,2020,A,A,0,0,0,0,5,5,0,unchanged
I01336,Real_Estate,2020,B,B,0,0,0,0,2,2,0,unchanged
I01337,Telecom,2020,AAA,AAA,0,0,0,0,7,7,0,unchanged
I01339,Industrials,2020,A,A,0,0,0,0,5,5,0,unchanged
I01340,Energy,2020,BB,BB,0,0,0,0,3,3,0,unchanged
I01342,Energy,2020,A,A,0,0,0,0,5,5,0,unchanged
I01344,Telecom,2020,AAA,AAA,0,0,0,0,7,7,0,unchanged
I01345,Telecom,2020,B,B,0,0,0,0,2,2,0,unchanged
I01346,Consumer,2020,B,B,0,0,0,0,2,2,0,unchanged
I01347,Technology,2020,BB,B,0,1,0,1,3,2,-1,downgrade
I01348,Energy,2020,A,A,0,0,0,0,5,5,0,unchanged
I01349,Technology,2020,BBB,BBB,0,0,0,0,4,4,0,unchanged
I01350,Industrials,2020,BB,B,0,1,0,1,3,2,-1,downgrade
I01351,Financials,2020,BBB,BBB,0,0,0,0,4,4,0,unchanged
I01352,Real_Estate,2020,BBB,BBB,0,0,0,0,4,4,0,unchanged
I01353,Healthcare,2020,A,A,0,0,0,0,5,5,0,unchanged
I01354,Telecom,2020,A,A,0,0,0,0,5,5,0,unchanged
I01356,Utilities,2020,A,A,0,0,0,0,5,5,0,unchanged
I01357,Financials,2020,BB,BB,0,0,0,0,3,3,0,unchanged
I01358,Technology,2020,BBB,BBB,0,0,0,0,4,4,0,unchanged
I01360,Healthcare,2020,CCC,CCC,0,0,0,0,1,1,0,unchanged
I01362,Energy,2020,A,A,0,0,0,0,5,5,0,unchanged
I01363,Financials,2020,BBB,BBB,0,0,0,0,4,4,0,unchanged
I01364,Real_Estate,2020,AA,A,0,1,0,1,6,5,-1,downgrade
I01365,Financials,2020,BB,BB,0,0,0,0,3,3,0,unchanged
I01366,Consumer,2020,B,D,0,0,1,2,2,0,-2,default
I01368,Retail,2020,BBB,BBB,0,0,0,0,4,4,0,unchanged
I01369,Healthcare,2020,BB,D,0,0,1,3,3,0,-3,default
I01370,Energy,2020,B,B,0,0,0,0,2,2,0,unchanged
I01372,Utilities,2020,BBB,BBB,0,0,0,0,4,4,0,unchanged
I01374,Technology,2020,A,A,0,0,0,0,5,5,0,unchanged
I01375,Utilities,2020,BBB,BBB,0,0,0,0,4,4,0,unchanged
I01376,Real_Estate,2020,BBB,BB,0,1,0,1,4,3,-1,downgrade
I01377,Industrials,2020,AA,AA,0,0,0,0,6,6,0,unchanged
I01379,Retail,2020,A,A,0,0,0,0,5,5,0,unchanged
I01380,Energy,2020,BB,B,0,1,0,1,3,2,-1,downgrade
I01381,Healthcare,2020,B,D,0,0,1,2,2,0,-2,default
I01382,Industrials,2020,A,A,0,0,0,0,5,5,0,unchanged
I01383,Consumer,2020,BBB,BBB,0,0,0,0,4,4,0,unchanged
I01384,Energy,2020,AA,AA,0,0,0,0,6,6,0,unchanged
I01385,Technology,2020,B,B,0,0,0,0,2,2,0,unchanged
I01386,Healthcare,2020,BBB,BBB,0,0,0,0,4,4,0,unchanged
I01387,Retail,2020,BBB,BBB,0,0,0,0,4,4,0,unchanged
I01388,Telecom,2020,A,A,0,0,0,0,5,5,0,unchanged
I01390,Real_Estate,2020,BB,BBB,1,0,0,-1,3,4,1,upgrade
I01391,Technology,2020,BB,BB,0,0,0,0,3,3,0,unchanged
I01392,Real_Estate,2020,AAA,AAA,0,0,0,0,7,7,0,unchanged
I01393,Industrials,2020,A,B,0,1,0,3,5,2,-3,downgrade
I01394,Industrials,2020,BBB,BBB,0,0,0,0,4,4,0,unchanged
I01395,Telecom,2020,A,A,0,0,0,0,5,5,0,unchanged
I01396,Financials,2020,A,A,0,0,0,0,5,5,0,unchanged
I01397,Healthcare,2020,BB,BB,0,0,0,0,3,3,0,unchanged
I01398,Telecom,2020,BBB,CCC,0,1,0,3,4,1,-3,downgrade
I01399,Real_Estate,2020,AA,AA,0,0,0,0,6,6,0,unchanged
I01400,Retail,2020,AAA,AAA,0,0,0,0,7,7,0,unchanged
I01401,Technology,2020,BBB,BBB,0,0,0,0,4,4,0,unchanged
I01402,Industrials,2020,BBB,BBB,0,0,0,0,4,4,0,unchanged
I01403,Telecom,2020,AA,A,0,1,0,1,6,5,-1,downgrade
I01404,Industrials,2020,A,A,0,0,0,0,5,5,0,unchanged
I01405,Utilities,2020,BB,BB,0,0,0,0,3,3,0,unchanged
I01406,Real_Estate,2020,B,B,0,0,0,0,2,2,0,unchanged
I01407,Financials,2020,B,B,0,0,0,0,2,2,0,unchanged
I01409,Industrials,2020,BB,BB,0,0,0,0,3,3,0,unchanged
I01410,Technology,2020,A,A,0,0,0,0,5,5,0,unchanged
I01411,Energy,2020,BBB,BBB,0,0,0,0,4,4,0,unchanged
I01412,Industrials,2020,BB,BB,0,0,0,0,3,3,0,unchanged
I01413,Real_Estate,2020,BBB,BBB,0,0,0,0,4,4,0,unchanged
I01414,Consumer,2020,BB,BB,0,0,0,0,3,3,0,unchanged
I01415,Technology,2020,BBB,BBB,0,0,0,0,4,4,0,unchanged
I01416,Healthcare,2020,BB,BBB,1,0,0,-1,3,4,1,upgrade
I01417,Healthcare,2020,A,A,0,0,0,0,5,5,0,unchanged
I01418,Technology,2020,BB,BB,0,0,0,0,3,3,0,unchanged
I01419,Financials,2020,AA,AA,0,0,0,0,6,6,0,unchanged
I01420,Real_Estate,2020,B,B,0,0,0,0,2,2,0,unchanged
I01421,Utilities,2020,BBB,BBB,0,0,0,0,4,4,0,unchanged
I01422,Real_Estate,2020,BBB,CCC,0,1,0,3,4,1,-3,downgrade
I01423,Technology,2020,BB,BB,0,0,0,0,3,3,0,unchanged
I01424,Utilities,2020,AA,AA,0,0,0,0,6,6,0,unchanged
I01425,Telecom,2020,B,B,0,0,0,0,2,2,0,unchanged
I01426,Real_Estate,2020,BBB,BBB,0,0,0,0,4,4,0,unchanged
I01427,Utilities,2020,AA,AA,0,0,0,0,6,6,0,unchanged
I01428,Financials,2020,AA,AA,0,0,0,0,6,6,0,unchanged
I01431,Energy,2020,BB,BB,0,0,0,0,3,3,0,unchanged
I01432,Consumer,2020,AA,AA,0,0,0,0,6,6,0,unchanged
I01434,Healthcare,2020,BBB,BBB,0,0,0,0,4,4,0,unchanged
I01435,Industrials,2020,BB,B,0,1,0,1,3,2,-1,downgrade
I01436,Industrials,2020,BBB,BBB,0,0,0,0,4,4,0,unchanged
I01437,Healthcare,2020,BBB,BBB,0,0,0,0,4,4,0,unchanged
I01438,Technology,2020,A,A,0,0,0,0,5,5,0,unchanged
I01439,Energy,2020,AA,A,0,1,0,1,6,5,-1,downgrade
I01440,Telecom,2020,BBB,BBB,0,0,0,0,4,4,0,unchanged
I01441,Energy,2020,A,A,0,0,0,0,5,5,0,unchanged
I01442,Energy,2020,B,B,0,0,0,0,2,2,0,unchanged
I01443,Utilities,2020,A,A,0,0,0,0,5,5,0,unchanged
I01444,Real_Estate,2020,BBB,BBB,0,0,0,0,4,4,0,unchanged
I01446,Healthcare,2020,BB,BB,0,0,0,0,3,3,0,unchanged
I01447,Technology,2020,AA,AA,0,0,0,0,6,6,0,unchanged
I01448,Retail,2020,BB,BB,0,0,0,0,3,3,0,unchanged
I01450,Real_Estate,2020,B,B,0,0,0,0,2,2,0,unchanged
I01451,Telecom,2020,CCC,CCC,0,0,0,0,1,1,0,unchanged
I01452,Energy,2020,BB,BB,0,0,0,0,3,3,0,unchanged
I01453,Consumer,2020,A,A,0,0,0,0,5,5,0,unchanged
I01454,Real_Estate,2020,B,B,0,0,0,0,2,2,0,unchanged
I01455,Technology,2020,BBB,BBB,0,0,0,0,4,4,0,unchanged
I01456,Telecom,2020,BBB,BBB,0,0,0,0,4,4,0,unchanged
I01457,Industrials,2020,B,B,0,0,0,0,2,2,0,unchanged
I01458,Healthcare,2020,BBB,BBB,0,0,0,0,4,4,0,unchanged
I01459,Industrials,2020,A,A,0,0,0,0,5,5,0,unchanged
I01461,Retail,2020,BBB,A,1,0,0,-1,4,5,1,upgrade
I01462,Consumer,2020,BB,BBB,1,0,0,-1,3,4,1,upgrade
I01463,Real_Estate,2020,B,B,0,0,0,0,2,2,0,unchanged
I01464,Consumer,2020,B,BB,1,0,0,-1,2,3,1,upgrade
I01465,Consumer,2020,AA,AA,0,0,0,0,6,6,0,unchanged
I01466,Real_Estate,2020,BBB,BBB,0,0,0,0,4,4,0,unchanged
I01467,Retail,2020,B,B,0,0,0,0,2,2,0,unchanged
I01468,Retail,2020,B,B,0,0,0,0,2,2,0,unchanged
I01469,Utilities,2020,B,B,0,0,0,0,2,2,0,unchanged
I01470,Real_Estate,2020,A,A,0,0,0,0,5,5,0,unchanged
I01471,Energy,2020,A,BB,0,1,0,2,5,3,-2,downgrade
I01472,Telecom,2020,BBB,A,1,0,0,-1,4,5,1,upgrade
I01473,Financials,2020,A,A,0,0,0,0,5,5,0,unchanged
I01474,Healthcare,2020,BB,BB,0,0,0,0,3,3,0,unchanged
I01475,Retail,2020,A,A,0,0,0,0,5,5,0,unchanged
I01476,Retail,2020,A,A,0,0,0,0,5,5,0,unchanged
I01479,Energy,2020,B,B,0,0,0,0,2,2,0,unchanged
I01480,Telecom,2020,A,A,0,0,0,0,5,5,0,unchanged
I01481,Energy,2020,B,B,0,0,0,0,2,2,0,unchanged
I01482,Industrials,2020,BBB,BBB,0,0,0,0,4,4,0,unchanged
I01483,Technology,2020,CCC,BB,1,0,0,-2,1,3,2,upgrade
I01484,Telecom,2020,BB,BBB,1,0,0,-1,3,4,1,upgrade
I01485,Utilities,2020,B,B,0,0,0,0,2,2,0,unchanged
I01486,Industrials,2020,BBB,BB,0,1,0,1,4,3,-1,downgrade
I01487,Energy,2020,A,BBB,0,1,0,1,5,4,-1,downgrade
I01488,Industrials,2020,A,B,0,1,0,3,5,2,-3,downgrade
I01489,Industrials,2020,CCC,D,0,0,1,1,1,0,-1,default
I01490,Energy,2020,BBB,BBB,0,0,0,0,4,4,0,unchanged
I01491,Real_Estate,2020,BBB,BBB,0,0,0,0,4,4,0,unchanged
I01492,Real_Estate,2020,CCC,CCC,0,0,0,0,1,1,0,unchanged
I01493,Telecom,2020,A,D,0,0,1,5,5,0,-5,default
I01494,Financials,2020,BBB,BBB,0,0,0,0,4,4,0,unchanged
I01495,Financials,2020,AA,AA,0,0,0,0,6,6,0,unchanged
I01496,Healthcare,2020,A,BBB,0,1,0,1,5,4,-1,downgrade
I01497,Healthcare,2020,A,A,0,0,0,0,5,5,0,unchanged
I01498,Real_Estate,2020,BBB,BBB,0,0,0,0,4,4,0,unchanged
I01499,Healthcare,2020,BB,BBB,1,0,0,-1,3,4,1,upgrade
I01500,Financials,2020,BBB,BBB,0,0,0,0,4,4,0,unchanged
I01501,Telecom,2020,BBB,BBB,0,0,0,0,4,4,0,unchanged
I01502,Retail,2020,BBB,BBB,0,0,0,0,4,4,0,unchanged
I01503,Healthcare,2020,A,A,0,0,0,0,5,5,0,unchanged
I01504,Healthcare,2020,B,B,0,0,0,0,2,2,0,unchanged
I01505,Real_Estate,2020,B,B,0,0,0,0,2,2,0,unchanged
I01506,Financials,2020,BBB,BBB,0,0,0,0,4,4,0,unchanged
I01507,Telecom,2020,A,A,0,0,0,0,5,5,0,unchanged
I01508,Consumer,2020,A,A,0,0,0,0,5,5,0,unchanged
I01509,Financials,2020,A,A,0,0,0,0,5,5,0,unchanged
I01510,Telecom,2020,A,A,0,0,0,0,5,5,0,unchanged
I01511,Utilities,2020,CCC,D,0,0,1,1,1,0,-1,default
I01512,Utilities,2020,BB,BB,0,0,0,0,3,3,0,unchanged
I01513,Telecom,2020,BBB,BBB,0,0,0,0,4,4,0,unchanged
I01514,Industrials,2020,BBB,BBB,0,0,0,0,4,4,0,unchanged
I01515,Healthcare,2020,BBB,BBB,0,0,0,0,4,4,0,unchanged
I01516,Industrials,2020,A,A,0,0,0,0,5,5,0,unchanged
I01517,Healthcare,2020,BB,BB,0,0,0,0,3,3,0,unchanged
I01518,Energy,2020,B,B,0,0,0,0,2,2,0,unchanged
I01519,Real_Estate,2020,BB,BBB,1,0,0,-1,3,4,1,upgrade
I01520,Utilities,2020,CCC,D,0,0,1,1,1,0,-1,default
I01521,Technology,2020,A,A,0,0,0,0,5,5,0,unchanged
I01522,Technology,2020,BBB,BBB,0,0,0,0,4,4,0,unchanged
I01523,Industrials,2020,B,BB,1,0,0,-1,2,3,1,upgrade
I01524,Telecom,2020,A,A,0,0,0,0,5,5,0,unchanged
I01525,Utilities,2020,B,B,0,0,0,0,2,2,0,unchanged
I01526,Financials,2020,A,A,0,0,0,0,5,5,0,unchanged
I01527,Real_Estate,2020,BB,BBB,1,0,0,-1,3,4,1,upgrade
I01528,Utilities,2020,AA,AA,0,0,0,0,6,6,0,unchanged
I01529,Telecom,2020,BB,BBB,1,0,0,-1,3,4,1,upgrade
I01530,Healthcare,2020,A,A,0,0,0,0,5,5,0,unchanged
I01531,Telecom,2020,B,B,0,0,0,0,2,2,0,unchanged
I01533,Financials,2020,A,A,0,0,0,0,5,5,0,unchanged
I01534,Energy,2020,B,B,0,0,0,0,2,2,0,unchanged
I01535,Utilities,2020,CCC,B,1,0,0,-1,1,2,1,upgrade
I01537,Healthcare,2020,A,A,0,0,0,0,5,5,0,unchanged
I01538,Energy,2020,A,A,0,0,0,0,5,5,0,unchanged
I01539,Consumer,2020,B,BB,1,0,0,-1,2,3,1,upgrade
I01540,Consumer,2020,BBB,BBB,0,0,0,0,4,4,0,unchanged
I01541,Consumer,2020,A,A,0,0,0,0,5,5,0,unchanged
I01542,Financials,2020,BBB,BBB,0,0,0,0,4,4,0,unchanged
I01543,Industrials,2020,BB,BB,0,0,0,0,3,3,0,unchanged
I01544,Consumer,2020,B,CCC,0,1,0,1,2,1,-1,downgrade
I01545,Healthcare,2020,AAA,AAA,0,0,0,0,7,7,0,unchanged
I01547,Utilities,2020,BBB,BBB,0,0,0,0,4,4,0,unchanged
I01548,Industrials,2020,B,B,0,0,0,0,2,2,0,unchanged
I01549,Consumer,2020,BBB,BBB,0,0,0,0,4,4,0,unchanged
I01551,Technology,2020,A,A,0,0,0,0,5,5,0,unchanged
I01552,Financials,2020,AA,AA,0,0,0,0,6,6,0,unchanged
I01553,Telecom,2020,BBB,BBB,0,0,0,0,4,4,0,unchanged
I01556,Healthcare,2020,BBB,BBB,0,0,0,0,4,4,0,unchanged
I01557,Real_Estate,2020,A,A,0,0,0,0,5,5,0,unchanged
I01558,Technology,2020,A,BB,0,1,0,2,5,3,-2,downgrade
I01559,Energy,2020,B,B,0,0,0,0,2,2,0,unchanged
I01561,Utilities,2020,B,B,0,0,0,0,2,2,0,unchanged
I01562,Industrials,2020,BBB,A,1,0,0,-1,4,5,1,upgrade
I01563,Technology,2020,BB,BB,0,0,0,0,3,3,0,unchanged
I01564,Real_Estate,2020,B,B,0,0,0,0,2,2,0,unchanged
I01565,Retail,2020,A,A,0,0,0,0,5,5,0,unchanged
I01566,Financials,2020,B,B,0,0,0,0,2,2,0,unchanged
I01567,Energy,2020,BB,BB,0,0,0,0,3,3,0,unchanged
I01568,Technology,2020,BBB,BBB,0,0,0,0,4,4,0,unchanged
I01569,Consumer,2020,AAA,AAA,0,0,0,0,7,7,0,unchanged
I01571,Consumer,2020,BB,BB,0,0,0,0,3,3,0,unchanged
I01572,Utilities,2020,BBB,A,1,0,0,-1,4,5,1,upgrade
I01573,Retail,2020,AA,AA,0,0,0,0,6,6,0,unchanged
I01575,Utilities,2020,A,A,0,0,0,0,5,5,0,unchanged
I01577,Financials,2020,B,B,0,0,0,0,2,2,0,unchanged
I01578,Industrials,2020,BB,BB,0,0,0,0,3,3,0,unchanged
I01579,Industrials,2020,AA,AA,0,0,0,0,6,6,0,unchanged
I01580,Financials,2020,A,A,0,0,0,0,5,5,0,unchanged
I01581,Financials,2020,BB,A,1,0,0,-2,3,5,2,upgrade
I01582,Utilities,2020,AAA,AAA,0,0,0,0,7,7,0,unchanged
I01583,Industrials,2020,CCC,CCC,0,0,0,0,1,1,0,unchanged
I01584,Technology,2020,BB,BB,0,0,0,0,3,3,0,unchanged
I01585,Financials,2020,CCC,D,0,0,1,1,1,0,-1,default
I01586,Utilities,2020,A,A,0,0,0,0,5,5,0,unchanged
I01587,Healthcare,2020,BBB,BBB,0,0,0,0,4,4,0,unchanged
I01588,Real_Estate,2020,CCC,CCC,0,0,0,0,1,1,0,unchanged
I01589,Telecom,2020,BBB,D,0,0,1,4,4,0,-4,default
I01590,Telecom,2020,A,A,0,0,0,0,5,5,0,unchanged
I01591,Financials,2020,BB,BB,0,0,0,0,3,3,0,unchanged
I01592,Technology,2020,BBB,BBB,0,0,0,0,4,4,0,unchanged
I01593,Utilities,2020,CCC,CCC,0,0,0,0,1,1,0,unchanged
I01594,Real_Estate,2020,B,B,0,0,0,0,2,2,0,unchanged
I01595,Energy,2020,BBB,BBB,0,0,0,0,4,4,0,unchanged
I01596,Consumer,2020,A,A,0,0,0,0,5,5,0,unchanged
I01597,Retail,2020,A,A,0,0,0,0,5,5,0,unchanged
I01598,Consumer,2020,BBB,BBB,0,0,0,0,4,4,0,unchanged
I01599,Industrials,2020,AA,AA,0,0,0,0,6,6,0,unchanged
I01601,Financials,2020,B,B,0,0,0,0,2,2,0,unchanged
I01602,Healthcare,2020,AAA,AAA,0,0,0,0,7,7,0,unchanged
I01603,Healthcare,2020,AAA,AAA,0,0,0,0,7,7,0,unchanged
I01604,Industrials,2020,BB,BB,0,0,0,0,3,3,0,unchanged
I01605,Energy,2020,A,A,0,0,0,0,5,5,0,unchanged
I01606,Technology,2020,A,A,0,0,0,0,5,5,0,unchanged
I01607,Utilities,2020,A,A,0,0,0,0,5,5,0,unchanged
I01608,Energy,2020,BBB,BBB,0,0,0,0,4,4,0,unchanged
I01609,Real_Estate,2020,B,BB,1,0,0,-1,2,3,1,upgrade
I01610,Industrials,2020,BBB,BBB,0,0,0,0,4,4,0,unchanged
I01611,Consumer,2020,CCC,CCC,0,0,0,0,1,1,0,unchanged
I01612,Industrials,2020,BB,B,0,1,0,1,3,2,-1,downgrade
I01613,Industrials,2020,B,B,0,0,0,0,2,2,0,unchanged
I01614,Technology,2020,B,B,0,0,0,0,2,2,0,unchanged
I01615,Consumer,2020,BBB,BBB,0,0,0,0,4,4,0,unchanged
I01616,Real_Estate,2020,BBB,BB,0,1,0,1,4,3,-1,downgrade
I01617,Industrials,2020,BB,BB,0,0,0,0,3,3,0,unchanged
I01619,Technology,2020,BBB,BBB,0,0,0,0,4,4,0,unchanged
I01620,Healthcare,2020,BBB,BBB,0,0,0,0,4,4,0,unchanged
I01621,Industrials,2020,BBB,BBB,0,0,0,0,4,4,0,unchanged
I01622,Financials,2020,CCC,D,0,0,1,1,1,0,-1,default
I01623,Energy,2020,A,A,0,0,0,0,5,5,0,unchanged
I01624,Energy,2020,BBB,BBB,0,0,0,0,4,4,0,unchanged
I01626,Energy,2020,CCC,B,1,0,0,-1,1,2,1,upgrade
I01627,Financials,2020,AA,AA,0,0,0,0,6,6,0,unchanged
I01628,Real_Estate,2020,B,BB,1,0,0,-1,2,3,1,upgrade
I01629,Real_Estate,2020,AA,AA,0,0,0,0,6,6,0,unchanged
I01630,Telecom,2020,BBB,BBB,0,0,0,0,4,4,0,unchanged
I01631,Technology,2020,A,A,0,0,0,0,5,5,0,unchanged
I01632,Healthcare,2020,A,A,0,0,0,0,5,5,0,unchanged
I01633,Financials,2020,BBB,BB,0,1,0,1,4,3,-1,downgrade
I01634,Telecom,2020,A,A,0,0,0,0,5,5,0,unchanged
I01635,Telecom,2020,B,B,0,0,0,0,2,2,0,unchanged
I01636,Technology,2020,BB,BB,0,0,0,0,3,3,0,unchanged
I01637,Financials,2020,BBB,BBB,0,0,0,0,4,4,0,unchanged
I01638,Utilities,2020,BBB,BB,0,1,0,1,4,3,-1,downgrade
I01639,Energy,2020,BBB,BBB,0,0,0,0,4,4,0,unchanged
I01640,Technology,2020,B,B,0,0,0,0,2,2,0,unchanged
I01641,Industrials,2020,BBB,BBB,0,0,0,0,4,4,0,unchanged
I01642,Consumer,2020,BBB,BBB,0,0,0,0,4,4,0,unchanged
I01643,Utilities,2020,B,B,0,0,0,0,2,2,0,unchanged
I01645,Industrials,2020,B,B,0,0,0,0,2,2,0,unchanged
I01646,Healthcare,2020,BB,BB,0,0,0,0,3,3,0,unchanged
I01648,Retail,2020,BB,BB,0,0,0,0,3,3,0,unchanged
I01649,Financials,2020,A,A,0,0,0,0,5,5,0,unchanged
I01650,Technology,2020,BBB,BBB,0,0,0,0,4,4,0,unchanged
I01651,Retail,2020,BB,BB,0,0,0,0,3,3,0,unchanged
I01652,Energy,2020,A,A,0,0,0,0,5,5,0,unchanged
I01653,Industrials,2020,BBB,BBB,0,0,0,0,4,4,0,unchanged
I01654,Retail,2020,B,B,0,0,0,0,2,2,0,unchanged
I01656,Healthcare,2020,B,BB,1,0,0,-1,2,3,1,upgrade
I01657,Retail,2020,BB,BB,0,0,0,0,3,3,0,unchanged
I01658,Energy,2020,B,B,0,0,0,0,2,2,0,unchanged
I01659,Technology,2020,A,A,0,0,0,0,5,5,0,unchanged
I01660,Industrials,2020,A,A,0,0,0,0,5,5,0,unchanged
I01661,Utilities,2020,BB,BB,0,0,0,0,3,3,0,unchanged
I01662,Industrials,2020,B,BB,1,0,0,-1,2,3,1,upgrade
I01663,Industrials,2020,B,B,0,0,0,0,2,2,0,unchanged
I01664,Telecom,2020,BBB,BBB,0,0,0,0,4,4,0,unchanged
I01665,Retail,2020,BBB,BBB,0,0,0,0,4,4,0,unchanged
I01666,Consumer,2020,BB,BB,0,0,0,0,3,3,0,unchanged
I01667,Healthcare,2020,A,A,0,0,0,0,5,5,0,unchanged
I01669,Real_Estate,2020,BB,BB,0,0,0,0,3,3,0,unchanged
I01670,Retail,2020,A,A,0,0,0,0,5,5,0,unchanged
I01672,Consumer,2020,A,A,0,0,0,0,5,5,0,unchanged
I01673,Real_Estate,2020,B,B,0,0,0,0,2,2,0,unchanged
I01674,Utilities,2020,A,AAA,1,0,0,-2,5,7,2,upgrade
I01675,Retail,2020,BBB,BBB,0,0,0,0,4,4,0,unchanged
I01676,Telecom,2020,AA,AA,0,0,0,0,6,6,0,unchanged
I01677,Utilities,2020,BBB,BBB,0,0,0,0,4,4,0,unchanged
I01678,Real_Estate,2020,AAA,AAA,0,0,0,0,7,7,0,unchanged
I01679,Telecom,2020,BB,BB,0,0,0,0,3,3,0,unchanged
I01680,Financials,2020,BB,BB,0,0,0,0,3,3,0,unchanged
I01681,Healthcare,2020,AA,AA,0,0,0,0,6,6,0,unchanged
I01682,Real_Estate,2020,B,B,0,0,0,0,2,2,0,unchanged
I01683,Technology,2020,A,A,0,0,0,0,5,5,0,unchanged
I01684,Healthcare,2020,BB,BB,0,0,0,0,3,3,0,unchanged
I01685,Telecom,2020,AAA,AA,0,1,0,1,7,6,-1,downgrade
I01686,Utilities,2020,AA,AA,0,0,0,0,6,6,0,unchanged
I01687,Real_Estate,2020,A,A,0,0,0,0,5,5,0,unchanged
I01688,Energy,2020,A,A,0,0,0,0,5,5,0,unchanged
I01689,Retail,2020,A,D,0,0,1,5,5,0,-5,default
I01691,Consumer,2020,A,A,0,0,0,0,5,5,0,unchanged
I01692,Energy,2020,BBB,BBB,0,0,0,0,4,4,0,unchanged
I01693,Healthcare,2020,AA,A,0,1,0,1,6,5,-1,downgrade
I01694,Consumer,2020,A,A,0,0,0,0,5,5,0,unchanged
I01695,Financials,2020,BB,BB,0,0,0,0,3,3,0,unchanged
I01696,Technology,2020,BBB,BBB,0,0,0,0,4,4,0,unchanged
I01697,Telecom,2020,BBB,BBB,0,0,0,0,4,4,0,unchanged
I01698,Energy,2020,BBB,A,1,0,0,-1,4,5,1,upgrade
I01699,Retail,2020,A,A,0,0,0,0,5,5,0,unchanged
I01700,Industrials,2020,BBB,BBB,0,0,0,0,4,4,0,unchanged
I01701,Industrials,2020,A,A,0,0,0,0,5,5,0,unchanged
I01702,Technology,2020,B,B,0,0,0,0,2,2,0,unchanged
I01703,Energy,2020,CCC,B,1,0,0,-1,1,2,1,upgrade
I01704,Industrials,2020,A,A,0,0,0,0,5,5,0,unchanged
I01705,Energy,2020,A,A,0,0,0,0,5,5,0,unchanged
I01706,Consumer,2020,BBB,BB,0,1,0,1,4,3,-1,downgrade
I01707,Retail,2020,A,A,0,0,0,0,5,5,0,unchanged
I01708,Consumer,2020,BB,B,0,1,0,1,3,2,-1,downgrade
I01709,Technology,2020,B,B,0,0,0,0,2,2,0,unchanged
I01710,Utilities,2020,A,BB,0,1,0,2,5,3,-2,downgrade
I01711,Telecom,2020,CCC,D,0,0,1,1,1,0,-1,default
I01712,Utilities,2020,B,B,0,0,0,0,2,2,0,unchanged
I01713,Telecom,2020,A,A,0,0,0,0,5,5,0,unchanged
I01714,Financials,2020,A,BBB,0,1,0,1,5,4,-1,downgrade
I01715,Industrials,2020,A,BBB,0,1,0,1,5,4,-1,downgrade
I01716,Industrials,2020,A,A,0,0,0,0,5,5,0,unchanged
I01717,Technology,2020,BBB,A,1,0,0,-1,4,5,1,upgrade
I01718,Consumer,2020,B,B,0,0,0,0,2,2,0,unchanged
I01719,Healthcare,2020,BBB,BBB,0,0,0,0,4,4,0,unchanged
I01722,Technology,2020,B,B,0,0,0,0,2,2,0,unchanged
I01723,Utilities,2020,B,B,0,0,0,0,2,2,0,unchanged
I01724,Energy,2020,A,A,0,0,0,0,5,5,0,unchanged
I01725,Energy,2020,CCC,CCC,0,0,0,0,1,1,0,unchanged
I01726,Financials,2020,BBB,BBB,0,0,0,0,4,4,0,unchanged
I01727,Industrials,2020,BBB,BB,0,1,0,1,4,3,-1,downgrade
I01728,Healthcare,2020,AA,AA,0,0,0,0,6,6,0,unchanged
I01729,Financials,2020,BB,BB,0,0,0,0,3,3,0,unchanged
I01730,Technology,2020,BBB,BBB,0,0,0,0,4,4,0,unchanged
I01731,Technology,2020,BBB,BBB,0,0,0,0,4,4,0,unchanged
I01732,Industrials,2020,BBB,BBB,0,0,0,0,4,4,0,unchanged
I01733,Energy,2020,BB,BB,0,0,0,0,3,3,0,unchanged
I01734,Consumer,2020,AA,AA,0,0,0,0,6,6,0,unchanged
I01735,Retail,2020,BBB,BBB,0,0,0,0,4,4,0,unchanged
I01736,Utilities,2020,A,A,0,0,0,0,5,5,0,unchanged
I01737,Industrials,2020,A,A,0,0,0,0,5,5,0,unchanged
I01738,Energy,2020,CCC,CCC,0,0,0,0,1,1,0,unchanged
I01739,Healthcare,2020,BBB,BBB,0,0,0,0,4,4,0,unchanged
I01740,Industrials,2020,AA,AA,0,0,0,0,6,6,0,unchanged
I01741,Financials,2020,A,A,0,0,0,0,5,5,0,unchanged
I01743,Utilities,2020,BBB,BBB,0,0,0,0,4,4,0,unchanged
I01744,Technology,2020,BB,BB,0,0,0,0,3,3,0,unchanged
I01746,Telecom,2020,A,A,0,0,0,0,5,5,0,unchanged
I01747,Retail,2020,BB,B,0,1,0,1,3,2,-1,downgrade
I01748,Telecom,2020,AA,AA,0,0,0,0,6,6,0,unchanged
I01749,Telecom,2020,B,B,0,0,0,0,2,2,0,unchanged
I01750,Utilities,2020,AA,AA,0,0,0,0,6,6,0,unchanged
I01751,Utilities,2020,B,B,0,0,0,0,2,2,0,unchanged
I01752,Utilities,2020,CCC,B,1,0,0,-1,1,2,1,upgrade
I01753,Real_Estate,2020,A,A,0,0,0,0,5,5,0,unchanged
I01754,Technology,2020,AAA,AA,0,1,0,1,7,6,-1,downgrade
I01755,Consumer,2020,BB,BB,0,0,0,0,3,3,0,unchanged
I01757,Financials,2020,A,A,0,0,0,0,5,5,0,unchanged
I01758,Retail,2020,BB,BB,0,0,0,0,3,3,0,unchanged
I01759,Financials,2020,A,A,0,0,0,0,5,5,0,unchanged
I01760,Energy,2020,BB,BBB,1,0,0,-1,3,4,1,upgrade
I01761,Financials,2020,BBB,BB,0,1,0,1,4,3,-1,downgrade
I01762,Industrials,2020,BBB,BBB,0,0,0,0,4,4,0,unchanged
I01763,Technology,2020,BBB,BBB,0,0,0,0,4,4,0,unchanged
I01764,Retail,2020,A,A,0,0,0,0,5,5,0,unchanged
I01765,Utilities,2020,BB,B,0,1,0,1,3,2,-1,downgrade
I01766,Telecom,2020,AA,AA,0,0,0,0,6,6,0,unchanged
I01767,Telecom,2020,B,CCC,0,1,0,1,2,1,-1,downgrade
I01768,Financials,2020,A,A,0,0,0,0,5,5,0,unchanged
I01769,Healthcare,2020,B,B,0,0,0,0,2,2,0,unchanged
I01770,Utilities,2020,A,A,0,0,0,0,5,5,0,unchanged
I01771,Real_Estate,2020,A,A,0,0,0,0,5,5,0,unchanged
I01772,Retail,2020,CCC,CCC,0,0,0,0,1,1,0,unchanged
I01773,Retail,2020,BBB,BBB,0,0,0,0,4,4,0,unchanged
I01774,Telecom,2020,BB,BB,0,0,0,0,3,3,0,unchanged
I01775,Financials,2020,B,B,0,0,0,0,2,2,0,unchanged
I01776,Retail,2020,A,A,0,0,0,0,5,5,0,unchanged
I01777,Real_Estate,2020,B,B,0,0,0,0,2,2,0,unchanged
I01778,Retail,2020,B,B,0,0,0,0,2,2,0,unchanged
I01779,Utilities,2020,AA,AA,0,0,0,0,6,6,0,unchanged
I01780,Industrials,2020,AA,AA,0,0,0,0,6,6,0,unchanged
I01781,Real_Estate,2020,AA,AA,0,0,0,0,6,6,0,unchanged
I01782,Retail,2020,BB,BB,0,0,0,0,3,3,0,unchanged
I01784,Technology,2020,A,A,0,0,0,0,5,5,0,unchanged
I01785,Healthcare,2020,BBB,BBB,0,0,0,0,4,4,0,unchanged
I01786,Industrials,2020,B,B,0,0,0,0,2,2,0,unchanged
I01787,Healthcare,2020,BB,BB,0,0,0,0,3,3,0,unchanged
I01788,Retail,2020,BBB,BBB,0,0,0,0,4,4,0,unchanged
I01790,Real_Estate,2020,BBB,B,0,1,0,2,4,2,-2,downgrade
I01791,Retail,2020,AA,AA,0,0,0,0,6,6,0,unchanged
I01792,Industrials,2020,BBB,BBB,0,0,0,0,4,4,0,unchanged
I01794,Healthcare,2020,BBB,BBB,0,0,0,0,4,4,0,unchanged
I01796,Telecom,2020,AA,AA,0,0,0,0,6,6,0,unchanged
I01797,Real_Estate,2020,AA,AA,0,0,0,0,6,6,0,unchanged
I01798,Technology,2020,A,A,0,0,0,0,5,5,0,unchanged
I01799,Utilities,2020,AAA,AAA,0,0,0,0,7,7,0,unchanged
I01800,Financials,2020,BBB,BBB,0,0,0,0,4,4,0,unchanged
I01801,Real_Estate,2020,A,A,0,0,0,0,5,5,0,unchanged
I01802,Energy,2020,BB,B,0,1,0,1,3,2,-1,downgrade
I01803,Energy,2020,BBB,D,0,0,1,4,4,0,-4,default
I01806,Healthcare,2020,A,A,0,0,0,0,5,5,0,unchanged
I01807,Energy,2020,BBB,BBB,0,0,0,0,4,4,0,unchanged
I01808,Utilities,2020,CCC,CCC,0,0,0,0,1,1,0,unchanged
I01809,Consumer,2020,BBB,BBB,0,0,0,0,4,4,0,unchanged
I01811,Telecom,2020,BB,BB,0,0,0,0,3,3,0,unchanged
I01812,Technology,2020,BB,BB,0,0,0,0,3,3,0,unchanged
I01814,Retail,2020,A,D,0,0,1,5,5,0,-5,default
I01816,Technology,2020,BB,BB,0,0,0,0,3,3,0,unchanged
I01817,Utilities,2020,CCC,CCC,0,0,0,0,1,1,0,unchanged
I01818,Technology,2020,BBB,BBB,0,0,0,0,4,4,0,unchanged
I01819,Industrials,2020,BBB,BBB,0,0,0,0,4,4,0,unchanged
I01820,Financials,2020,BBB,BBB,0,0,0,0,4,4,0,unchanged
I01821,Technology,2020,BB,BB,0,0,0,0,3,3,0,unchanged
I01822,Consumer,2020,AA,AA,0,0,0,0,6,6,0,unchanged
I01823,Energy,2020,B,B,0,0,0,0,2,2,0,unchanged
I01824,Industrials,2020,B,B,0,0,0,0,2,2,0,unchanged
I01825,Utilities,2020,BBB,CCC,0,1,0,3,4,1,-3,downgrade
I01826,Technology,2020,BBB,BBB,0,0,0,0,4,4,0,unchanged
I01827,Healthcare,2020,A,A,0,0,0,0,5,5,0,unchanged
I01828,Consumer,2020,BBB,BBB,0,0,0,0,4,4,0,unchanged
I01829,Utilities,2020,BBB,BB,0,1,0,1,4,3,-1,downgrade
I01830,Industrials,2020,BBB,BBB,0,0,0,0,4,4,0,unchanged
I01831,Financials,2020,A,BB,0,1,0,2,5,3,-2,downgrade
I01833,Utilities,2020,BBB,BBB,0,0,0,0,4,4,0,unchanged
I01834,Energy,2020,BBB,BBB,0,0,0,0,4,4,0,unchanged
I01835,Financials,2020,BBB,BBB,0,0,0,0,4,4,0,unchanged
I01836,Financials,2020,B,B,0,0,0,0,2,2,0,unchanged
I01837,Consumer,2020,A,A,0,0,0,0,5,5,0,unchanged
I01838,Industrials,2020,A,BB,0,1,0,2,5,3,-2,downgrade
I01839,Healthcare,2020,B,B,0,0,0,0,2,2,0,unchanged
I01841,Retail,2020,AAA,AAA,0,0,0,0,7,7,0,unchanged
I01842,Retail,2020,AAA,AAA,0,0,0,0,7,7,0,unchanged
I01843,Industrials,2020,B,B,0,0,0,0,2,2,0,unchanged
I01844,Retail,2020,BBB,BBB,0,0,0,0,4,4,0,unchanged
I01845,Telecom,2020,B,B,0,0,0,0,2,2,0,unchanged
I01846,Technology,2020,A,A,0,0,0,0,5,5,0,unchanged
I01847,Healthcare,2020,BBB,BB,0,1,0,1,4,3,-1,downgrade
I01848,Industrials,2020,B,CCC,0,1,0,1,2,1,-1,downgrade
I01849,Industrials,2020,B,B,0,0,0,0,2,2,0,unchanged
I01850,Financials,2020,BB,B,0,1,0,1,3,2,-1,downgrade
I01851,Real_Estate,2020,BB,BBB,1,0,0,-1,3,4,1,upgrade
I01852,Utilities,2020,BBB,BBB,0,0,0,0,4,4,0,unchanged
I01853,Utilities,2020,B,BB,1,0,0,-1,2,3,1,upgrade
I01854,Utilities,2020,AA,A,0,1,0,1,6,5,-1,downgrade
I01855,Consumer,2020,BBB,BBB,0,0,0,0,4,4,0,unchanged
I01856,Consumer,2020,A,A,0,0,0,0,5,5,0,unchanged
I01857,Healthcare,2020,BBB,BBB,0,0,0,0,4,4,0,unchanged
I01858,Industrials,2020,BB,B,0,1,0,1,3,2,-1,downgrade
I01860,Telecom,2020,A,A,0,0,0,0,5,5,0,unchanged
I01861,Telecom,2020,A,A,0,0,0,0,5,5,0,unchanged
I01862,Utilities,2020,BBB,BBB,0,0,0,0,4,4,0,unchanged
I01863,Telecom,2020,BB,BB,0,0,0,0,3,3,0,unchanged
I01864,Telecom,2020,B,CCC,0,1,0,1,2,1,-1,downgrade
I01865,Retail,2020,A,A,0,0,0,0,5,5,0,unchanged
I01866,Technology,2020,BBB,B,0,1,0,2,4,2,-2,downgrade
I01867,Telecom,2020,BBB,BBB,0,0,0,0,4,4,0,unchanged
I01868,Industrials,2020,A,A,0,0,0,0,5,5,0,unchanged
I01869,Utilities,2020,BBB,BBB,0,0,0,0,4,4,0,unchanged
I01870,Consumer,2020,A,AA,1,0,0,-1,5,6,1,upgrade
I01871,Technology,2020,AA,AA,0,0,0,0,6,6,0,unchanged
I01872,Industrials,2020,A,A,0,0,0,0,5,5,0,unchanged
I01873,Technology,2020,AA,AA,0,0,0,0,6,6,0,unchanged
I01875,Energy,2020,BBB,A,1,0,0,-1,4,5,1,upgrade
I01876,Energy,2020,BB,BB,0,0,0,0,3,3,0,unchanged
I01877,Telecom,2020,A,A,0,0,0,0,5,5,0,unchanged
I01878,Real_Estate,2020,A,B,0,1,0,3,5,2,-3,downgrade
I01879,Telecom,2020,BB,BB,0,0,0,0,3,3,0,unchanged
I01880,Real_Estate,2020,BB,B,0,1,0,1,3,2,-1,downgrade
I01882,Industrials,2020,BB,BB,0,0,0,0,3,3,0,unchanged
I01883,Utilities,2020,B,B,0,0,0,0,2,2,0,unchanged
I01884,Retail,2020,BBB,BBB,0,0,0,0,4,4,0,unchanged
I01885,Energy,2020,BBB,BBB,0,0,0,0,4,4,0,unchanged
I01886,Financials,2020,B,B,0,0,0,0,2,2,0,unchanged
I01887,Utilities,2020,BB,BB,0,0,0,0,3,3,0,unchanged
I01888,Financials,2020,BBB,BBB,0,0,0,0,4,4,0,unchanged
I01889,Industrials,2020,BB,BB,0,0,0,0,3,3,0,unchanged
I01890,Industrials,2020,AAA,AAA,0,0,0,0,7,7,0,unchanged
I01891,Real_Estate,2020,BBB,BBB,0,0,0,0,4,4,0,unchanged
I01892,Utilities,2020,B,B,0,0,0,0,2,2,0,unchanged
I01893,Real_Estate,2020,CCC,BB,1,0,0,-2,1,3,2,upgrade
I01894,Industrials,2020,B,BB,1,0,0,-1,2,3,1,upgrade
I01895,Consumer,2020,AA,AA,0,0,0,0,6,6,0,unchanged
I01896,Consumer,2020,BB,B,0,1,0,1,3,2,-1,downgrade
I01897,Financials,2020,B,B,0,0,0,0,2,2,0,unchanged
I01898,Telecom,2020,BBB,BBB,0,0,0,0,4,4,0,unchanged
I01899,Retail,2020,BB,BB,0,0,0,0,3,3,0,unchanged
I01901,Energy,2020,AA,AA,0,0,0,0,6,6,0,unchanged
I01902,Industrials,2020,B,B,0,0,0,0,2,2,0,unchanged
I01903,Utilities,2020,A,BB,0,1,0,2,5,3,-2,downgrade
I01904,Industrials,2020,A,A,0,0,0,0,5,5,0,unchanged
I01905,Telecom,2020,BBB,BBB,0,0,0,0,4,4,0,unchanged
I01906,Healthcare,2020,A,A,0,0,0,0,5,5,0,unchanged
I01907,Technology,2020,B,B,0,0,0,0,2,2,0,unchanged
I01908,Healthcare,2020,AA,AA,0,0,0,0,6,6,0,unchanged
I01909,Retail,2020,BBB,BBB,0,0,0,0,4,4,0,unchanged
I01910,Retail,2020,BB,BB,0,0,0,0,3,3,0,unchanged
I01911,Telecom,2020,A,A,0,0,0,0,5,5,0,unchanged
I01912,Healthcare,2020,BBB,D,0,0,1,4,4,0,-4,default
I01913,Real_Estate,2020,BBB,BBB,0,0,0,0,4,4,0,unchanged
I01914,Consumer,2020,B,B,0,0,0,0,2,2,0,unchanged
I01915,Financials,2020,BBB,BBB,0,0,0,0,4,4,0,unchanged
I01916,Real_Estate,2020,B,B,0,0,0,0,2,2,0,unchanged
I01918,Retail,2020,AA,AA,0,0,0,0,6,6,0,unchanged
I01919,Telecom,2020,BB,BB,0,0,0,0,3,3,0,unchanged
I01921,Consumer,2020,BBB,BBB,0,0,0,0,4,4,0,unchanged
I01922,Healthcare,2020,BBB,BB,0,1,0,1,4,3,-1,downgrade
I01923,Healthcare,2020,CCC,CCC,0,0,0,0,1,1,0,unchanged
I01924,Energy,2020,B,B,0,0,0,0,2,2,0,unchanged
I01926,Healthcare,2020,A,A,0,0,0,0,5,5,0,unchanged
I01927,Telecom,2020,BBB,BBB,0,0,0,0,4,4,0,unchanged
I01928,Consumer,2020,BB,BB,0,0,0,0,3,3,0,unchanged
I01929,Industrials,2020,BBB,BBB,0,0,0,0,4,4,0,unchanged
I01930,Financials,2020,BB,BB,0,0,0,0,3,3,0,unchanged
I01931,Telecom,2020,BB,BB,0,0,0,0,3,3,0,unchanged
I01932,Consumer,2020,B,B,0,0,0,0,2,2,0,unchanged
I01933,Real_Estate,2020,B,B,0,0,0,0,2,2,0,unchanged
I01934,Consumer,2020,B,B,0,0,0,0,2,2,0,unchanged
I01935,Industrials,2020,A,A,0,0,0,0,5,5,0,unchanged
I01936,Retail,2020,BBB,CCC,0,1,0,3,4,1,-3,downgrade
I01938,Energy,2020,BB,B,0,1,0,1,3,2,-1,downgrade
I01939,Financials,2020,AA,BBB,0,1,0,2,6,4,-2,downgrade
I01940,Technology,2020,B,B,0,0,0,0,2,2,0,unchanged
I01941,Technology,2020,BB,BB,0,0,0,0,3,3,0,unchanged
I01942,Financials,2020,BB,BB,0,0,0,0,3,3,0,unchanged
I01943,Healthcare,2020,AA,AA,0,0,0,0,6,6,0,unchanged
I01944,Financials,2020,BBB,BBB,0,0,0,0,4,4,0,unchanged
I01945,Financials,2020,A,A,0,0,0,0,5,5,0,unchanged
I01947,Consumer,2020,BBB,D,0,0,1,4,4,0,-4,default
I01948,Financials,2020,BBB,BBB,0,0,0,0,4,4,0,unchanged
I01949,Real_Estate,2020,BBB,BBB,0,0,0,0,4,4,0,unchanged
I01950,Real_Estate,2020,A,A,0,0,0,0,5,5,0,unchanged
I01951,Utilities,2020,BBB,B,0,1,0,2,4,2,-2,downgrade
I01953,Energy,2020,B,B,0,0,0,0,2,2,0,unchanged
I01954,Industrials,2020,AAA,AAA,0,0,0,0,7,7,0,unchanged
I01955,Energy,2020,A,A,0,0,0,0,5,5,0,unchanged
I01956,Retail,2020,BBB,BBB,0,0,0,0,4,4,0,unchanged
I01957,Consumer,2020,BB,BB,0,0,0,0,3,3,0,unchanged
I01960,Utilities,2020,BB,B,0,1,0,1,3,2,-1,downgrade
I01963,Energy,2020,BB,BB,0,0,0,0,3,3,0,unchanged
I01964,Retail,2020,BBB,BB,0,1,0,1,4,3,-1,downgrade
I01965,Consumer,2020,AA,AA,0,0,0,0,6,6,0,unchanged
I01966,Utilities,2020,BBB,BBB,0,0,0,0,4,4,0,unchanged
I01967,Industrials,2020,BBB,BBB,0,0,0,0,4,4,0,unchanged
I01968,Healthcare,2020,BBB,BBB,0,0,0,0,4,4,0,unchanged
I01969,Consumer,2020,BBB,BBB,0,0,0,0,4,4,0,unchanged
I01970,Consumer,2020,BB,BBB,1,0,0,-1,3,4,1,upgrade
I01971,Retail,2020,A,A,0,0,0,0,5,5,0,unchanged
I01973,Utilities,2020,BBB,BBB,0,0,0,0,4,4,0,unchanged
I01974,Retail,2020,A,D,0,0,1,5,5,0,-5,default
I01975,Utilities,2020,A,A,0,0,0,0,5,5,0,unchanged
I01976,Technology,2020,BBB,BBB,0,0,0,0,4,4,0,unchanged
I01977,Healthcare,2020,BBB,BBB,0,0,0,0,4,4,0,unchanged
I01978,Telecom,2020,BB,B,0,1,0,1,3,2,-1,downgrade
I01979,Financials,2020,BBB,BBB,0,0,0,0,4,4,0,unchanged
I01980,Consumer,2020,A,A,0,0,0,0,5,5,0,unchanged
I01981,Retail,2020,AA,AA,0,0,0,0,6,6,0,unchanged
I01982,Industrials,2020,BB,D,0,0,1,3,3,0,-3,default
I01983,Technology,2020,BB,BB,0,0,0,0,3,3,0,unchanged
I01984,Industrials,2020,BBB,BBB,0,0,0,0,4,4,0,unchanged
I01985,Technology,2020,AA,A,0,1,0,1,6,5,-1,downgrade
I01986,Consumer,2020,BBB,BBB,0,0,0,0,4,4,0,unchanged
I01987,Retail,2020,B,B,0,0,0,0,2,2,0,unchanged
I01988,Healthcare,2020,BBB,BB,0,1,0,1,4,3,-1,downgrade
I01989,Industrials,2020,A,BBB,0,1,0,1,5,4,-1,downgrade
I01990,Financials,2020,BBB,BBB,0,0,0,0,4,4,0,unchanged
I01991,Real_Estate,2020,B,D,0,0,1,2,2,0,-2,default
I01992,Utilities,2020,BBB,A,1,0,0,-1,4,5,1,upgrade
I01993,Energy,2020,BB,BB,0,0,0,0,3,3,0,unchanged
I01994,Real_Estate,2020,BBB,B,0,1,0,2,4,2,-2,downgrade
I01995,Real_Estate,2020,BB,B,0,1,0,1,3,2,-1,downgrade
I01996,Energy,2020,B,B,0,0,0,0,2,2,0,unchanged
I01997,Utilities,2020,BB,BB,0,0,0,0,3,3,0,unchanged
I01998,Telecom,2020,BB,BB,0,0,0,0,3,3,0,unchanged
I01999,Consumer,2020,BBB,BB,0,1,0,1,4,3,-1,downgrade
I02000,Financials,2020,AA,AA,0,0,0,0,6,6,0,unchanged
I00001,Consumer,2021,BBB,BBB,0,0,0,0,4,4,0,unchanged
I00002,Industrials,2021,BBB,BBB,0,0,0,0,4,4,0,unchanged
I00003,Industrials,2021,BB,BB,0,0,0,0,3,3,0,unchanged
I00004,Industrials,2021,BBB,BBB,0,0,0,0,4,4,0,unchanged
I00005,Real_Estate,2021,A,A,0,0,0,0,5,5,0,unchanged
I00006,Financials,2021,B,B,0,0,0,0,2,2,0,unchanged
I00007,Utilities,2021,BBB,A,1,0,0,-1,4,5,1,upgrade
I00008,Healthcare,2021,BBB,BB,0,1,0,1,4,3,-1,downgrade
I00009,Consumer,2021,CCC,CCC,0,0,0,0,1,1,0,unchanged
I00010,Real_Estate,2021,CCC,CCC,0,0,0,0,1,1,0,unchanged
I00011,Healthcare,2021,BBB,BBB,0,0,0,0,4,4,0,unchanged
I00012,Retail,2021,BBB,BBB,0,0,0,0,4,4,0,unchanged
I00014,Telecom,2021,BBB,BB,0,1,0,1,4,3,-1,downgrade
I00018,Consumer,2021,BB,B,0,1,0,1,3,2,-1,downgrade
I00019,Utilities,2021,A,A,0,0,0,0,5,5,0,unchanged
I00020,Healthcare,2021,B,B,0,0,0,0,2,2,0,unchanged
I00021,Financials,2021,BB,BB,0,0,0,0,3,3,0,unchanged
I00025,Retail,2021,BBB,BBB,0,0,0,0,4,4,0,unchanged
I00028,Telecom,2021,A,A,0,0,0,0,5,5,0,unchanged
I00029,Energy,2021,B,BB,1,0,0,-1,2,3,1,upgrade
I00030,Utilities,2021,B,B,0,0,0,0,2,2,0,unchanged
I00031,Utilities,2021,AA,AA,0,0,0,0,6,6,0,unchanged
I00032,Healthcare,2021,B,B,0,0,0,0,2,2,0,unchanged
I00033,Energy,2021,BBB,BBB,0,0,0,0,4,4,0,unchanged
I00036,Real_Estate,2021,A,A,0,0,0,0,5,5,0,unchanged
I00037,Retail,2021,BB,BB,0,0,0,0,3,3,0,unchanged
I00038,Telecom,2021,AAA,AAA,0,0,0,0,7,7,0,unchanged
I00039,Energy,2021,BB,BB,0,0,0,0,3,3,0,unchanged
I00040,Utilities,2021,BBB,BBB,0,0,0,0,4,4,0,unchanged
I00041,Energy,2021,B,B,0,0,0,0,2,2,0,unchanged
I00042,Financials,2021,BBB,BBB,0,0,0,0,4,4,0,unchanged
I00043,Healthcare,2021,BBB,BBB,0,0,0,0,4,4,0,unchanged
I00044,Telecom,2021,B,B,0,0,0,0,2,2,0,unchanged
I00045,Technology,2021,A,A,0,0,0,0,5,5,0,unchanged
I00046,Energy,2021,B,B,0,0,0,0,2,2,0,unchanged
I00047,Energy,2021,AA,AA,0,0,0,0,6,6,0,unchanged
I00048,Healthcare,2021,BBB,BBB,0,0,0,0,4,4,0,unchanged
I00049,Telecom,2021,A,A,0,0,0,0,5,5,0,unchanged
I00050,Technology,2021,BB,B,0,1,0,1,3,2,-1,downgrade
I00051,Financials,2021,AAA,AAA,0,0,0,0,7,7,0,unchanged
I00052,Consumer,2021,B,D,0,0,1,2,2,0,-2,default
I00053,Industrials,2021,B,B,0,0,0,0,2,2,0,unchanged
I00054,Industrials,2021,B,B,0,0,0,0,2,2,0,unchanged
I00055,Financials,2021,A,A,0,0,0,0,5,5,0,unchanged
I00056,Industrials,2021,BBB,BBB,0,0,0,0,4,4,0,unchanged
I00057,Utilities,2021,BB,BB,0,0,0,0,3,3,0,unchanged
I00059,Consumer,2021,CCC,CCC,0,0,0,0,1,1,0,unchanged
I00060,Healthcare,2021,A,A,0,0,0,0,5,5,0,unchanged
I00061,Energy,2021,BB,B,0,1,0,1,3,2,-1,downgrade
I00062,Real_Estate,2021,B,D,0,0,1,2,2,0,-2,default
I00064,Healthcare,2021,AA,AA,0,0,0,0,6,6,0,unchanged
I00066,Industrials,2021,B,B,0,0,0,0,2,2,0,unchanged
I00067,Consumer,2021,B,B,0,0,0,0,2,2,0,unchanged
I00068,Technology,2021,BBB,BBB,0,0,0,0,4,4,0,unchanged
I00069,Real_Estate,2021,B,B,0,0,0,0,2,2,0,unchanged
I00070,Utilities,2021,B,BB,1,0,0,-1,2,3,1,upgrade
I00071,Real_Estate,2021,BBB,BBB,0,0,0,0,4,4,0,unchanged
I00072,Financials,2021,A,A,0,0,0,0,5,5,0,unchanged
I00073,Energy,2021,BB,BB,0,0,0,0,3,3,0,unchanged
I00075,Retail,2021,BB,BB,0,0,0,0,3,3,0,unchanged
I00076,Energy,2021,BBB,BBB,0,0,0,0,4,4,0,unchanged
I00077,Consumer,2021,BB,B,0,1,0,1,3,2,-1,downgrade
I00078,Utilities,2021,AA,AA,0,0,0,0,6,6,0,unchanged
I00081,Utilities,2021,B,B,0,0,0,0,2,2,0,unchanged
I00082,Utilities,2021,A,A,0,0,0,0,5,5,0,unchanged
I00083,Industrials,2021,BBB,BBB,0,0,0,0,4,4,0,unchanged
I00084,Retail,2021,BB,B,0,1,0,1,3,2,-1,downgrade
I00085,Industrials,2021,BBB,A,1,0,0,-1,4,5,1,upgrade
I00086,Consumer,2021,A,A,0,0,0,0,5,5,0,unchanged
I00088,Financials,2021,B,B,0,0,0,0,2,2,0,unchanged
I00090,Utilities,2021,A,A,0,0,0,0,5,5,0,unchanged
I00092,Financials,2021,AA,AA,0,0,0,0,6,6,0,unchanged
I00093,Energy,2021,B,B,0,0,0,0,2,2,0,unchanged
I00094,Retail,2021,AAA,AAA,0,0,0,0,7,7,0,unchanged
I00096,Industrials,2021,AA,AA,0,0,0,0,6,6,0,unchanged
I00097,Retail,2021,B,B,0,0,0,0,2,2,0,unchanged
I00098,Energy,2021,B,B,0,0,0,0,2,2,0,unchanged
I00099,Technology,2021,BB,BB,0,0,0,0,3,3,0,unchanged
I00100,Telecom,2021,BBB,BBB,0,0,0,0,4,4,0,unchanged
I00101,Retail,2021,BBB,BBB,0,0,0,0,4,4,0,unchanged
I00102,Utilities,2021,B,B,0,0,0,0,2,2,0,unchanged
I00103,Consumer,2021,AA,AA,0,0,0,0,6,6,0,unchanged
I00104,Consumer,2021,BBB,BBB,0,0,0,0,4,4,0,unchanged
I00105,Healthcare,2021,A,A,0,0,0,0,5,5,0,unchanged
I00106,Financials,2021,A,A,0,0,0,0,5,5,0,unchanged
I00107,Retail,2021,AA,AA,0,0,0,0,6,6,0,unchanged
I00108,Telecom,2021,B,BB,1,0,0,-1,2,3,1,upgrade
I00109,Retail,2021,B,B,0,0,0,0,2,2,0,unchanged
I00110,Utilities,2021,A,A,0,0,0,0,5,5,0,unchanged
I00112,Energy,2021,B,B,0,0,0,0,2,2,0,unchanged
I00113,Technology,2021,BB,BB,0,0,0,0,3,3,0,unchanged
I00114,Telecom,2021,A,A,0,0,0,0,5,5,0,unchanged
I00115,Technology,2021,B,B,0,0,0,0,2,2,0,unchanged
I00116,Real_Estate,2021,B,B,0,0,0,0,2,2,0,unchanged
I00117,Telecom,2021,BB,BB,0,0,0,0,3,3,0,unchanged
I00118,Industrials,2021,CCC,CCC,0,0,0,0,1,1,0,unchanged
I00119,Utilities,2021,A,A,0,0,0,0,5,5,0,unchanged
I00120,Utilities,2021,BBB,BBB,0,0,0,0,4,4,0,unchanged
I00121,Industrials,2021,BBB,BBB,0,0,0,0,4,4,0,unchanged
I00122,Telecom,2021,B,B,0,0,0,0,2,2,0,unchanged
I00123,Healthcare,2021,A,A,0,0,0,0,5,5,0,unchanged
I00124,Industrials,2021,BBB,BBB,0,0,0,0,4,4,0,unchanged
I00125,Utilities,2021,BB,BBB,1,0,0,-1,3,4,1,upgrade
I00126,Technology,2021,A,A,0,0,0,0,5,5,0,unchanged
I00127,Utilities,2021,B,B,0,0,0,0,2,2,0,unchanged
I00129,Telecom,2021,B,BB,1,0,0,-1,2,3,1,upgrade
I00130,Consumer,2021,BBB,BBB,0,0,0,0,4,4,0,unchanged
I00131,Real_Estate,2021,B,B,0,0,0,0,2,2,0,unchanged
I00132,Retail,2021,B,B,0,0,0,0,2,2,0,unchanged
I00134,Healthcare,2021,BBB,BBB,0,0,0,0,4,4,0,unchanged
I00135,Technology,2021,A,A,0,0,0,0,5,5,0,unchanged
I00136,Consumer,2021,B,B,0,0,0,0,2,2,0,unchanged
I00137,Financials,2021,A,A,0,0,0,0,5,5,0,unchanged
I00139,Telecom,2021,BBB,BBB,0,0,0,0,4,4,0,unchanged
I00140,Consumer,2021,AAA,AA,0,1,0,1,7,6,-1,downgrade
I00141,Energy,2021,BBB,BBB,0,0,0,0,4,4,0,unchanged
I00142,Telecom,2021,CCC,CCC,0,0,0,0,1,1,0,unchanged
I00144,Financials,2021,A,A,0,0,0,0,5,5,0,unchanged
I00145,Financials,2021,AA,AA,0,0,0,0,6,6,0,unchanged
I00146,Technology,2021,AA,AA,0,0,0,0,6,6,0,unchanged
I00147,Real_Estate,2021,BBB,BBB,0,0,0,0,4,4,0,unchanged
I00148,Retail,2021,BBB,BBB,0,0,0,0,4,4,0,unchanged
I00149,Financials,2021,B,B,0,0,0,0,2,2,0,unchanged
I00150,Retail,2021,BB,BB,0,0,0,0,3,3,0,unchanged
I00151,Healthcare,2021,B,B,0,0,0,0,2,2,0,unchanged
I00152,Energy,2021,BBB,BBB,0,0,0,0,4,4,0,unchanged
I00153,Financials,2021,A,A,0,0,0,0,5,5,0,unchanged
I00154,Energy,2021,B,B,0,0,0,0,2,2,0,unchanged
I00155,Energy,2021,BB,BB,0,0,0,0,3,3,0,unchanged
I00156,Telecom,2021,BBB,BBB,0,0,0,0,4,4,0,unchanged
I00157,Retail,2021,A,A,0,0,0,0,5,5,0,unchanged
I00158,Financials,2021,A,A,0,0,0,0,5,5,0,unchanged
I00159,Consumer,2021,BBB,BBB,0,0,0,0,4,4,0,unchanged
I00160,Consumer,2021,BBB,BBB,0,0,0,0,4,4,0,unchanged
I00161,Technology,2021,BBB,BBB,0,0,0,0,4,4,0,unchanged
I00162,Real_Estate,2021,BB,BB,0,0,0,0,3,3,0,unchanged
I00164,Consumer,2021,BBB,BBB,0,0,0,0,4,4,0,unchanged
I00165,Healthcare,2021,A,B,0,1,0,3,5,2,-3,downgrade
I00166,Telecom,2021,B,D,0,0,1,2,2,0,-2,default
I00167,Utilities,2021,BBB,BBB,0,0,0,0,4,4,0,unchanged
I00168,Utilities,2021,B,B,0,0,0,0,2,2,0,unchanged
I00169,Technology,2021,AA,AA,0,0,0,0,6,6,0,unchanged
I00171,Utilities,2021,A,A,0,0,0,0,5,5,0,unchanged
I00173,Healthcare,2021,B,B,0,0,0,0,2,2,0,unchanged
I00175,Technology,2021,BBB,BBB,0,0,0,0,4,4,0,unchanged
I00176,Consumer,2021,BB,BB,0,0,0,0,3,3,0,unchanged
I00177,Energy,2021,CCC,CCC,0,0,0,0,1,1,0,unchanged
I00178,Telecom,2021,CCC,CCC,0,0,0,0,1,1,0,unchanged
I00179,Consumer,2021,AA,AA,0,0,0,0,6,6,0,unchanged
I00182,Consumer,2021,BBB,BBB,0,0,0,0,4,4,0,unchanged
I00183,Financials,2021,BB,BB,0,0,0,0,3,3,0,unchanged
I00184,Telecom,2021,B,B,0,0,0,0,2,2,0,unchanged
I00185,Retail,2021,BBB,BBB,0,0,0,0,4,4,0,unchanged
I00186,Energy,2021,BBB,BBB,0,0,0,0,4,4,0,unchanged
I00187,Utilities,2021,AA,AA,0,0,0,0,6,6,0,unchanged
I00188,Telecom,2021,B,B,0,0,0,0,2,2,0,unchanged
I00189,Telecom,2021,B,D,0,0,1,2,2,0,-2,default
I00190,Industrials,2021,B,B,0,0,0,0,2,2,0,unchanged
I00191,Technology,2021,A,A,0,0,0,0,5,5,0,unchanged
I00193,Industrials,2021,B,B,0,0,0,0,2,2,0,unchanged
I00194,Industrials,2021,BB,BB,0,0,0,0,3,3,0,unchanged
I00195,Healthcare,2021,CCC,CCC,0,0,0,0,1,1,0,unchanged
I00196,Financials,2021,B,BB,1,0,0,-1,2,3,1,upgrade
I00197,Industrials,2021,BBB,BBB,0,0,0,0,4,4,0,unchanged
I00198,Healthcare,2021,BBB,BB,0,1,0,1,4,3,-1,downgrade
I00199,Healthcare,2021,BB,BB,0,0,0,0,3,3,0,unchanged
I00200,Retail,2021,B,B,0,0,0,0,2,2,0,unchanged
I00201,Telecom,2021,BBB,BB,0,1,0,1,4,3,-1,downgrade
I00202,Utilities,2021,BB,BB,0,0,0,0,3,3,0,unchanged
I00203,Financials,2021,A,A,0,0,0,0,5,5,0,unchanged
I00204,Energy,2021,B,CCC,0,1,0,1,2,1,-1,downgrade
I00206,Industrials,2021,BBB,BBB,0,0,0,0,4,4,0,unchanged
I00207,Retail,2021,BBB,BBB,0,0,0,0,4,4,0,unchanged
I00208,Healthcare,2021,BBB,BBB,0,0,0,0,4,4,0,unchanged
I00210,Telecom,2021,A,A,0,0,0,0,5,5,0,unchanged
I00211,Healthcare,2021,BB,BB,0,0,0,0,3,3,0,unchanged
I00212,Healthcare,2021,B,D,0,0,1,2,2,0,-2,default
I00213,Retail,2021,AA,AA,0,0,0,0,6,6,0,unchanged
I00214,Energy,2021,A,A,0,0,0,0,5,5,0,unchanged
I00215,Energy,2021,A,A,0,0,0,0,5,5,0,unchanged
I00216,Technology,2021,A,A,0,0,0,0,5,5,0,unchanged
I00217,Consumer,2021,CCC,CCC,0,0,0,0,1,1,0,unchanged
I00218,Telecom,2021,BBB,BBB,0,0,0,0,4,4,0,unchanged
I00219,Telecom,2021,A,A,0,0,0,0,5,5,0,unchanged
I00220,Utilities,2021,BB,BB,0,0,0,0,3,3,0,unchanged
I00224,Financials,2021,AA,AA,0,0,0,0,6,6,0,unchanged
I00225,Financials,2021,A,A,0,0,0,0,5,5,0,unchanged
I00227,Technology,2021,B,BB,1,0,0,-1,2,3,1,upgrade
I00229,Telecom,2021,BBB,B,0,1,0,2,4,2,-2,downgrade
I00230,Industrials,2021,BBB,A,1,0,0,-1,4,5,1,upgrade
I00231,Retail,2021,AA,AA,0,0,0,0,6,6,0,unchanged
I00233,Healthcare,2021,B,B,0,0,0,0,2,2,0,unchanged
I00234,Real_Estate,2021,A,A,0,0,0,0,5,5,0,unchanged
I00235,Healthcare,2021,BBB,BBB,0,0,0,0,4,4,0,unchanged
I00236,Healthcare,2021,A,A,0,0,0,0,5,5,0,unchanged
I00237,Financials,2021,AA,AA,0,0,0,0,6,6,0,unchanged
I00238,Healthcare,2021,CCC,CCC,0,0,0,0,1,1,0,unchanged
I00239,Industrials,2021,BBB,BBB,0,0,0,0,4,4,0,unchanged
I00240,Real_Estate,2021,A,A,0,0,0,0,5,5,0,unchanged
I00241,Healthcare,2021,A,A,0,0,0,0,5,5,0,unchanged
I00242,Telecom,2021,BB,BBB,1,0,0,-1,3,4,1,upgrade
I00243,Telecom,2021,B,B,0,0,0,0,2,2,0,unchanged
I00244,Real_Estate,2021,B,B,0,0,0,0,2,2,0,unchanged
I00245,Telecom,2021,BBB,BBB,0,0,0,0,4,4,0,unchanged
I00246,Technology,2021,BBB,BBB,0,0,0,0,4,4,0,unchanged
I00247,Industrials,2021,BB,BB,0,0,0,0,3,3,0,unchanged
I00248,Telecom,2021,BBB,BBB,0,0,0,0,4,4,0,unchanged
I00250,Industrials,2021,AA,AA,0,0,0,0,6,6,0,unchanged
I00251,Consumer,2021,A,A,0,0,0,0,5,5,0,unchanged
I00252,Utilities,2021,AA,AA,0,0,0,0,6,6,0,unchanged
I00253,Telecom,2021,AA,AA,0,0,0,0,6,6,0,unchanged
I00254,Real_Estate,2021,BB,BB,0,0,0,0,3,3,0,unchanged
I00256,Telecom,2021,B,B,0,0,0,0,2,2,0,unchanged
I00257,Utilities,2021,BBB,BBB,0,0,0,0,4,4,0,unchanged
I00258,Real_Estate,2021,A,A,0,0,0,0,5,5,0,unchanged
I00259,Telecom,2021,B,B,0,0,0,0,2,2,0,unchanged
I00260,Healthcare,2021,B,BB,1,0,0,-1,2,3,1,upgrade
I00261,Utilities,2021,A,A,0,0,0,0,5,5,0,unchanged
I00262,Technology,2021,AAA,AAA,0,0,0,0,7,7,0,unchanged
I00263,Energy,2021,A,A,0,0,0,0,5,5,0,unchanged
I00264,Telecom,2021,BBB,BBB,0,0,0,0,4,4,0,unchanged
I00265,Real_Estate,2021,BBB,BBB,0,0,0,0,4,4,0,unchanged
I00267,Healthcare,2021,A,A,0,0,0,0,5,5,0,unchanged
I00268,Telecom,2021,AA,AA,0,0,0,0,6,6,0,unchanged
I00270,Utilities,2021,BB,BB,0,0,0,0,3,3,0,unchanged
I00271,Retail,2021,BB,BB,0,0,0,0,3,3,0,unchanged
I00272,Consumer,2021,B,B,0,0,0,0,2,2,0,unchanged
I00273,Energy,2021,BBB,BBB,0,0,0,0,4,4,0,unchanged
I00274,Consumer,2021,B,B,0,0,0,0,2,2,0,unchanged
I00275,Financials,2021,BB,BB,0,0,0,0,3,3,0,unchanged
I00276,Financials,2021,B,B,0,0,0,0,2,2,0,unchanged
I00277,Retail,2021,B,CCC,0,1,0,1,2,1,-1,downgrade
I00278,Retail,2021,CCC,CCC,0,0,0,0,1,1,0,unchanged
I00279,Financials,2021,BB,BB,0,0,0,0,3,3,0,unchanged
I00280,Utilities,2021,AA,AA,0,0,0,0,6,6,0,unchanged
I00281,Utilities,2021,AAA,AAA,0,0,0,0,7,7,0,unchanged
I00283,Healthcare,2021,AA,AA,0,0,0,0,6,6,0,unchanged
I00284,Healthcare,2021,CCC,B,1,0,0,-1,1,2,1,upgrade
I00285,Energy,2021,BB,BB,0,0,0,0,3,3,0,unchanged
I00287,Energy,2021,BBB,BBB,0,0,0,0,4,4,0,unchanged
I00288,Technology,2021,BBB,BBB,0,0,0,0,4,4,0,unchanged
I00289,Industrials,2021,BBB,B,0,1,0,2,4,2,-2,downgrade
I00290,Retail,2021,BBB,BBB,0,0,0,0,4,4,0,unchanged
I00291,Energy,2021,BBB,BBB,0,0,0,0,4,4,0,unchanged
I00292,Energy,2021,A,A,0,0,0,0,5,5,0,unchanged
I00293,Industrials,2021,A,A,0,0,0,0,5,5,0,unchanged
I00294,Financials,2021,BBB,BBB,0,0,0,0,4,4,0,unchanged
I00295,Financials,2021,BBB,BBB,0,0,0,0,4,4,0,unchanged
I00297,Telecom,2021,BB,BB,0,0,0,0,3,3,0,unchanged
I00298,Utilities,2021,BBB,BBB,0,0,0,0,4,4,0,unchanged
I00300,Real_Estate,2021,BB,BB,0,0,0,0,3,3,0,unchanged
I00301,Healthcare,2021,BBB,A,1,0,0,-1,4,5,1,upgrade
I00302,Utilities,2021,BBB,BBB,0,0,0,0,4,4,0,unchanged
I00303,Financials,2021,AA,A,0,1,0,1,6,5,-1,downgrade
I00304,Financials,2021,BBB,BBB,0,0,0,0,4,4,0,unchanged
I00306,Telecom,2021,CCC,CCC,0,0,0,0,1,1,0,unchanged
I00308,Real_Estate,2021,BBB,B,0,1,0,2,4,2,-2,downgrade
I00309,Energy,2021,A,A,0,0,0,0,5,5,0,unchanged
I00310,Healthcare,2021,A,A,0,0,0,0,5,5,0,unchanged
I00311,Real_Estate,2021,CCC,CCC,0,0,0,0,1,1,0,unchanged
I00312,Technology,2021,BBB,BBB,0,0,0,0,4,4,0,unchanged
I00313,Consumer,2021,A,A,0,0,0,0,5,5,0,unchanged
I00314,Industrials,2021,AA,AA,0,0,0,0,6,6,0,unchanged
I00315,Industrials,2021,BB,BB,0,0,0,0,3,3,0,unchanged
I00316,Technology,2021,BBB,A,1,0,0,-1,4,5,1,upgrade
I00318,Energy,2021,BB,BB,0,0,0,0,3,3,0,unchanged
I00319,Financials,2021,A,A,0,0,0,0,5,5,0,unchanged
I00320,Consumer,2021,A,A,0,0,0,0,5,5,0,unchanged
I00321,Healthcare,2021,A,A,0,0,0,0,5,5,0,unchanged
I00322,Technology,2021,BB,BB,0,0,0,0,3,3,0,unchanged
I00324,Financials,2021,B,B,0,0,0,0,2,2,0,unchanged
I00325,Retail,2021,A,A,0,0,0,0,5,5,0,unchanged
I00326,Telecom,2021,BBB,BBB,0,0,0,0,4,4,0,unchanged
I00327,Utilities,2021,A,BBB,0,1,0,1,5,4,-1,downgrade
I00328,Real_Estate,2021,BB,BB,0,0,0,0,3,3,0,unchanged
I00329,Technology,2021,AA,AA,0,0,0,0,6,6,0,unchanged
I00330,Industrials,2021,B,B,0,0,0,0,2,2,0,unchanged
I00332,Telecom,2021,BB,BB,0,0,0,0,3,3,0,unchanged
I00333,Consumer,2021,BB,BB,0,0,0,0,3,3,0,unchanged
I00334,Utilities,2021,BBB,A,1,0,0,-1,4,5,1,upgrade
I00335,Utilities,2021,BBB,BBB,0,0,0,0,4,4,0,unchanged
I00336,Utilities,2021,B,B,0,0,0,0,2,2,0,unchanged
I00337,Financials,2021,AAA,AA,0,1,0,1,7,6,-1,downgrade
I00338,Financials,2021,BBB,BBB,0,0,0,0,4,4,0,unchanged
I00339,Retail,2021,BB,B,0,1,0,1,3,2,-1,downgrade
I00340,Real_Estate,2021,BB,BB,0,0,0,0,3,3,0,unchanged
I00341,Financials,2021,A,A,0,0,0,0,5,5,0,unchanged
I00342,Technology,2021,BBB,BBB,0,0,0,0,4,4,0,unchanged
I00343,Consumer,2021,B,BB,1,0,0,-1,2,3,1,upgrade
I00344,Energy,2021,AAA,AAA,0,0,0,0,7,7,0,unchanged
I00345,Utilities,2021,BB,BB,0,0,0,0,3,3,0,unchanged
I00346,Industrials,2021,B,B,0,0,0,0,2,2,0,unchanged
I00347,Financials,2021,B,B,0,0,0,0,2,2,0,unchanged
I00348,Retail,2021,BBB,BBB,0,0,0,0,4,4,0,unchanged
I00350,Healthcare,2021,B,B,0,0,0,0,2,2,0,unchanged
I00351,Technology,2021,AA,AA,0,0,0,0,6,6,0,unchanged
I00352,Utilities,2021,A,A,0,0,0,0,5,5,0,unchanged
I00353,Retail,2021,B,B,0,0,0,0,2,2,0,unchanged
I00354,Healthcare,2021,AAA,AAA,0,0,0,0,7,7,0,unchanged
I00355,Healthcare,2021,B,B,0,0,0,0,2,2,0,unchanged
I00356,Healthcare,2021,AA,AA,0,0,0,0,6,6,0,unchanged
I00357,Industrials,2021,A,BBB,0,1,0,1,5,4,-1,downgrade
I00359,Consumer,2021,BB,BB,0,0,0,0,3,3,0,unchanged
I00360,Real_Estate,2021,B,BB,1,0,0,-1,2,3,1,upgrade
I00361,Healthcare,2021,CCC,CCC,0,0,0,0,1,1,0,unchanged
I00362,Industrials,2021,BB,BB,0,0,0,0,3,3,0,unchanged
I00363,Energy,2021,BBB,BBB,0,0,0,0,4,4,0,unchanged
I00366,Energy,2021,B,B,0,0,0,0,2,2,0,unchanged
I00367,Utilities,2021,BBB,BBB,0,0,0,0,4,4,0,unchanged
I00369,Healthcare,2021,BB,BB,0,0,0,0,3,3,0,unchanged
I00370,Utilities,2021,BBB,BBB,0,0,0,0,4,4,0,unchanged
I00371,Technology,2021,CCC,BB,1,0,0,-2,1,3,2,upgrade
I00373,Energy,2021,BB,BB,0,0,0,0,3,3,0,unchanged
I00374,Utilities,2021,BB,CCC,0,1,0,2,3,1,-2,downgrade
I00375,Retail,2021,A,A,0,0,0,0,5,5,0,unchanged
I00376,Industrials,2021,BB,BB,0,0,0,0,3,3,0,unchanged
I00377,Energy,2021,A,A,0,0,0,0,5,5,0,unchanged
I00378,Technology,2021,B,B,0,0,0,0,2,2,0,unchanged
I00379,Healthcare,2021,AA,AA,0,0,0,0,6,6,0,unchanged
I00380,Financials,2021,A,A,0,0,0,0,5,5,0,unchanged
I00381,Telecom,2021,A,A,0,0,0,0,5,5,0,unchanged
I00382,Energy,2021,BB,BB,0,0,0,0,3,3,0,unchanged
I00383,Financials,2021,B,B,0,0,0,0,2,2,0,unchanged
I00384,Healthcare,2021,CCC,CCC,0,0,0,0,1,1,0,unchanged
I00385,Industrials,2021,AA,AA,0,0,0,0,6,6,0,unchanged
I00387,Financials,2021,BBB,BBB,0,0,0,0,4,4,0,unchanged
I00388,Retail,2021,B,B,0,0,0,0,2,2,0,unchanged
I00389,Healthcare,2021,B,B,0,0,0,0,2,2,0,unchanged
I00390,Consumer,2021,BBB,BBB,0,0,0,0,4,4,0,unchanged
I00391,Technology,2021,A,A,0,0,0,0,5,5,0,unchanged
I00392,Healthcare,2021,BBB,BB,0,1,0,1,4,3,-1,downgrade
I00393,Industrials,2021,B,B,0,0,0,0,2,2,0,unchanged
I00394,Technology,2021,BBB,BBB,0,0,0,0,4,4,0,unchanged
I00395,Healthcare,2021,BBB,BB,0,1,0,1,4,3,-1,downgrade
I00396,Industrials,2021,BB,BBB,1,0,0,-1,3,4,1,upgrade
I00397,Energy,2021,AA,AA,0,0,0,0,6,6,0,unchanged
I00398,Retail,2021,AA,AA,0,0,0,0,6,6,0,unchanged
I00399,Technology,2021,BBB,BBB,0,0,0,0,4,4,0,unchanged
I00400,Industrials,2021,BBB,BBB,0,0,0,0,4,4,0,unchanged
I00401,Utilities,2021,B,B,0,0,0,0,2,2,0,unchanged
I00403,Energy,2021,B,B,0,0,0,0,2,2,0,unchanged
I00404,Industrials,2021,B,B,0,0,0,0,2,2,0,unchanged
I00405,Retail,2021,B,B,0,0,0,0,2,2,0,unchanged
I00406,Financials,2021,B,B,0,0,0,0,2,2,0,unchanged
I00407,Energy,2021,A,A,0,0,0,0,5,5,0,unchanged
I00408,Financials,2021,A,A,0,0,0,0,5,5,0,unchanged
I00409,Technology,2021,BBB,A,1,0,0,-1,4,5,1,upgrade
I00410,Energy,2021,BB,CCC,0,1,0,2,3,1,-2,downgrade
I00411,Retail,2021,BB,BB,0,0,0,0,3,3,0,unchanged
I00412,Industrials,2021,A,A,0,0,0,0,5,5,0,unchanged
I00414,Real_Estate,2021,B,BB,1,0,0,-1,2,3,1,upgrade
I00416,Energy,2021,BBB,BBB,0,0,0,0,4,4,0,unchanged
I00419,Industrials,2021,A,A,0,0,0,0,5,5,0,unchanged
I00420,Telecom,2021,BBB,BBB,0,0,0,0,4,4,0,unchanged
I00421,Retail,2021,A,A,0,0,0,0,5,5,0,unchanged
I00422,Healthcare,2021,B,B,0,0,0,0,2,2,0,unchanged
I00424,Telecom,2021,BBB,A,1,0,0,-1,4,5,1,upgrade
I00425,Healthcare,2021,BB,BB,0,0,0,0,3,3,0,unchanged
I00426,Telecom,2021,BB,BB,0,0,0,0,3,3,0,unchanged
I00427,Financials,2021,BB,BB,0,0,0,0,3,3,0,unchanged
I00428,Retail,2021,AA,AA,0,0,0,0,6,6,0,unchanged
I00429,Industrials,2021,A,A,0,0,0,0,5,5,0,unchanged
I00430,Financials,2021,A,A,0,0,0,0,5,5,0,unchanged
I00432,Financials,2021,B,B,0,0,0,0,2,2,0,unchanged
I00433,Real_Estate,2021,A,BB,0,1,0,2,5,3,-2,downgrade
I00434,Consumer,2021,B,B,0,0,0,0,2,2,0,unchanged
I00435,Retail,2021,B,B,0,0,0,0,2,2,0,unchanged
I00440,Energy,2021,AA,AA,0,0,0,0,6,6,0,unchanged
I00441,Industrials,2021,BBB,BBB,0,0,0,0,4,4,0,unchanged
I00442,Consumer,2021,BBB,BBB,0,0,0,0,4,4,0,unchanged
I00443,Retail,2021,B,B,0,0,0,0,2,2,0,unchanged
I00444,Financials,2021,BBB,BBB,0,0,0,0,4,4,0,unchanged
I00445,Industrials,2021,A,A,0,0,0,0,5,5,0,unchanged
I00447,Retail,2021,BBB,BBB,0,0,0,0,4,4,0,unchanged
I00448,Energy,2021,B,B,0,0,0,0,2,2,0,unchanged
I00450,Healthcare,2021,BB,BB,0,0,0,0,3,3,0,unchanged
I00451,Energy,2021,AAA,AAA,0,0,0,0,7,7,0,unchanged
I00452,Industrials,2021,B,D,0,0,1,2,2,0,-2,default
I00453,Energy,2021,BBB,BBB,0,0,0,0,4,4,0,unchanged
I00454,Financials,2021,BBB,BB,0,1,0,1,4,3,-1,downgrade
I00455,Financials,2021,BB,BB,0,0,0,0,3,3,0,unchanged
I00458,Telecom,2021,BBB,BBB,0,0,0,0,4,4,0,unchanged
I00460,Telecom,2021,AAA,AAA,0,0,0,0,7,7,0,unchanged
I00461,Energy,2021,BBB,BBB,0,0,0,0,4,4,0,unchanged
I00462,Real_Estate,2021,A,A,0,0,0,0,5,5,0,unchanged
I00463,Financials,2021,A,A,0,0,0,0,5,5,0,unchanged
I00464,Healthcare,2021,A,A,0,0,0,0,5,5,0,unchanged
I00465,Energy,2021,AAA,AAA,0,0,0,0,7,7,0,unchanged
I00466,Energy,2021,A,A,0,0,0,0,5,5,0,unchanged
I00467,Financials,2021,A,A,0,0,0,0,5,5,0,unchanged
I00468,Technology,2021,A,A,0,0,0,0,5,5,0,unchanged
I00469,Real_Estate,2021,AA,AA,0,0,0,0,6,6,0,unchanged
I00470,Financials,2021,BBB,BBB,0,0,0,0,4,4,0,unchanged
I00471,Energy,2021,B,B,0,0,0,0,2,2,0,unchanged
I00472,Retail,2021,B,BB,1,0,0,-1,2,3,1,upgrade
I00474,Technology,2021,BB,B,0,1,0,1,3,2,-1,downgrade
I00475,Telecom,2021,BBB,BBB,0,0,0,0,4,4,0,unchanged
I00476,Utilities,2021,BBB,BBB,0,0,0,0,4,4,0,unchanged
I00477,Technology,2021,A,A,0,0,0,0,5,5,0,unchanged
I00478,Healthcare,2021,BB,BB,0,0,0,0,3,3,0,unchanged
I00479,Consumer,2021,BBB,BBB,0,0,0,0,4,4,0,unchanged
I00480,Industrials,2021,CCC,CCC,0,0,0,0,1,1,0,unchanged
I00482,Telecom,2021,BBB,BBB,0,0,0,0,4,4,0,unchanged
I00483,Utilities,2021,CCC,CCC,0,0,0,0,1,1,0,unchanged
I00484,Real_Estate,2021,AA,AA,0,0,0,0,6,6,0,unchanged
I00485,Consumer,2021,BB,BB,0,0,0,0,3,3,0,unchanged
I00486,Utilities,2021,BB,BB,0,0,0,0,3,3,0,unchanged
I00487,Consumer,2021,BBB,BBB,0,0,0,0,4,4,0,unchanged
I00488,Utilities,2021,BBB,BBB,0,0,0,0,4,4,0,unchanged
I00489,Industrials,2021,BB,BB,0,0,0,0,3,3,0,unchanged
I00490,Utilities,2021,BBB,BBB,0,0,0,0,4,4,0,unchanged
I00491,Utilities,2021,BB,BB,0,0,0,0,3,3,0,unchanged
I00492,Financials,2021,BB,BB,0,0,0,0,3,3,0,unchanged
I00493,Industrials,2021,BB,BB,0,0,0,0,3,3,0,unchanged
I00494,Utilities,2021,BB,BB,0,0,0,0,3,3,0,unchanged
I00495,Financials,2021,A,AA,1,0,0,-1,5,6,1,upgrade
I00496,Energy,2021,BBB,BBB,0,0,0,0,4,4,0,unchanged
I00498,Utilities,2021,BB,BB,0,0,0,0,3,3,0,unchanged
I00502,Consumer,2021,A,A,0,0,0,0,5,5,0,unchanged
I00503,Telecom,2021,BBB,BBB,0,0,0,0,4,4,0,unchanged
I00504,Retail,2021,BB,BB,0,0,0,0,3,3,0,unchanged
I00505,Financials,2021,B,B,0,0,0,0,2,2,0,unchanged
I00506,Utilities,2021,BB,BB,0,0,0,0,3,3,0,unchanged
I00507,Real_Estate,2021,BB,BB,0,0,0,0,3,3,0,unchanged
I00508,Industrials,2021,BBB,BBB,0,0,0,0,4,4,0,unchanged
I00509,Real_Estate,2021,BB,BB,0,0,0,0,3,3,0,unchanged
I00510,Consumer,2021,BB,BB,0,0,0,0,3,3,0,unchanged
I00511,Consumer,2021,BB,BB,0,0,0,0,3,3,0,unchanged
I00512,Financials,2021,BB,B,0,1,0,1,3,2,-1,downgrade
I00513,Financials,2021,AA,AA,0,0,0,0,6,6,0,unchanged
I00514,Technology,2021,B,B,0,0,0,0,2,2,0,unchanged
I00515,Retail,2021,CCC,B,1,0,0,-1,1,2,1,upgrade
I00517,Retail,2021,A,A,0,0,0,0,5,5,0,unchanged
I00518,Industrials,2021,A,A,0,0,0,0,5,5,0,unchanged
I00519,Telecom,2021,A,A,0,0,0,0,5,5,0,unchanged
I00520,Telecom,2021,BBB,BBB,0,0,0,0,4,4,0,unchanged
I00521,Telecom,2021,B,B,0,0,0,0,2,2,0,unchanged
I00522,Utilities,2021,A,A,0,0,0,0,5,5,0,unchanged
I00523,Utilities,2021,BBB,BBB,0,0,0,0,4,4,0,unchanged
I00525,Industrials,2021,CCC,CCC,0,0,0,0,1,1,0,unchanged
I00526,Utilities,2021,B,B,0,0,0,0,2,2,0,unchanged
I00527,Real_Estate,2021,BB,BB,0,0,0,0,3,3,0,unchanged
I00528,Real_Estate,2021,BBB,A,1,0,0,-1,4,5,1,upgrade
I00529,Telecom,2021,B,B,0,0,0,0,2,2,0,unchanged
I00531,Technology,2021,AA,AA,0,0,0,0,6,6,0,unchanged
I00532,Consumer,2021,A,A,0,0,0,0,5,5,0,unchanged
I00533,Financials,2021,B,B,0,0,0,0,2,2,0,unchanged
I00534,Utilities,2021,BBB,BBB,0,0,0,0,4,4,0,unchanged
I00535,Healthcare,2021,A,A,0,0,0,0,5,5,0,unchanged
I00536,Financials,2021,BBB,BBB,0,0,0,0,4,4,0,unchanged
I00538,Retail,2021,B,B,0,0,0,0,2,2,0,unchanged
I00539,Telecom,2021,BB,BB,0,0,0,0,3,3,0,unchanged
I00540,Retail,2021,AA,AA,0,0,0,0,6,6,0,unchanged
I00541,Telecom,2021,B,D,0,0,1,2,2,0,-2,default
I00542,Financials,2021,AA,AA,0,0,0,0,6,6,0,unchanged
I00543,Energy,2021,BB,BB,0,0,0,0,3,3,0,unchanged
I00545,Utilities,2021,BBB,BBB,0,0,0,0,4,4,0,unchanged
I00547,Real_Estate,2021,A,A,0,0,0,0,5,5,0,unchanged
I00548,Real_Estate,2021,AAA,AAA,0,0,0,0,7,7,0,unchanged
I00549,Financials,2021,BBB,BBB,0,0,0,0,4,4,0,unchanged
I00550,Consumer,2021,A,A,0,0,0,0,5,5,0,unchanged
I00551,Real_Estate,2021,BBB,BBB,0,0,0,0,4,4,0,unchanged
I00552,Retail,2021,CCC,CCC,0,0,0,0,1,1,0,unchanged
I00553,Healthcare,2021,AA,AA,0,0,0,0,6,6,0,unchanged
I00554,Consumer,2021,B,B,0,0,0,0,2,2,0,unchanged
I00556,Consumer,2021,BBB,BBB,0,0,0,0,4,4,0,unchanged
I00557,Financials,2021,A,A,0,0,0,0,5,5,0,unchanged
I00558,Real_Estate,2021,B,B,0,0,0,0,2,2,0,unchanged
I00559,Telecom,2021,A,BBB,0,1,0,1,5,4,-1,downgrade
I00560,Consumer,2021,A,A,0,0,0,0,5,5,0,unchanged
I00561,Financials,2021,AA,A,0,1,0,1,6,5,-1,downgrade
I00562,Financials,2021,BB,B,0,1,0,1,3,2,-1,downgrade
I00563,Telecom,2021,B,B,0,0,0,0,2,2,0,unchanged
I00564,Telecom,2021,BBB,BBB,0,0,0,0,4,4,0,unchanged
I00565,Technology,2021,BBB,BB,0,1,0,1,4,3,-1,downgrade
I00566,Healthcare,2021,A,A,0,0,0,0,5,5,0,unchanged
I00567,Industrials,2021,A,BB,0,1,0,2,5,3,-2,downgrade
I00568,Consumer,2021,BBB,BBB,0,0,0,0,4,4,0,unchanged
I00569,Healthcare,2021,AA,AA,0,0,0,0,6,6,0,unchanged
I00571,Real_Estate,2021,A,A,0,0,0,0,5,5,0,unchanged
I00572,Energy,2021,BBB,BBB,0,0,0,0,4,4,0,unchanged
I00573,Industrials,2021,BBB,A,1,0,0,-1,4,5,1,upgrade
I00574,Industrials,2021,BBB,BBB,0,0,0,0,4,4,0,unchanged
I00575,Retail,2021,BB,BB,0,0,0,0,3,3,0,unchanged
I00576,Industrials,2021,B,B,0,0,0,0,2,2,0,unchanged
I00577,Industrials,2021,BB,BB,0,0,0,0,3,3,0,unchanged
I00578,Industrials,2021,A,A,0,0,0,0,5,5,0,unchanged
I00579,Energy,2021,A,A,0,0,0,0,5,5,0,unchanged
I00580,Industrials,2021,A,A,0,0,0,0,5,5,0,unchanged
I00581,Retail,2021,B,B,0,0,0,0,2,2,0,unchanged
I00582,Healthcare,2021,BBB,BBB,0,0,0,0,4,4,0,unchanged
I00583,Financials,2021,B,B,0,0,0,0,2,2,0,unchanged
I00584,Retail,2021,A,A,0,0,0,0,5,5,0,unchanged
I00585,Utilities,2021,BBB,BBB,0,0,0,0,4,4,0,unchanged
I00586,Healthcare,2021,AA,AA,0,0,0,0,6,6,0,unchanged
I00587,Consumer,2021,B,B,0,0,0,0,2,2,0,unchanged
I00588,Financials,2021,A,A,0,0,0,0,5,5,0,unchanged
I00589,Technology,2021,BB,BB,0,0,0,0,3,3,0,unchanged
I00590,Healthcare,2021,AA,AA,0,0,0,0,6,6,0,unchanged
I00591,Real_Estate,2021,AAA,AAA,0,0,0,0,7,7,0,unchanged
I00592,Healthcare,2021,AAA,AA,0,1,0,1,7,6,-1,downgrade
I00593,Energy,2021,A,A,0,0,0,0,5,5,0,unchanged
I00594,Healthcare,2021,BBB,BBB,0,0,0,0,4,4,0,unchanged
I00595,Utilities,2021,BBB,BB,0,1,0,1,4,3,-1,downgrade
I00596,Real_Estate,2021,A,A,0,0,0,0,5,5,0,unchanged
I00597,Utilities,2021,A,A,0,0,0,0,5,5,0,unchanged
I00598,Healthcare,2021,A,A,0,0,0,0,5,5,0,unchanged
I00599,Healthcare,2021,A,A,0,0,0,0,5,5,0,unchanged
I00600,Energy,2021,BBB,BBB,0,0,0,0,4,4,0,unchanged
I00601,Utilities,2021,BBB,BBB,0,0,0,0,4,4,0,unchanged
I00602,Consumer,2021,AA,AA,0,0,0,0,6,6,0,unchanged
I00603,Financials,2021,AA,A,0,1,0,1,6,5,-1,downgrade
I00605,Telecom,2021,A,A,0,0,0,0,5,5,0,unchanged
I00606,Real_Estate,2021,B,B,0,0,0,0,2,2,0,unchanged
I00607,Retail,2021,B,B,0,0,0,0,2,2,0,unchanged
I00608,Industrials,2021,BBB,BBB,0,0,0,0,4,4,0,unchanged
I00609,Utilities,2021,AAA,AAA,0,0,0,0,7,7,0,unchanged
I00610,Utilities,2021,A,A,0,0,0,0,5,5,0,unchanged
I00611,Consumer,2021,B,B,0,0,0,0,2,2,0,unchanged
I00612,Technology,2021,A,A,0,0,0,0,5,5,0,unchanged
I00613,Technology,2021,BB,BB,0,0,0,0,3,3,0,unchanged
I00614,Industrials,2021,BBB,BB,0,1,0,1,4,3,-1,downgrade
I00616,Telecom,2021,A,A,0,0,0,0,5,5,0,unchanged
I00618,Retail,2021,B,B,0,0,0,0,2,2,0,unchanged
I00619,Utilities,2021,A,A,0,0,0,0,5,5,0,unchanged
I00620,Healthcare,2021,AA,AA,0,0,0,0,6,6,0,unchanged
I00621,Technology,2021,BBB,BBB,0,0,0,0,4,4,0,unchanged
I00622,Retail,2021,B,B,0,0,0,0,2,2,0,unchanged
I00625,Telecom,2021,BB,CCC,0,1,0,2,3,1,-2,downgrade
I00626,Utilities,2021,BB,BB,0,0,0,0,3,3,0,unchanged
I00627,Technology,2021,AA,AA,0,0,0,0,6,6,0,unchanged
I00628,Telecom,2021,BBB,BBB,0,0,0,0,4,4,0,unchanged
I00629,Industrials,2021,AA,AA,0,0,0,0,6,6,0,unchanged
I00630,Energy,2021,BBB,A,1,0,0,-1,4,5,1,upgrade
I00631,Utilities,2021,B,B,0,0,0,0,2,2,0,unchanged
I00632,Industrials,2021,A,A,0,0,0,0,5,5,0,unchanged
I00633,Retail,2021,BBB,A,1,0,0,-1,4,5,1,upgrade
I00635,Consumer,2021,BB,BB,0,0,0,0,3,3,0,unchanged
I00636,Consumer,2021,BB,B,0,1,0,1,3,2,-1,downgrade
I00637,Consumer,2021,A,A,0,0,0,0,5,5,0,unchanged
I00638,Technology,2021,BBB,BBB,0,0,0,0,4,4,0,unchanged
I00639,Telecom,2021,BB,BB,0,0,0,0,3,3,0,unchanged
I00640,Telecom,2021,BBB,BBB,0,0,0,0,4,4,0,unchanged
I00641,Consumer,2021,A,A,0,0,0,0,5,5,0,unchanged
I00642,Industrials,2021,A,A,0,0,0,0,5,5,0,unchanged
I00643,Industrials,2021,AA,AA,0,0,0,0,6,6,0,unchanged
I00644,Utilities,2021,BBB,BBB,0,0,0,0,4,4,0,unchanged
I00646,Industrials,2021,BBB,BBB,0,0,0,0,4,4,0,unchanged
I00647,Real_Estate,2021,BB,BB,0,0,0,0,3,3,0,unchanged
I00648,Financials,2021,A,A,0,0,0,0,5,5,0,unchanged
I00649,Energy,2021,BBB,BB,0,1,0,1,4,3,-1,downgrade
I00650,Utilities,2021,B,B,0,0,0,0,2,2,0,unchanged
I00651,Utilities,2021,AA,AA,0,0,0,0,6,6,0,unchanged
I00652,Technology,2021,BBB,BBB,0,0,0,0,4,4,0,unchanged
I00653,Telecom,2021,BB,BB,0,0,0,0,3,3,0,unchanged
I00655,Healthcare,2021,BBB,BBB,0,0,0,0,4,4,0,unchanged
I00656,Financials,2021,BBB,BBB,0,0,0,0,4,4,0,unchanged
I00658,Telecom,2021,BB,BB,0,0,0,0,3,3,0,unchanged
I00659,Telecom,2021,BBB,BBB,0,0,0,0,4,4,0,unchanged
I00660,Industrials,2021,B,B,0,0,0,0,2,2,0,unchanged
I00661,Healthcare,2021,BBB,BBB,0,0,0,0,4,4,0,unchanged
I00662,Real_Estate,2021,B,B,0,0,0,0,2,2,0,unchanged
I00663,Technology,2021,A,A,0,0,0,0,5,5,0,unchanged
I00664,Healthcare,2021,A,A,0,0,0,0,5,5,0,unchanged
I00665,Financials,2021,BBB,BBB,0,0,0,0,4,4,0,unchanged
I00666,Telecom,2021,B,B,0,0,0,0,2,2,0,unchanged
I00667,Healthcare,2021,BBB,BBB,0,0,0,0,4,4,0,unchanged
I00668,Retail,2021,A,A,0,0,0,0,5,5,0,unchanged
I00669,Real_Estate,2021,A,A,0,0,0,0,5,5,0,unchanged
I00670,Healthcare,2021,A,A,0,0,0,0,5,5,0,unchanged
I00671,Retail,2021,A,A,0,0,0,0,5,5,0,unchanged
I00672,Retail,2021,B,CCC,0,1,0,1,2,1,-1,downgrade
I00673,Healthcare,2021,A,A,0,0,0,0,5,5,0,unchanged
I00675,Telecom,2021,BB,BB,0,0,0,0,3,3,0,unchanged
I00677,Healthcare,2021,BB,BB,0,0,0,0,3,3,0,unchanged
I00678,Real_Estate,2021,BBB,BBB,0,0,0,0,4,4,0,unchanged
I00679,Consumer,2021,AA,AA,0,0,0,0,6,6,0,unchanged
I00680,Healthcare,2021,BBB,BBB,0,0,0,0,4,4,0,unchanged
I00681,Energy,2021,B,CCC,0,1,0,1,2,1,-1,downgrade
I00682,Industrials,2021,BBB,BBB,0,0,0,0,4,4,0,unchanged
I00683,Utilities,2021,BBB,BBB,0,0,0,0,4,4,0,unchanged
I00684,Real_Estate,2021,A,A,0,0,0,0,5,5,0,unchanged
I00685,Real_Estate,2021,BBB,BBB,0,0,0,0,4,4,0,unchanged
I00686,Utilities,2021,B,B,0,0,0,0,2,2,0,unchanged
I00687,Telecom,2021,AA,AA,0,0,0,0,6,6,0,unchanged
I00691,Healthcare,2021,A,A,0,0,0,0,5,5,0,unchanged
I00692,Retail,2021,B,BB,1,0,0,-1,2,3,1,upgrade
I00693,Financials,2021,BB,A,1,0,0,-2,3,5,2,upgrade
I00694,Financials,2021,BBB,BBB,0,0,0,0,4,4,0,unchanged
I00695,Real_Estate,2021,BBB,BBB,0,0,0,0,4,4,0,unchanged
I00696,Healthcare,2021,AAA,AAA,0,0,0,0,7,7,0,unchanged
I00697,Financials,2021,A,A,0,0,0,0,5,5,0,unchanged
I00699,Energy,2021,BB,BB,0,0,0,0,3,3,0,unchanged
I00700,Real_Estate,2021,A,A,0,0,0,0,5,5,0,unchanged
I00701,Technology,2021,BB,BB,0,0,0,0,3,3,0,unchanged
I00702,Telecom,2021,A,A,0,0,0,0,5,5,0,unchanged
I00703,Healthcare,2021,A,A,0,0,0,0,5,5,0,unchanged
I00704,Technology,2021,A,A,0,0,0,0,5,5,0,unchanged
I00705,Retail,2021,BBB,BB,0,1,0,1,4,3,-1,downgrade
I00706,Industrials,2021,B,B,0,0,0,0,2,2,0,unchanged
I00707,Financials,2021,A,A,0,0,0,0,5,5,0,unchanged
I00708,Financials,2021,BBB,BBB,0,0,0,0,4,4,0,unchanged
I00709,Consumer,2021,B,B,0,0,0,0,2,2,0,unchanged
I00710,Financials,2021,BBB,BBB,0,0,0,0,4,4,0,unchanged
I00711,Telecom,2021,BBB,BBB,0,0,0,0,4,4,0,unchanged
I00712,Retail,2021,BB,BB,0,0,0,0,3,3,0,unchanged
I00714,Technology,2021,A,A,0,0,0,0,5,5,0,unchanged
I00715,Healthcare,2021,BB,BB,0,0,0,0,3,3,0,unchanged
I00716,Energy,2021,B,BB,1,0,0,-1,2,3,1,upgrade
I00717,Technology,2021,A,BB,0,1,0,2,5,3,-2,downgrade
I00718,Retail,2021,A,A,0,0,0,0,5,5,0,unchanged
I00719,Consumer,2021,A,A,0,0,0,0,5,5,0,unchanged
I00720,Telecom,2021,A,A,0,0,0,0,5,5,0,unchanged
I00722,Financials,2021,CCC,CCC,0,0,0,0,1,1,0,unchanged
I00725,Healthcare,2021,BBB,BBB,0,0,0,0,4,4,0,unchanged
I00726,Healthcare,2021,BBB,BBB,0,0,0,0,4,4,0,unchanged
I00727,Consumer,2021,BB,BB,0,0,0,0,3,3,0,unchanged
I00728,Energy,2021,A,BBB,0,1,0,1,5,4,-1,downgrade
I00729,Telecom,2021,BBB,BBB,0,0,0,0,4,4,0,unchanged
I00731,Utilities,2021,A,BBB,0,1,0,1,5,4,-1,downgrade
I00732,Consumer,2021,BBB,BBB,0,0,0,0,4,4,0,unchanged
I00733,Energy,2021,A,A,0,0,0,0,5,5,0,unchanged
I00734,Utilities,2021,B,B,0,0,0,0,2,2,0,unchanged
I00735,Real_Estate,2021,BB,BB,0,0,0,0,3,3,0,unchanged
I00736,Healthcare,2021,BB,BB,0,0,0,0,3,3,0,unchanged
I00738,Healthcare,2021,BB,BB,0,0,0,0,3,3,0,unchanged
I00739,Telecom,2021,B,B,0,0,0,0,2,2,0,unchanged
I00740,Healthcare,2021,B,B,0,0,0,0,2,2,0,unchanged
I00741,Industrials,2021,BB,BB,0,0,0,0,3,3,0,unchanged
I00742,Consumer,2021,A,A,0,0,0,0,5,5,0,unchanged
I00745,Energy,2021,BBB,BBB,0,0,0,0,4,4,0,unchanged
I00746,Financials,2021,B,B,0,0,0,0,2,2,0,unchanged
I00747,Energy,2021,BBB,B,0,1,0,2,4,2,-2,downgrade
I00748,Utilities,2021,CCC,CCC,0,0,0,0,1,1,0,unchanged
I00749,Telecom,2021,CCC,CCC,0,0,0,0,1,1,0,unchanged
I00750,Technology,2021,AA,AA,0,0,0,0,6,6,0,unchanged
I00751,Real_Estate,2021,A,A,0,0,0,0,5,5,0,unchanged
I00752,Retail,2021,BBB,BBB,0,0,0,0,4,4,0,unchanged
I00753,Industrials,2021,A,A,0,0,0,0,5,5,0,unchanged
I00754,Real_Estate,2021,BBB,A,1,0,0,-1,4,5,1,upgrade
I00755,Retail,2021,A,A,0,0,0,0,5,5,0,unchanged
I00756,Financials,2021,B,B,0,0,0,0,2,2,0,unchanged
I00757,Industrials,2021,B,B,0,0,0,0,2,2,0,unchanged
I00758,Consumer,2021,B,B,0,0,0,0,2,2,0,unchanged
I00761,Telecom,2021,BBB,BBB,0,0,0,0,4,4,0,unchanged
I00762,Retail,2021,BB,BB,0,0,0,0,3,3,0,unchanged
I00763,Utilities,2021,B,BB,1,0,0,-1,2,3,1,upgrade
I00764,Technology,2021,BBB,BBB,0,0,0,0,4,4,0,unchanged
I00765,Industrials,2021,AA,AA,0,0,0,0,6,6,0,unchanged
I00766,Industrials,2021,A,A,0,0,0,0,5,5,0,unchanged
I00767,Telecom,2021,B,B,0,0,0,0,2,2,0,unchanged
I00768,Energy,2021,B,B,0,0,0,0,2,2,0,unchanged
I00769,Retail,2021,B,B,0,0,0,0,2,2,0,unchanged
I00770,Retail,2021,BBB,BBB,0,0,0,0,4,4,0,unchanged
I00771,Financials,2021,A,A,0,0,0,0,5,5,0,unchanged
I00772,Technology,2021,BBB,BBB,0,0,0,0,4,4,0,unchanged
I00773,Industrials,2021,AA,AA,0,0,0,0,6,6,0,unchanged
I00774,Financials,2021,A,A,0,0,0,0,5,5,0,unchanged
I00775,Financials,2021,BB,BB,0,0,0,0,3,3,0,unchanged
I00776,Consumer,2021,A,A,0,0,0,0,5,5,0,unchanged
I00777,Utilities,2021,B,B,0,0,0,0,2,2,0,unchanged
I00778,Financials,2021,BBB,BBB,0,0,0,0,4,4,0,unchanged
I00779,Financials,2021,A,A,0,0,0,0,5,5,0,unchanged
I00780,Consumer,2021,AA,AA,0,0,0,0,6,6,0,unchanged
I00781,Industrials,2021,BB,BB,0,0,0,0,3,3,0,unchanged
I00782,Telecom,2021,BBB,BBB,0,0,0,0,4,4,0,unchanged
I00783,Utilities,2021,BB,BB,0,0,0,0,3,3,0,unchanged
I00784,Financials,2021,CCC,CCC,0,0,0,0,1,1,0,unchanged
I00785,Consumer,2021,B,B,0,0,0,0,2,2,0,unchanged
I00786,Healthcare,2021,AAA,AAA,0,0,0,0,7,7,0,unchanged
I00787,Industrials,2021,A,A,0,0,0,0,5,5,0,unchanged
I00789,Utilities,2021,A,A,0,0,0,0,5,5,0,unchanged
I00790,Retail,2021,B,B,0,0,0,0,2,2,0,unchanged
I00791,Energy,2021,BB,BB,0,0,0,0,3,3,0,unchanged
I00792,Real_Estate,2021,AA,A,0,1,0,1,6,5,-1,downgrade
I00793,Consumer,2021,A,A,0,0,0,0,5,5,0,unchanged
I00794,Energy,2021,BB,BB,0,0,0,0,3,3,0,unchanged
I00795,Consumer,2021,A,A,0,0,0,0,5,5,0,unchanged
I00797,Telecom,2021,B,B,0,0,0,0,2,2,0,unchanged
I00798,Consumer,2021,BBB,BBB,0,0,0,0,4,4,0,unchanged
I00799,Industrials,2021,A,A,0,0,0,0,5,5,0,unchanged
I00800,Real_Estate,2021,B,CCC,0,1,0,1,2,1,-1,downgrade
I00801,Telecom,2021,BBB,A,1,0,0,-1,4,5,1,upgrade
I00802,Industrials,2021,BB,BB,0,0,0,0,3,3,0,unchanged
I00803,Retail,2021,A,A,0,0,0,0,5,5,0,unchanged
I00804,Healthcare,2021,A,A,0,0,0,0,5,5,0,unchanged
I00806,Financials,2021,B,D,0,0,1,2,2,0,-2,default
I00807,Consumer,2021,BB,BB,0,0,0,0,3,3,0,unchanged
I00808,Energy,2021,BBB,A,1,0,0,-1,4,5,1,upgrade
I00809,Healthcare,2021,A,A,0,0,0,0,5,5,0,unchanged
I00811,Telecom,2021,BBB,BBB,0,0,0,0,4,4,0,unchanged
I00812,Utilities,2021,A,A,0,0,0,0,5,5,0,unchanged
I00813,Real_Estate,2021,A,A,0,0,0,0,5,5,0,unchanged
I00814,Financials,2021,BBB,BBB,0,0,0,0,4,4,0,unchanged
I00816,Telecom,2021,CCC,D,0,0,1,1,1,0,-1,default
I00818,Real_Estate,2021,B,BB,1,0,0,-1,2,3,1,upgrade
I00819,Real_Estate,2021,BBB,BBB,0,0,0,0,4,4,0,unchanged
I00820,Real_Estate,2021,BB,BB,0,0,0,0,3,3,0,unchanged
I00821,Consumer,2021,BBB,BBB,0,0,0,0,4,4,0,unchanged
I00822,Consumer,2021,BBB,A,1,0,0,-1,4,5,1,upgrade
I00823,Consumer,2021,A,AA,1,0,0,-1,5,6,1,upgrade
I00824,Consumer,2021,BB,BB,0,0,0,0,3,3,0,unchanged
I00826,Energy,2021,AA,AA,0,0,0,0,6,6,0,unchanged
I00828,Consumer,2021,A,A,0,0,0,0,5,5,0,unchanged
I00830,Financials,2021,B,B,0,0,0,0,2,2,0,unchanged
I00831,Consumer,2021,BBB,BBB,0,0,0,0,4,4,0,unchanged
I00832,Telecom,2021,BBB,BBB,0,0,0,0,4,4,0,unchanged
I00833,Real_Estate,2021,A,A,0,0,0,0,5,5,0,unchanged
I00834,Industrials,2021,AAA,AAA,0,0,0,0,7,7,0,unchanged
I00835,Telecom,2021,AA,AA,0,0,0,0,6,6,0,unchanged
I00836,Financials,2021,A,A,0,0,0,0,5,5,0,unchanged
I00837,Utilities,2021,BB,BB,0,0,0,0,3,3,0,unchanged
I00838,Financials,2021,AA,AA,0,0,0,0,6,6,0,unchanged
I00839,Energy,2021,A,A,0,0,0,0,5,5,0,unchanged
I00840,Industrials,2021,B,B,0,0,0,0,2,2,0,unchanged
I00841,Industrials,2021,B,B,0,0,0,0,2,2,0,unchanged
I00842,Retail,2021,AAA,AAA,0,0,0,0,7,7,0,unchanged
I00843,Industrials,2021,A,A,0,0,0,0,5,5,0,unchanged
I00844,Utilities,2021,B,B,0,0,0,0,2,2,0,unchanged
I00845,Industrials,2021,A,A,0,0,0,0,5,5,0,unchanged
I00847,Financials,2021,CCC,CCC,0,0,0,0,1,1,0,unchanged
I00850,Utilities,2021,BBB,BBB,0,0,0,0,4,4,0,unchanged
I00851,Industrials,2021,BB,BBB,1,0,0,-1,3,4,1,upgrade
I00853,Retail,2021,BBB,A,1,0,0,-1,4,5,1,upgrade
I00854,Financials,2021,BBB,BBB,0,0,0,0,4,4,0,unchanged
I00855,Financials,2021,AA,AA,0,0,0,0,6,6,0,unchanged
I00856,Technology,2021,B,B,0,0,0,0,2,2,0,unchanged
I00857,Consumer,2021,BBB,BBB,0,0,0,0,4,4,0,unchanged
I00858,Consumer,2021,BBB,BBB,0,0,0,0,4,4,0,unchanged
I00859,Technology,2021,BBB,BBB,0,0,0,0,4,4,0,unchanged
I00860,Real_Estate,2021,B,B,0,0,0,0,2,2,0,unchanged
I00863,Technology,2021,A,A,0,0,0,0,5,5,0,unchanged
I00864,Real_Estate,2021,BBB,BBB,0,0,0,0,4,4,0,unchanged
I00865,Consumer,2021,A,A,0,0,0,0,5,5,0,unchanged
I00866,Utilities,2021,A,A,0,0,0,0,5,5,0,unchanged
I00867,Energy,2021,BBB,BBB,0,0,0,0,4,4,0,unchanged
I00868,Retail,2021,A,AA,1,0,0,-1,5,6,1,upgrade
I00869,Retail,2021,B,B,0,0,0,0,2,2,0,unchanged
I00870,Energy,2021,B,B,0,0,0,0,2,2,0,unchanged
I00871,Real_Estate,2021,BBB,BBB,0,0,0,0,4,4,0,unchanged
I00873,Financials,2021,A,A,0,0,0,0,5,5,0,unchanged
I00874,Financials,2021,B,B,0,0,0,0,2,2,0,unchanged
I00875,Industrials,2021,A,A,0,0,0,0,5,5,0,unchanged
I00876,Energy,2021,B,B,0,0,0,0,2,2,0,unchanged
I00877,Real_Estate,2021,B,B,0,0,0,0,2,2,0,unchanged
I00878,Financials,2021,A,A,0,0,0,0,5,5,0,unchanged
I00879,Industrials,2021,A,A,0,0,0,0,5,5,0,unchanged
I00880,Retail,2021,BBB,A,1,0,0,-1,4,5,1,upgrade
I00881,Energy,2021,BB,BB,0,0,0,0,3,3,0,unchanged
I00883,Real_Estate,2021,B,CCC,0,1,0,1,2,1,-1,downgrade
I00884,Telecom,2021,AA,AA,0,0,0,0,6,6,0,unchanged
I00885,Technology,2021,A,A,0,0,0,0,5,5,0,unchanged
I00887,Technology,2021,A,A,0,0,0,0,5,5,0,unchanged
I00888,Technology,2021,BBB,BBB,0,0,0,0,4,4,0,unchanged
I00889,Retail,2021,A,A,0,0,0,0,5,5,0,unchanged
I00890,Energy,2021,A,A,0,0,0,0,5,5,0,unchanged
I00891,Industrials,2021,BBB,BBB,0,0,0,0,4,4,0,unchanged
I00892,Energy,2021,A,BBB,0,1,0,1,5,4,-1,downgrade
I00893,Real_Estate,2021,CCC,BB,1,0,0,-2,1,3,2,upgrade
I00894,Energy,2021,A,A,0,0,0,0,5,5,0,unchanged
I00895,Real_Estate,2021,B,B,0,0,0,0,2,2,0,unchanged
I00896,Telecom,2021,CCC,B,1,0,0,-1,1,2,1,upgrade
I00897,Real_Estate,2021,A,AA,1,0,0,-1,5,6,1,upgrade
I00898,Retail,2021,BBB,BBB,0,0,0,0,4,4,0,unchanged
I00899,Telecom,2021,BB,B,0,1,0,1,3,2,-1,downgrade
I00900,Industrials,2021,B,B,0,0,0,0,2,2,0,unchanged
I00901,Energy,2021,B,D,0,0,1,2,2,0,-2,default
I00902,Healthcare,2021,A,A,0,0,0,0,5,5,0,unchanged
I00903,Consumer,2021,A,A,0,0,0,0,5,5,0,unchanged
I00905,Technology,2021,B,D,0,0,1,2,2,0,-2,default
I00906,Financials,2021,B,B,0,0,0,0,2,2,0,unchanged
I00907,Healthcare,2021,BBB,BBB,0,0,0,0,4,4,0,unchanged
I00908,Financials,2021,BBB,AA,1,0,0,-2,4,6,2,upgrade
I00909,Telecom,2021,BB,BB,0,0,0,0,3,3,0,unchanged
I00910,Energy,2021,B,B,0,0,0,0,2,2,0,unchanged
I00911,Retail,2021,AA,AA,0,0,0,0,6,6,0,unchanged
I00912,Real_Estate,2021,BB,A,1,0,0,-2,3,5,2,upgrade
I00913,Industrials,2021,BB,BB,0,0,0,0,3,3,0,unchanged
I00914,Telecom,2021,BB,BB,0,0,0,0,3,3,0,unchanged
I00915,Technology,2021,AA,AA,0,0,0,0,6,6,0,unchanged
I00916,Energy,2021,A,A,0,0,0,0,5,5,0,unchanged
I00917,Industrials,2021,A,A,0,0,0,0,5,5,0,unchanged
I00918,Energy,2021,BB,BBB,1,0,0,-1,3,4,1,upgrade
I00920,Energy,2021,BBB,BBB,0,0,0,0,4,4,0,unchanged
I00921,Financials,2021,A,A,0,0,0,0,5,5,0,unchanged
I00922,Telecom,2021,A,A,0,0,0,0,5,5,0,unchanged
I00923,Consumer,2021,B,B,0,0,0,0,2,2,0,unchanged
I00924,Healthcare,2021,BBB,BBB,0,0,0,0,4,4,0,unchanged
I00925,Utilities,2021,AA,AA,0,0,0,0,6,6,0,unchanged
I00926,Utilities,2021,CCC,CCC,0,0,0,0,1,1,0,unchanged
I00927,Energy,2021,BBB,BBB,0,0,0,0,4,4,0,unchanged
I00928,Consumer,2021,A,A,0,0,0,0,5,5,0,unchanged
I00929,Industrials,2021,B,BB,1,0,0,-1,2,3,1,upgrade
I00930,Real_Estate,2021,A,A,0,0,0,0,5,5,0,unchanged
I00931,Technology,2021,BB,B,0,1,0,1,3,2,-1,downgrade
I00932,Real_Estate,2021,AA,AA,0,0,0,0,6,6,0,unchanged
I00933,Telecom,2021,A,A,0,0,0,0,5,5,0,unchanged
I00934,Telecom,2021,A,A,0,0,0,0,5,5,0,unchanged
I00935,Technology,2021,B,B,0,0,0,0,2,2,0,unchanged
I00936,Energy,2021,BB,BB,0,0,0,0,3,3,0,unchanged
I00937,Industrials,2021,BBB,BBB,0,0,0,0,4,4,0,unchanged
I00938,Telecom,2021,B,B,0,0,0,0,2,2,0,unchanged
I00939,Technology,2021,A,A,0,0,0,0,5,5,0,unchanged
I00940,Financials,2021,AA,AA,0,0,0,0,6,6,0,unchanged
I00942,Technology,2021,BB,BB,0,0,0,0,3,3,0,unchanged
I00943,Real_Estate,2021,BB,BB,0,0,0,0,3,3,0,unchanged
I00944,Healthcare,2021,B,B,0,0,0,0,2,2,0,unchanged
I00945,Industrials,2021,A,A,0,0,0,0,5,5,0,unchanged
I00946,Utilities,2021,BBB,BBB,0,0,0,0,4,4,0,unchanged
I00947,Telecom,2021,BB,BB,0,0,0,0,3,3,0,unchanged
I00948,Technology,2021,BB,BB,0,0,0,0,3,3,0,unchanged
I00949,Financials,2021,BBB,BB,0,1,0,1,4,3,-1,downgrade
I00950,Telecom,2021,B,B,0,0,0,0,2,2,0,unchanged
I00951,Real_Estate,2021,A,A,0,0,0,0,5,5,0,unchanged
I00952,Technology,2021,BBB,BBB,0,0,0,0,4,4,0,unchanged
I00953,Real_Estate,2021,B,B,0,0,0,0,2,2,0,unchanged
I00954,Healthcare,2021,AA,AA,0,0,0,0,6,6,0,unchanged
I00955,Real_Estate,2021,BBB,BBB,0,0,0,0,4,4,0,unchanged
I00956,Consumer,2021,BB,BB,0,0,0,0,3,3,0,unchanged
I00957,Healthcare,2021,A,A,0,0,0,0,5,5,0,unchanged
I00958,Healthcare,2021,BBB,BBB,0,0,0,0,4,4,0,unchanged
I00959,Utilities,2021,A,AA,1,0,0,-1,5,6,1,upgrade
I00960,Industrials,2021,B,B,0,0,0,0,2,2,0,unchanged
I00961,Telecom,2021,BB,BB,0,0,0,0,3,3,0,unchanged
I00962,Healthcare,2021,AA,AA,0,0,0,0,6,6,0,unchanged
I00963,Utilities,2021,BBB,BBB,0,0,0,0,4,4,0,unchanged
I00964,Financials,2021,BBB,BBB,0,0,0,0,4,4,0,unchanged
I00965,Consumer,2021,BBB,BBB,0,0,0,0,4,4,0,unchanged
I00966,Healthcare,2021,CCC,CCC,0,0,0,0,1,1,0,unchanged
I00967,Retail,2021,B,B,0,0,0,0,2,2,0,unchanged
I00968,Healthcare,2021,BBB,BBB,0,0,0,0,4,4,0,unchanged
I00970,Real_Estate,2021,A,A,0,0,0,0,5,5,0,unchanged
I00972,Utilities,2021,B,B,0,0,0,0,2,2,0,unchanged
I00973,Energy,2021,AA,AA,0,0,0,0,6,6,0,unchanged
I00974,Healthcare,2021,BBB,BBB,0,0,0,0,4,4,0,unchanged
I00975,Real_Estate,2021,BBB,BBB,0,0,0,0,4,4,0,unchanged
I00976,Consumer,2021,CCC,CCC,0,0,0,0,1,1,0,unchanged
I00977,Industrials,2021,AA,AA,0,0,0,0,6,6,0,unchanged
I00978,Utilities,2021,BBB,A,1,0,0,-1,4,5,1,upgrade
I00979,Retail,2021,CCC,CCC,0,0,0,0,1,1,0,unchanged
I00980,Financials,2021,AA,AA,0,0,0,0,6,6,0,unchanged
I00981,Financials,2021,B,CCC,0,1,0,1,2,1,-1,downgrade
I00982,Telecom,2021,BBB,BBB,0,0,0,0,4,4,0,unchanged
I00983,Industrials,2021,BBB,BBB,0,0,0,0,4,4,0,unchanged
I00984,Consumer,2021,AA,AA,0,0,0,0,6,6,0,unchanged
I00985,Energy,2021,BBB,BBB,0,0,0,0,4,4,0,unchanged
I00986,Industrials,2021,BBB,BBB,0,0,0,0,4,4,0,unchanged
I00987,Healthcare,2021,BB,BB,0,0,0,0,3,3,0,unchanged
I00988,Real_Estate,2021,B,B,0,0,0,0,2,2,0,unchanged
I00990,Energy,2021,AA,AA,0,0,0,0,6,6,0,unchanged
I00993,Retail,2021,BBB,BBB,0,0,0,0,4,4,0,unchanged
I00995,Utilities,2021,B,B,0,0,0,0,2,2,0,unchanged
I00996,Real_Estate,2021,CCC,B,1,0,0,-1,1,2,1,upgrade
I00997,Energy,2021,AAA,AAA,0,0,0,0,7,7,0,unchanged
I00998,Healthcare,2021,BBB,BBB,0,0,0,0,4,4,0,unchanged
I01000,Retail,2021,B,B,0,0,0,0,2,2,0,unchanged
I01001,Telecom,2021,BB,BB,0,0,0,0,3,3,0,unchanged
I01004,Financials,2021,A,A,0,0,0,0,5,5,0,unchanged
I01007,Technology,2021,B,B,0,0,0,0,2,2,0,unchanged
I01008,Retail,2021,B,B,0,0,0,0,2,2,0,unchanged
I01009,Consumer,2021,A,A,0,0,0,0,5,5,0,unchanged
I01010,Energy,2021,BBB,A,1,0,0,-1,4,5,1,upgrade
I01011,Energy,2021,A,A,0,0,0,0,5,5,0,unchanged
I01013,Technology,2021,A,A,0,0,0,0,5,5,0,unchanged
I01014,Healthcare,2021,BBB,BBB,0,0,0,0,4,4,0,unchanged
I01015,Energy,2021,A,A,0,0,0,0,5,5,0,unchanged
I01016,Consumer,2021,AA,AA,0,0,0,0,6,6,0,unchanged
I01017,Retail,2021,BBB,BBB,0,0,0,0,4,4,0,unchanged
I01018,Healthcare,2021,AA,AA,0,0,0,0,6,6,0,unchanged
I01020,Financials,2021,A,A,0,0,0,0,5,5,0,unchanged
I01021,Utilities,2021,AA,AA,0,0,0,0,6,6,0,unchanged
I01022,Utilities,2021,CCC,CCC,0,0,0,0,1,1,0,unchanged
I01023,Healthcare,2021,BBB,BBB,0,0,0,0,4,4,0,unchanged
I01024,Technology,2021,A,A,0,0,0,0,5,5,0,unchanged
I01025,Utilities,2021,B,B,0,0,0,0,2,2,0,unchanged
I01027,Real_Estate,2021,AA,AA,0,0,0,0,6,6,0,unchanged
I01029,Utilities,2021,A,A,0,0,0,0,5,5,0,unchanged
I01030,Technology,2021,BB,BB,0,0,0,0,3,3,0,unchanged
I01031,Utilities,2021,B,D,0,0,1,2,2,0,-2,default
I01032,Financials,2021,A,BBB,0,1,0,1,5,4,-1,downgrade
I01034,Energy,2021,BBB,BB,0,1,0,1,4,3,-1,downgrade
I01035,Technology,2021,B,B,0,0,0,0,2,2,0,unchanged
I01036,Telecom,2021,BB,BB,0,0,0,0,3,3,0,unchanged
I01038,Real_Estate,2021,AA,A,0,1,0,1,6,5,-1,downgrade
I01039,Energy,2021,BBB,BBB,0,0,0,0,4,4,0,unchanged
I01040,Telecom,2021,AAA,AAA,0,0,0,0,7,7,0,unchanged
I01041,Telecom,2021,BBB,BBB,0,0,0,0,4,4,0,unchanged
I01042,Utilities,2021,AA,AA,0,0,0,0,6,6,0,unchanged
I01043,Retail,2021,BB,BBB,1,0,0,-1,3,4,1,upgrade
I01044,Telecom,2021,A,A,0,0,0,0,5,5,0,unchanged
I01045,Technology,2021,CCC,CCC,0,0,0,0,1,1,0,unchanged
I01046,Financials,2021,CCC,CCC,0,0,0,0,1,1,0,unchanged
I01047,Consumer,2021,A,A,0,0,0,0,5,5,0,unchanged
I01048,Retail,2021,B,B,0,0,0,0,2,2,0,unchanged
I01049,Retail,2021,A,A,0,0,0,0,5,5,0,unchanged
I01050,Utilities,2021,BBB,A,1,0,0,-1,4,5,1,upgrade
I01051,Retail,2021,BBB,BBB,0,0,0,0,4,4,0,unchanged
I01053,Retail,2021,BBB,BBB,0,0,0,0,4,4,0,unchanged
I01054,Energy,2021,AA,AA,0,0,0,0,6,6,0,unchanged
I01055,Energy,2021,AA,AA,0,0,0,0,6,6,0,unchanged
I01056,Telecom,2021,BB,BB,0,0,0,0,3,3,0,unchanged
I01057,Energy,2021,BB,BB,0,0,0,0,3,3,0,unchanged
I01058,Retail,2021,B,B,0,0,0,0,2,2,0,unchanged
I01059,Retail,2021,BBB,BBB,0,0,0,0,4,4,0,unchanged
I01060,Financials,2021,B,B,0,0,0,0,2,2,0,unchanged
I01061,Industrials,2021,B,BB,1,0,0,-1,2,3,1,upgrade
I01062,Energy,2021,BBB,BBB,0,0,0,0,4,4,0,unchanged
I01063,Consumer,2021,BB,BB,0,0,0,0,3,3,0,unchanged
I01066,Consumer,2021,A,A,0,0,0,0,5,5,0,unchanged
I01067,Healthcare,2021,BB,BBB,1,0,0,-1,3,4,1,upgrade
I01069,Telecom,2021,A,A,0,0,0,0,5,5,0,unchanged
I01070,Telecom,2021,A,A,0,0,0,0,5,5,0,unchanged
I01071,Retail,2021,BBB,BBB,0,0,0,0,4,4,0,unchanged
I01072,Technology,2021,BBB,BBB,0,0,0,0,4,4,0,unchanged
I01073,Real_Estate,2021,BBB,BBB,0,0,0,0,4,4,0,unchanged
I01074,Industrials,2021,AAA,AA,0,1,0,1,7,6,-1,downgrade
I01075,Energy,2021,B,B,0,0,0,0,2,2,0,unchanged
I01076,Industrials,2021,B,B,0,0,0,0,2,2,0,unchanged
I01077,Technology,2021,BB,BB,0,0,0,0,3,3,0,unchanged
I01079,Healthcare,2021,BB,BB,0,0,0,0,3,3,0,unchanged
I01080,Technology,2021,B,BB,1,0,0,-1,2,3,1,upgrade
I01081,Healthcare,2021,BBB,BBB,0,0,0,0,4,4,0,unchanged
I01082,Technology,2021,A,A,0,0,0,0,5,5,0,unchanged
I01083,Healthcare,2021,A,A,0,0,0,0,5,5,0,unchanged
I01084,Retail,2021,BBB,BBB,0,0,0,0,4,4,0,unchanged
I01085,Consumer,2021,BBB,BBB,0,0,0,0,4,4,0,unchanged
I01086,Industrials,2021,BB,BB,0,0,0,0,3,3,0,unchanged
I01087,Utilities,2021,B,B,0,0,0,0,2,2,0,unchanged
I01088,Real_Estate,2021,B,B,0,0,0,0,2,2,0,unchanged
I01089,Real_Estate,2021,B,B,0,0,0,0,2,2,0,unchanged
I01090,Financials,2021,BB,BB,0,0,0,0,3,3,0,unchanged
I01091,Consumer,2021,A,A,0,0,0,0,5,5,0,unchanged
I01092,Consumer,2021,BBB,BBB,0,0,0,0,4,4,0,unchanged
I01093,Real_Estate,2021,BBB,BBB,0,0,0,0,4,4,0,unchanged
I01094,Technology,2021,A,A,0,0,0,0,5,5,0,unchanged
I01095,Industrials,2021,AA,AA,0,0,0,0,6,6,0,unchanged
I01096,Real_Estate,2021,BBB,BBB,0,0,0,0,4,4,0,unchanged
I01097,Healthcare,2021,BB,BB,0,0,0,0,3,3,0,unchanged
I01098,Telecom,2021,BB,BB,0,0,0,0,3,3,0,unchanged
I01099,Telecom,2021,A,A,0,0,0,0,5,5,0,unchanged
I01100,Retail,2021,A,A,0,0,0,0,5,5,0,unchanged
I01101,Industrials,2021,B,B,0,0,0,0,2,2,0,unchanged
I01102,Retail,2021,A,A,0,0,0,0,5,5,0,unchanged
I01103,Healthcare,2021,BB,AA,1,0,0,-3,3,6,3,upgrade
I01105,Technology,2021,BBB,BBB,0,0,0,0,4,4,0,unchanged
I01106,Industrials,2021,BB,BB,0,0,0,0,3,3,0,unchanged
I01108,Real_Estate,2021,B,B,0,0,0,0,2,2,0,unchanged
I01109,Industrials,2021,BBB,BBB,0,0,0,0,4,4,0,unchanged
I01110,Energy,2021,A,A,0,0,0,0,5,5,0,unchanged
I01111,Financials,2021,B,B,0,0,0,0,2,2,0,unchanged
I01112,Technology,2021,A,A,0,0,0,0,5,5,0,unchanged
I01113,Healthcare,2021,CCC,CCC,0,0,0,0,1,1,0,unchanged
I01114,Industrials,2021,BBB,B,0,1,0,2,4,2,-2,downgrade
I01115,Telecom,2021,BBB,BBB,0,0,0,0,4,4,0,unchanged
I01116,Real_Estate,2021,CCC,CCC,0,0,0,0,1,1,0,unchanged
I01117,Energy,2021,A,A,0,0,0,0,5,5,0,unchanged
I01118,Consumer,2021,BBB,BBB,0,0,0,0,4,4,0,unchanged
I01119,Retail,2021,B,B,0,0,0,0,2,2,0,unchanged
I01120,Real_Estate,2021,BBB,BBB,0,0,0,0,4,4,0,unchanged
I01121,Energy,2021,A,A,0,0,0,0,5,5,0,unchanged
I01122,Telecom,2021,B,D,0,0,1,2,2,0,-2,default
I01123,Technology,2021,B,B,0,0,0,0,2,2,0,unchanged
I01124,Energy,2021,BBB,BBB,0,0,0,0,4,4,0,unchanged
I01125,Financials,2021,A,BBB,0,1,0,1,5,4,-1,downgrade
I01126,Financials,2021,BBB,BBB,0,0,0,0,4,4,0,unchanged
I01127,Industrials,2021,BB,BB,0,0,0,0,3,3,0,unchanged
I01128,Technology,2021,BBB,BBB,0,0,0,0,4,4,0,unchanged
I01129,Retail,2021,BBB,BBB,0,0,0,0,4,4,0,unchanged
I01130,Healthcare,2021,BBB,BBB,0,0,0,0,4,4,0,unchanged
I01133,Industrials,2021,BBB,BBB,0,0,0,0,4,4,0,unchanged
I01134,Energy,2021,A,A,0,0,0,0,5,5,0,unchanged
I01135,Energy,2021,BBB,BBB,0,0,0,0,4,4,0,unchanged
I01136,Energy,2021,B,B,0,0,0,0,2,2,0,unchanged
I01137,Telecom,2021,AA,AA,0,0,0,0,6,6,0,unchanged
I01138,Technology,2021,BB,BB,0,0,0,0,3,3,0,unchanged
I01140,Technology,2021,CCC,CCC,0,0,0,0,1,1,0,unchanged
I01141,Financials,2021,BB,BB,0,0,0,0,3,3,0,unchanged
I01142,Financials,2021,BBB,BBB,0,0,0,0,4,4,0,unchanged
I01144,Real_Estate,2021,B,D,0,0,1,2,2,0,-2,default
I01145,Retail,2021,B,B,0,0,0,0,2,2,0,unchanged
I01146,Utilities,2021,BBB,BBB,0,0,0,0,4,4,0,unchanged
I01147,Energy,2021,B,B,0,0,0,0,2,2,0,unchanged
I01149,Utilities,2021,B,B,0,0,0,0,2,2,0,unchanged
I01151,Energy,2021,BBB,BBB,0,0,0,0,4,4,0,unchanged
I01152,Consumer,2021,BBB,BBB,0,0,0,0,4,4,0,unchanged
I01153,Technology,2021,A,A,0,0,0,0,5,5,0,unchanged
I01154,Financials,2021,A,A,0,0,0,0,5,5,0,unchanged
I01155,Financials,2021,BBB,BBB,0,0,0,0,4,4,0,unchanged
I01156,Energy,2021,BBB,BBB,0,0,0,0,4,4,0,unchanged
I01158,Energy,2021,B,B,0,0,0,0,2,2,0,unchanged
I01159,Energy,2021,A,A,0,0,0,0,5,5,0,unchanged
I01162,Industrials,2021,BBB,BBB,0,0,0,0,4,4,0,unchanged
I01163,Utilities,2021,B,B,0,0,0,0,2,2,0,unchanged
I01164,Retail,2021,AA,AA,0,0,0,0,6,6,0,unchanged
I01165,Real_Estate,2021,BBB,BBB,0,0,0,0,4,4,0,unchanged
I01166,Telecom,2021,BB,BB,0,0,0,0,3,3,0,unchanged
I01167,Retail,2021,A,A,0,0,0,0,5,5,0,unchanged
I01168,Energy,2021,AA,AA,0,0,0,0,6,6,0,unchanged
I01169,Energy,2021,B,B,0,0,0,0,2,2,0,unchanged
I01170,Utilities,2021,BB,BB,0,0,0,0,3,3,0,unchanged
I01171,Industrials,2021,A,AA,1,0,0,-1,5,6,1,upgrade
I01172,Industrials,2021,BBB,BBB,0,0,0,0,4,4,0,unchanged
I01173,Consumer,2021,B,D,0,0,1,2,2,0,-2,default
I01174,Utilities,2021,AA,AA,0,0,0,0,6,6,0,unchanged
I01175,Consumer,2021,BBB,BBB,0,0,0,0,4,4,0,unchanged
I01176,Technology,2021,AA,AA,0,0,0,0,6,6,0,unchanged
I01177,Consumer,2021,BB,BB,0,0,0,0,3,3,0,unchanged
I01178,Financials,2021,A,A,0,0,0,0,5,5,0,unchanged
I01179,Financials,2021,AA,AA,0,0,0,0,6,6,0,unchanged
I01180,Financials,2021,BB,BB,0,0,0,0,3,3,0,unchanged
I01181,Real_Estate,2021,BB,BB,0,0,0,0,3,3,0,unchanged
I01182,Technology,2021,A,AA,1,0,0,-1,5,6,1,upgrade
I01183,Financials,2021,BB,BB,0,0,0,0,3,3,0,unchanged
I01184,Financials,2021,BBB,BBB,0,0,0,0,4,4,0,unchanged
I01185,Healthcare,2021,A,A,0,0,0,0,5,5,0,unchanged
I01186,Financials,2021,AA,AA,0,0,0,0,6,6,0,unchanged
I01188,Retail,2021,BB,BB,0,0,0,0,3,3,0,unchanged
I01189,Energy,2021,B,B,0,0,0,0,2,2,0,unchanged
I01190,Energy,2021,BB,BB,0,0,0,0,3,3,0,unchanged
I01191,Financials,2021,CCC,B,1,0,0,-1,1,2,1,upgrade
I01193,Healthcare,2021,BB,BB,0,0,0,0,3,3,0,unchanged
I01194,Financials,2021,BB,BB,0,0,0,0,3,3,0,unchanged
I01196,Healthcare,2021,B,B,0,0,0,0,2,2,0,unchanged
I01197,Healthcare,2021,AAA,AAA,0,0,0,0,7,7,0,unchanged
I01198,Telecom,2021,B,B,0,0,0,0,2,2,0,unchanged
I01199,Healthcare,2021,A,A,0,0,0,0,5,5,0,unchanged
I01200,Consumer,2021,B,D,0,0,1,2,2,0,-2,default
I01201,Real_Estate,2021,A,A,0,0,0,0,5,5,0,unchanged
I01202,Utilities,2021,A,B,0,1,0,3,5,2,-3,downgrade
I01204,Utilities,2021,BBB,A,1,0,0,-1,4,5,1,upgrade
I01206,Retail,2021,AA,AA,0,0,0,0,6,6,0,unchanged
I01207,Healthcare,2021,BB,BBB,1,0,0,-1,3,4,1,upgrade
I01208,Real_Estate,2021,BBB,BBB,0,0,0,0,4,4,0,unchanged
I01209,Industrials,2021,BBB,BBB,0,0,0,0,4,4,0,unchanged
I01210,Energy,2021,BBB,BBB,0,0,0,0,4,4,0,unchanged
I01211,Financials,2021,AA,A,0,1,0,1,6,5,-1,downgrade
I01212,Technology,2021,BB,BB,0,0,0,0,3,3,0,unchanged
I01213,Healthcare,2021,BBB,BBB,0,0,0,0,4,4,0,unchanged
I01214,Consumer,2021,BB,BBB,1,0,0,-1,3,4,1,upgrade
I01215,Healthcare,2021,CCC,CCC,0,0,0,0,1,1,0,unchanged
I01217,Healthcare,2021,BB,B,0,1,0,1,3,2,-1,downgrade
I01218,Energy,2021,A,A,0,0,0,0,5,5,0,unchanged
I01219,Energy,2021,BBB,BB,0,1,0,1,4,3,-1,downgrade
I01220,Healthcare,2021,A,BBB,0,1,0,1,5,4,-1,downgrade
I01222,Technology,2021,A,A,0,0,0,0,5,5,0,unchanged
I01224,Industrials,2021,AAA,AAA,0,0,0,0,7,7,0,unchanged
I01225,Healthcare,2021,AA,AA,0,0,0,0,6,6,0,unchanged
I01227,Financials,2021,A,A,0,0,0,0,5,5,0,unchanged
I01228,Financials,2021,AAA,AAA,0,0,0,0,7,7,0,unchanged
I01229,Technology,2021,BBB,BBB,0,0,0,0,4,4,0,unchanged
I01230,Healthcare,2021,A,A,0,0,0,0,5,5,0,unchanged
I01231,Energy,2021,B,BB,1,0,0,-1,2,3,1,upgrade
I01233,Utilities,2021,BBB,BBB,0,0,0,0,4,4,0,unchanged
I01235,Real_Estate,2021,B,B,0,0,0,0,2,2,0,unchanged
I01236,Telecom,2021,BBB,BBB,0,0,0,0,4,4,0,unchanged
I01238,Retail,2021,A,A,0,0,0,0,5,5,0,unchanged
I01239,Energy,2021,B,B,0,0,0,0,2,2,0,unchanged
I01240,Energy,2021,B,B,0,0,0,0,2,2,0,unchanged
I01241,Healthcare,2021,BBB,BBB,0,0,0,0,4,4,0,unchanged
I01242,Retail,2021,BB,D,0,0,1,3,3,0,-3,default
I01243,Consumer,2021,A,A,0,0,0,0,5,5,0,unchanged
I01244,Telecom,2021,B,B,0,0,0,0,2,2,0,unchanged
I01245,Retail,2021,A,A,0,0,0,0,5,5,0,unchanged
I01247,Retail,2021,AA,AA,0,0,0,0,6,6,0,unchanged
I01248,Healthcare,2021,A,A,0,0,0,0,5,5,0,unchanged
I01249,Energy,2021,B,CCC,0,1,0,1,2,1,-1,downgrade
I01251,Utilities,2021,BBB,BBB,0,0,0,0,4,4,0,unchanged
I01252,Retail,2021,BB,BBB,1,0,0,-1,3,4,1,upgrade
I01254,Telecom,2021,BBB,BBB,0,0,0,0,4,4,0,unchanged
I01255,Real_Estate,2021,A,BBB,0,1,0,1,5,4,-1,downgrade
I01256,Retail,2021,BBB,BB,0,1,0,1,4,3,-1,downgrade
I01257,Energy,2021,A,A,0,0,0,0,5,5,0,unchanged
I01258,Industrials,2021,BBB,BBB,0,0,0,0,4,4,0,unchanged
I01259,Energy,2021,BBB,BBB,0,0,0,0,4,4,0,unchanged
I01260,Industrials,2021,AAA,AAA,0,0,0,0,7,7,0,unchanged
I01261,Telecom,2021,BB,BB,0,0,0,0,3,3,0,unchanged
I01262,Industrials,2021,AA,AA,0,0,0,0,6,6,0,unchanged
I01263,Consumer,2021,BB,BB,0,0,0,0,3,3,0,unchanged
I01264,Energy,2021,B,B,0,0,0,0,2,2,0,unchanged
I01265,Telecom,2021,AA,AA,0,0,0,0,6,6,0,unchanged
I01266,Utilities,2021,AAA,AAA,0,0,0,0,7,7,0,unchanged
I01268,Energy,2021,BB,BB,0,0,0,0,3,3,0,unchanged
I01269,Consumer,2021,B,B,0,0,0,0,2,2,0,unchanged
I01270,Energy,2021,A,A,0,0,0,0,5,5,0,unchanged
I01272,Telecom,2021,BBB,BBB,0,0,0,0,4,4,0,unchanged
I01273,Healthcare,2021,B,B,0,0,0,0,2,2,0,unchanged
I01274,Healthcare,2021,AA,AA,0,0,0,0,6,6,0,unchanged
I01275,Utilities,2021,AA,AA,0,0,0,0,6,6,0,unchanged
I01276,Utilities,2021,BB,BB,0,0,0,0,3,3,0,unchanged
I01277,Retail,2021,CCC,B,1,0,0,-1,1,2,1,upgrade
I01278,Healthcare,2021,BBB,BBB,0,0,0,0,4,4,0,unchanged
I01279,Financials,2021,BBB,BBB,0,0,0,0,4,4,0,unchanged
I01281,Healthcare,2021,AA,A,0,1,0,1,6,5,-1,downgrade
I01282,Retail,2021,BB,BB,0,0,0,0,3,3,0,unchanged
I01283,Telecom,2021,BBB,BBB,0,0,0,0,4,4,0,unchanged
I01285,Retail,2021,CCC,B,1,0,0,-1,1,2,1,upgrade
I01286,Telecom,2021,BBB,BBB,0,0,0,0,4,4,0,unchanged
I01287,Financials,2021,A,A,0,0,0,0,5,5,0,unchanged
I01288,Financials,2021,A,A,0,0,0,0,5,5,0,unchanged
I01289,Industrials,2021,A,A,0,0,0,0,5,5,0,unchanged
I01291,Financials,2021,A,A,0,0,0,0,5,5,0,unchanged
I01294,Telecom,2021,B,B,0,0,0,0,2,2,0,unchanged
I01295,Healthcare,2021,A,A,0,0,0,0,5,5,0,unchanged
I01296,Telecom,2021,BBB,BBB,0,0,0,0,4,4,0,unchanged
I01297,Retail,2021,A,A,0,0,0,0,5,5,0,unchanged
I01298,Telecom,2021,A,A,0,0,0,0,5,5,0,unchanged
I01299,Healthcare,2021,AA,AA,0,0,0,0,6,6,0,unchanged
I01301,Telecom,2021,BB,BB,0,0,0,0,3,3,0,unchanged
I01303,Technology,2021,B,B,0,0,0,0,2,2,0,unchanged
I01304,Telecom,2021,BBB,BBB,0,0,0,0,4,4,0,unchanged
I01305,Retail,2021,CCC,CCC,0,0,0,0,1,1,0,unchanged
I01306,Industrials,2021,BB,BB,0,0,0,0,3,3,0,unchanged
I01307,Real_Estate,2021,AA,AA,0,0,0,0,6,6,0,unchanged
I01308,Financials,2021,BBB,BBB,0,0,0,0,4,4,0,unchanged
I01310,Industrials,2021,BBB,BBB,0,0,0,0,4,4,0,unchanged
I01311,Telecom,2021,A,BBB,0,1,0,1,5,4,-1,downgrade
I01312,Consumer,2021,A,BBB,0,1,0,1,5,4,-1,downgrade
I01313,Consumer,2021,A,A,0,0,0,0,5,5,0,unchanged
I01314,Industrials,2021,BBB,A,1,0,0,-1,4,5,1,upgrade
I01315,Energy,2021,BBB,BBB,0,0,0,0,4,4,0,unchanged
I01316,Financials,2021,B,B,0,0,0,0,2,2,0,unchanged
I01317,Consumer,2021,B,B,0,0,0,0,2,2,0,unchanged
I01319,Retail,2021,B,B,0,0,0,0,2,2,0,unchanged
I01320,Healthcare,2021,BB,BB,0,0,0,0,3,3,0,unchanged
I01321,Healthcare,2021,AA,A,0,1,0,1,6,5,-1,downgrade
I01323,Consumer,2021,AA,AA,0,0,0,0,6,6,0,unchanged
I01324,Real_Estate,2021,A,A,0,0,0,0,5,5,0,unchanged
I01326,Retail,2021,BBB,A,1,0,0,-1,4,5,1,upgrade
I01327,Utilities,2021,BBB,BBB,0,0,0,0,4,4,0,unchanged
I01328,Technology,2021,A,A,0,0,0,0,5,5,0,unchanged
I01329,Industrials,2021,BBB,BB,0,1,0,1,4,3,-1,downgrade
I01330,Telecom,2021,A,A,0,0,0,0,5,5,0,unchanged
I01331,Healthcare,2021,A,A,0,0,0,0,5,5,0,unchanged
I01333,Healthcare,2021,CCC,CCC,0,0,0,0,1,1,0,unchanged
I01335,Telecom,2021,A,A,0,0,0,0,5,5,0,unchanged
I01336,Real_Estate,2021,B,B,0,0,0,0,2,2,0,unchanged
I01337,Telecom,2021,AAA,AAA,0,0,0,0,7,7,0,unchanged
I01339,Industrials,2021,A,A,0,0,0,0,5,5,0,unchanged
I01340,Energy,2021,BB,BB,0,0,0,0,3,3,0,unchanged
I01342,Energy,2021,A,A,0,0,0,0,5,5,0,unchanged
I01344,Telecom,2021,AAA,AAA,0,0,0,0,7,7,0,unchanged
I01345,Telecom,2021,B,B,0,0,0,0,2,2,0,unchanged
I01346,Consumer,2021,B,B,0,0,0,0,2,2,0,unchanged
I01347,Technology,2021,B,B,0,0,0,0,2,2,0,unchanged
I01348,Energy,2021,A,AA,1,0,0,-1,5,6,1,upgrade
I01349,Technology,2021,BBB,BBB,0,0,0,0,4,4,0,unchanged
I01350,Industrials,2021,B,B,0,0,0,0,2,2,0,unchanged
I01351,Financials,2021,BBB,BBB,0,0,0,0,4,4,0,unchanged
I01352,Real_Estate,2021,BBB,BBB,0,0,0,0,4,4,0,unchanged
I01353,Healthcare,2021,A,A,0,0,0,0,5,5,0,unchanged
I01354,Telecom,2021,A,A,0,0,0,0,5,5,0,unchanged
I01356,Utilities,2021,A,BB,0,1,0,2,5,3,-2,downgrade
I01357,Financials,2021,BB,BB,0,0,0,0,3,3,0,unchanged
I01358,Technology,2021,BBB,BBB,0,0,0,0,4,4,0,unchanged
I01360,Healthcare,2021,CCC,D,0,0,1,1,1,0,-1,default
I01362,Energy,2021,A,A,0,0,0,0,5,5,0,unchanged
I01363,Financials,2021,BBB,BBB,0,0,0,0,4,4,0,unchanged
I01364,Real_Estate,2021,A,A,0,0,0,0,5,5,0,unchanged
I01365,Financials,2021,BB,BB,0,0,0,0,3,3,0,unchanged
I01368,Retail,2021,BBB,BB,0,1,0,1,4,3,-1,downgrade
I01370,Energy,2021,B,B,0,0,0,0,2,2,0,unchanged
I01372,Utilities,2021,BBB,BBB,0,0,0,0,4,4,0,unchanged
I01374,Technology,2021,A,A,0,0,0,0,5,5,0,unchanged
I01375,Utilities,2021,BBB,BBB,0,0,0,0,4,4,0,unchanged
I01376,Real_Estate,2021,BB,BB,0,0,0,0,3,3,0,unchanged
I01377,Industrials,2021,AA,AA,0,0,0,0,6,6,0,unchanged
I01379,Retail,2021,A,BB,0,1,0,2,5,3,-2,downgrade
I01380,Energy,2021,B,CCC,0,1,0,1,2,1,-1,downgrade
I01382,Industrials,2021,A,A,0,0,0,0,5,5,0,unchanged
I01383,Consumer,2021,BBB,BBB,0,0,0,0,4,4,0,unchanged
I01384,Energy,2021,AA,AA,0,0,0,0,6,6,0,unchanged
I01385,Technology,2021,B,B,0,0,0,0,2,2,0,unchanged
I01386,Healthcare,2021,BBB,BBB,0,0,0,0,4,4,0,unchanged
I01387,Retail,2021,BBB,BBB,0,0,0,0,4,4,0,unchanged
I01388,Telecom,2021,A,A,0,0,0,0,5,5,0,unchanged
I01390,Real_Estate,2021,BBB,BBB,0,0,0,0,4,4,0,unchanged
I01391,Technology,2021,BB,BB,0,0,0,0,3,3,0,unchanged
I01392,Real_Estate,2021,AAA,AAA,0,0,0,0,7,7,0,unchanged
I01393,Industrials,2021,B,B,0,0,0,0,2,2,0,unchanged
I01394,Industrials,2021,BBB,BBB,0,0,0,0,4,4,0,unchanged
I01395,Telecom,2021,A,A,0,0,0,0,5,5,0,unchanged
I01396,Financials,2021,A,A,0,0,0,0,5,5,0,unchanged
I01397,Healthcare,2021,BB,BB,0,0,0,0,3,3,0,unchanged
I01398,Telecom,2021,CCC,B,1,0,0,-1,1,2,1,upgrade
I01399,Real_Estate,2021,AA,AA,0,0,0,0,6,6,0,unchanged
I01400,Retail,2021,AAA,AAA,0,0,0,0,7,7,0,unchanged
I01401,Technology,2021,BBB,BBB,0,0,0,0,4,4,0,unchanged
I01402,Industrials,2021,BBB,AA,1,0,0,-2,4,6,2,upgrade
I01403,Telecom,2021,A,A,0,0,0,0,5,5,0,unchanged
I01404,Industrials,2021,A,A,0,0,0,0,5,5,0,unchanged
I01405,Utilities,2021,BB,BB,0,0,0,0,3,3,0,unchanged
I01406,Real_Estate,2021,B,B,0,0,0,0,2,2,0,unchanged
I01407,Financials,2021,B,B,0,0,0,0,2,2,0,unchanged
I01409,Industrials,2021,BB,BB,0,0,0,0,3,3,0,unchanged
I01410,Technology,2021,A,A,0,0,0,0,5,5,0,unchanged
I01411,Energy,2021,BBB,BBB,0,0,0,0,4,4,0,unchanged
I01412,Industrials,2021,BB,BB,0,0,0,0,3,3,0,unchanged
I01413,Real_Estate,2021,BBB,BBB,0,0,0,0,4,4,0,unchanged
I01414,Consumer,2021,BB,BB,0,0,0,0,3,3,0,unchanged
I01415,Technology,2021,BBB,BBB,0,0,0,0,4,4,0,unchanged
I01416,Healthcare,2021,BBB,BBB,0,0,0,0,4,4,0,unchanged
I01417,Healthcare,2021,A,A,0,0,0,0,5,5,0,unchanged
I01418,Technology,2021,BB,BB,0,0,0,0,3,3,0,unchanged
I01419,Financials,2021,AA,A,0,1,0,1,6,5,-1,downgrade
I01420,Real_Estate,2021,B,B,0,0,0,0,2,2,0,unchanged
I01421,Utilities,2021,BBB,BBB,0,0,0,0,4,4,0,unchanged
I01422,Real_Estate,2021,CCC,D,0,0,1,1,1,0,-1,default
I01423,Technology,2021,BB,BB,0,0,0,0,3,3,0,unchanged
I01424,Utilities,2021,AA,AA,0,0,0,0,6,6,0,unchanged
I01425,Telecom,2021,B,B,0,0,0,0,2,2,0,unchanged
I01426,Real_Estate,2021,BBB,BBB,0,0,0,0,4,4,0,unchanged
I01427,Utilities,2021,AA,AA,0,0,0,0,6,6,0,unchanged
I01428,Financials,2021,AA,AA,0,0,0,0,6,6,0,unchanged
I01431,Energy,2021,BB,BBB,1,0,0,-1,3,4,1,upgrade
I01432,Consumer,2021,AA,AA,0,0,0,0,6,6,0,unchanged
I01434,Healthcare,2021,BBB,A,1,0,0,-1,4,5,1,upgrade
I01435,Industrials,2021,B,B,0,0,0,0,2,2,0,unchanged
I01436,Industrials,2021,BBB,BBB,0,0,0,0,4,4,0,unchanged
I01437,Healthcare,2021,BBB,BB,0,1,0,1,4,3,-1,downgrade
I01438,Technology,2021,A,A,0,0,0,0,5,5,0,unchanged
I01439,Energy,2021,A,A,0,0,0,0,5,5,0,unchanged
I01440,Telecom,2021,BBB,BBB,0,0,0,0,4,4,0,unchanged
I01441,Energy,2021,A,A,0,0,0,0,5,5,0,unchanged
I01442,Energy,2021,B,BB,1,0,0,-1,2,3,1,upgrade
I01443,Utilities,2021,A,A,0,0,0,0,5,5,0,unchanged
I01444,Real_Estate,2021,BBB,BBB,0,0,0,0,4,4,0,unchanged
I01446,Healthcare,2021,BB,BB,0,0,0,0,3,3,0,unchanged
I01447,Technology,2021,AA,AA,0,0,0,0,6,6,0,unchanged
I01448,Retail,2021,BB,BB,0,0,0,0,3,3,0,unchanged
I01450,Real_Estate,2021,B,B,0,0,0,0,2,2,0,unchanged
I01451,Telecom,2021,CCC,B,1,0,0,-1,1,2,1,upgrade
I01452,Energy,2021,BB,BB,0,0,0,0,3,3,0,unchanged
I01453,Consumer,2021,A,A,0,0,0,0,5,5,0,unchanged
I01454,Real_Estate,2021,B,B,0,0,0,0,2,2,0,unchanged
I01455,Technology,2021,BBB,BBB,0,0,0,0,4,4,0,unchanged
I01456,Telecom,2021,BBB,BBB,0,0,0,0,4,4,0,unchanged
I01457,Industrials,2021,B,B,0,0,0,0,2,2,0,unchanged
I01458,Healthcare,2021,BBB,BBB,0,0,0,0,4,4,0,unchanged
I01459,Industrials,2021,A,A,0,0,0,0,5,5,0,unchanged
I01461,Retail,2021,A,A,0,0,0,0,5,5,0,unchanged
I01462,Consumer,2021,BBB,BBB,0,0,0,0,4,4,0,unchanged
I01463,Real_Estate,2021,B,BB,1,0,0,-1,2,3,1,upgrade
I01464,Consumer,2021,BB,BB,0,0,0,0,3,3,0,unchanged
I01465,Consumer,2021,AA,AA,0,0,0,0,6,6,0,unchanged
I01466,Real_Estate,2021,BBB,BB,0,1,0,1,4,3,-1,downgrade
I01467,Retail,2021,B,BB,1,0,0,-1,2,3,1,upgrade
I01468,Retail,2021,B,B,0,0,0,0,2,2,0,unchanged
I01469,Utilities,2021,B,B,0,0,0,0,2,2,0,unchanged
I01470,Real_Estate,2021,A,A,0,0,0,0,5,5,0,unchanged
I01471,Energy,2021,BB,BB,0,0,0,0,3,3,0,unchanged
I01472,Telecom,2021,A,A,0,0,0,0,5,5,0,unchanged
I01473,Financials,2021,A,A,0,0,0,0,5,5,0,unchanged
I01474,Healthcare,2021,BB,BB,0,0,0,0,3,3,0,unchanged
I01475,Retail,2021,A,A,0,0,0,0,5,5,0,unchanged
I01476,Retail,2021,A,A,0,0,0,0,5,5,0,unchanged
I01479,Energy,2021,B,B,0,0,0,0,2,2,0,unchanged
I01480,Telecom,2021,A,A,0,0,0,0,5,5,0,unchanged
I01481,Energy,2021,B,D,0,0,1,2,2,0,-2,default
I01482,Industrials,2021,BBB,BBB,0,0,0,0,4,4,0,unchanged
I01483,Technology,2021,BB,BB,0,0,0,0,3,3,0,unchanged
I01484,Telecom,2021,BBB,BBB,0,0,0,0,4,4,0,unchanged
I01485,Utilities,2021,B,B,0,0,0,0,2,2,0,unchanged
I01486,Industrials,2021,BB,BB,0,0,0,0,3,3,0,unchanged
I01487,Energy,2021,BBB,BBB,0,0,0,0,4,4,0,unchanged
I01488,Industrials,2021,B,B,0,0,0,0,2,2,0,unchanged
I01490,Energy,2021,BBB,BBB,0,0,0,0,4,4,0,unchanged
I01491,Real_Estate,2021,BBB,BBB,0,0,0,0,4,4,0,unchanged
I01492,Real_Estate,2021,CCC,CCC,0,0,0,0,1,1,0,unchanged
I01494,Financials,2021,BBB,BBB,0,0,0,0,4,4,0,unchanged
I01495,Financials,2021,AA,AA,0,0,0,0,6,6,0,unchanged
I01496,Healthcare,2021,BBB,BBB,0,0,0,0,4,4,0,unchanged
I01497,Healthcare,2021,A,A,0,0,0,0,5,5,0,unchanged
I01498,Real_Estate,2021,BBB,BBB,0,0,0,0,4,4,0,unchanged
I01499,Healthcare,2021,BBB,A,1,0,0,-1,4,5,1,upgrade
I01500,Financials,2021,BBB,BBB,0,0,0,0,4,4,0,unchanged
I01501,Telecom,2021,BBB,A,1,0,0,-1,4,5,1,upgrade
I01502,Retail,2021,BBB,BB,0,1,0,1,4,3,-1,downgrade
I01503,Healthcare,2021,A,A,0,0,0,0,5,5,0,unchanged
I01504,Healthcare,2021,B,B,0,0,0,0,2,2,0,unchanged
I01505,Real_Estate,2021,B,BBB,1,0,0,-2,2,4,2,upgrade
I01506,Financials,2021,BBB,BBB,0,0,0,0,4,4,0,unchanged
I01507,Telecom,2021,A,A,0,0,0,0,5,5,0,unchanged
I01508,Consumer,2021,A,A,0,0,0,0,5,5,0,unchanged
I01509,Financials,2021,A,A,0,0,0,0,5,5,0,unchanged
I01510,Telecom,2021,A,A,0,0,0,0,5,5,0,unchanged
I01512,Utilities,2021,BB,BBB,1,0,0,-1,3,4,1,upgrade
I01513,Telecom,2021,BBB,A,1,0,0,-1,4,5,1,upgrade
I01514,Industrials,2021,BBB,A,1,0,0,-1,4,5,1,upgrade
I01515,Healthcare,2021,BBB,BBB,0,0,0,0,4,4,0,unchanged
I01516,Industrials,2021,A,A,0,0,0,0,5,5,0,unchanged
I01517,Healthcare,2021,BB,BB,0,0,0,0,3,3,0,unchanged
I01518,Energy,2021,B,B,0,0,0,0,2,2,0,unchanged
I01519,Real_Estate,2021,BBB,BBB,0,0,0,0,4,4,0,unchanged
I01521,Technology,2021,A,A,0,0,0,0,5,5,0,unchanged
I01522,Technology,2021,BBB,BBB,0,0,0,0,4,4,0,unchanged
I01523,Industrials,2021,BB,BB,0,0,0,0,3,3,0,unchanged
I01524,Telecom,2021,A,A,0,0,0,0,5,5,0,unchanged
I01525,Utilities,2021,B,B,0,0,0,0,2,2,0,unchanged
I01526,Financials,2021,A,A,0,0,0,0,5,5,0,unchanged
I01527,Real_Estate,2021,BBB,A,1,0,0,-1,4,5,1,upgrade
I01528,Utilities,2021,AA,AA,0,0,0,0,6,6,0,unchanged
I01529,Telecom,2021,BBB,BBB,0,0,0,0,4,4,0,unchanged
I01530,Healthcare,2021,A,A,0,0,0,0,5,5,0,unchanged
I01531,Telecom,2021,B,B,0,0,0,0,2,2,0,unchanged
I01533,Financials,2021,A,A,0,0,0,0,5,5,0,unchanged
I01534,Energy,2021,B,B,0,0,0,0,2,2,0,unchanged
I01535,Utilities,2021,B,B,0,0,0,0,2,2,0,unchanged
I01537,Healthcare,2021,A,A,0,0,0,0,5,5,0,unchanged
I01538,Energy,2021,A,A,0,0,0,0,5,5,0,unchanged
I01539,Consumer,2021,BB,BB,0,0,0,0,3,3,0,unchanged
I01540,Consumer,2021,BBB,BBB,0,0,0,0,4,4,0,unchanged
I01541,Consumer,2021,A,A,0,0,0,0,5,5,0,unchanged
I01542,Financials,2021,BBB,A,1,0,0,-1,4,5,1,upgrade
I01543,Industrials,2021,BB,BB,0,0,0,0,3,3,0,unchanged
I01544,Consumer,2021,CCC,CCC,0,0,0,0,1,1,0,unchanged
I01545,Healthcare,2021,AAA,AA,0,1,0,1,7,6,-1,downgrade
I01547,Utilities,2021,BBB,BBB,0,0,0,0,4,4,0,unchanged
I01548,Industrials,2021,B,B,0,0,0,0,2,2,0,unchanged
I01549,Consumer,2021,BBB,BBB,0,0,0,0,4,4,0,unchanged
I01551,Technology,2021,A,A,0,0,0,0,5,5,0,unchanged
I01552,Financials,2021,AA,AA,0,0,0,0,6,6,0,unchanged
I01553,Telecom,2021,BBB,BBB,0,0,0,0,4,4,0,unchanged
I01556,Healthcare,2021,BBB,BBB,0,0,0,0,4,4,0,unchanged
I01557,Real_Estate,2021,A,BB,0,1,0,2,5,3,-2,downgrade
I01558,Technology,2021,BB,BB,0,0,0,0,3,3,0,unchanged
I01559,Energy,2021,B,B,0,0,0,0,2,2,0,unchanged
I01561,Utilities,2021,B,B,0,0,0,0,2,2,0,unchanged
I01562,Industrials,2021,A,A,0,0,0,0,5,5,0,unchanged
I01563,Technology,2021,BB,BB,0,0,0,0,3,3,0,unchanged
I01564,Real_Estate,2021,B,B,0,0,0,0,2,2,0,unchanged
I01565,Retail,2021,A,A,0,0,0,0,5,5,0,unchanged
I01566,Financials,2021,B,B,0,0,0,0,2,2,0,unchanged
I01567,Energy,2021,BB,BB,0,0,0,0,3,3,0,unchanged
I01568,Technology,2021,BBB,BBB,0,0,0,0,4,4,0,unchanged
I01569,Consumer,2021,AAA,AAA,0,0,0,0,7,7,0,unchanged
I01571,Consumer,2021,BB,BBB,1,0,0,-1,3,4,1,upgrade
I01572,Utilities,2021,A,A,0,0,0,0,5,5,0,unchanged
I01573,Retail,2021,AA,BBB,0,1,0,2,6,4,-2,downgrade
I01575,Utilities,2021,A,A,0,0,0,0,5,5,0,unchanged
I01577,Financials,2021,B,B,0,0,0,0,2,2,0,unchanged
I01578,Industrials,2021,BB,BBB,1,0,0,-1,3,4,1,upgrade
I01579,Industrials,2021,AA,AA,0,0,0,0,6,6,0,unchanged
I01580,Financials,2021,A,A,0,0,0,0,5,5,0,unchanged
I01581,Financials,2021,A,A,0,0,0,0,5,5,0,unchanged
I01582,Utilities,2021,AAA,AAA,0,0,0,0,7,7,0,unchanged
I01583,Industrials,2021,CCC,CCC,0,0,0,0,1,1,0,unchanged
I01584,Technology,2021,BB,BB,0,0,0,0,3,3,0,unchanged
I01586,Utilities,2021,A,A,0,0,0,0,5,5,0,unchanged
I01587,Healthcare,2021,BBB,BBB,0,0,0,0,4,4,0,unchanged
I01588,Real_Estate,2021,CCC,CCC,0,0,0,0,1,1,0,unchanged
I01590,Telecom,2021,A,A,0,0,0,0,5,5,0,unchanged
I01591,Financials,2021,BB,BB,0,0,0,0,3,3,0,unchanged
I01592,Technology,2021,BBB,BBB,0,0,0,0,4,4,0,unchanged
I01593,Utilities,2021,CCC,CCC,0,0,0,0,1,1,0,unchanged
I01594,Real_Estate,2021,B,B,0,0,0,0,2,2,0,unchanged
I01595,Energy,2021,BBB,B,0,1,0,2,4,2,-2,downgrade
I01596,Consumer,2021,A,BB,0,1,0,2,5,3,-2,downgrade
I01597,Retail,2021,A,A,0,0,0,0,5,5,0,unchanged
I01598,Consumer,2021,BBB,BBB,0,0,0,0,4,4,0,unchanged
I01599,Industrials,2021,AA,AA,0,0,0,0,6,6,0,unchanged
I01601,Financials,2021,B,B,0,0,0,0,2,2,0,unchanged
I01602,Healthcare,2021,AAA,AAA,0,0,0,0,7,7,0,unchanged
I01603,Healthcare,2021,AAA,AA,0,1,0,1,7,6,-1,downgrade
I01604,Industrials,2021,BB,BB,0,0,0,0,3,3,0,unchanged
I01605,Energy,2021,A,A,0,0,0,0,5,5,0,unchanged
I01606,Technology,2021,A,A,0,0,0,0,5,5,0,unchanged
I01607,Utilities,2021,A,A,0,0,0,0,5,5,0,unchanged
I01608,Energy,2021,BBB,A,1,0,0,-1,4,5,1,upgrade
I01609,Real_Estate,2021,BB,BB,0,0,0,0,3,3,0,unchanged
I01610,Industrials,2021,BBB,BBB,0,0,0,0,4,4,0,unchanged
I01611,Consumer,2021,CCC,CCC,0,0,0,0,1,1,0,unchanged
I01612,Industrials,2021,B,B,0,0,0,0,2,2,0,unchanged
I01613,Industrials,2021,B,B,0,0,0,0,2,2,0,unchanged
I01614,Technology,2021,B,B,0,0,0,0,2,2,0,unchanged
I01615,Consumer,2021,BBB,BBB,0,0,0,0,4,4,0,unchanged
I01616,Real_Estate,2021,BB,BB,0,0,0,0,3,3,0,unchanged
I01617,Industrials,2021,BB,BBB,1,0,0,-1,3,4,1,upgrade
I01619,Technology,2021,BBB,BBB,0,0,0,0,4,4,0,unchanged
I01620,Healthcare,2021,BBB,BBB,0,0,0,0,4,4,0,unchanged
I01621,Industrials,2021,BBB,BBB,0,0,0,0,4,4,0,unchanged
I01623,Energy,2021,A,A,0,0,0,0,5,5,0,unchanged
I01624,Energy,2021,BBB,BBB,0,0,0,0,4,4,0,unchanged
I01626,Energy,2021,B,B,0,0,0,0,2,2,0,unchanged
I01627,Financials,2021,AA,AA,0,0,0,0,6,6,0,unchanged
I01628,Real_Estate,2021,BB,BBB,1,0,0,-1,3,4,1,upgrade
I01629,Real_Estate,2021,AA,AA,0,0,0,0,6,6,0,unchanged
I01630,Telecom,2021,BBB,BBB,0,0,0,0,4,4,0,unchanged
I01631,Technology,2021,A,A,0,0,0,0,5,5,0,unchanged
I01632,Healthcare,2021,A,A,0,0,0,0,5,5,0,unchanged
I01633,Financials,2021,BB,BB,0,0,0,0,3,3,0,unchanged
I01634,Telecom,2021,A,A,0,0,0,0,5,5,0,unchanged
I01635,Telecom,2021,B,B,0,0,0,0,2,2,0,unchanged
I01636,Technology,2021,BB,BB,0,0,0,0,3,3,0,unchanged
I01637,Financials,2021,BBB,BBB,0,0,0,0,4,4,0,unchanged
I01638,Utilities,2021,BB,BB,0,0,0,0,3,3,0,unchanged
I01639,Energy,2021,BBB,BBB,0,0,0,0,4,4,0,unchanged
I01640,Technology,2021,B,BB,1,0,0,-1,2,3,1,upgrade
I01641,Industrials,2021,BBB,BBB,0,0,0,0,4,4,0,unchanged
I01642,Consumer,2021,BBB,BBB,0,0,0,0,4,4,0,unchanged
I01643,Utilities,2021,B,B,0,0,0,0,2,2,0,unchanged
I01645,Industrials,2021,B,B,0,0,0,0,2,2,0,unchanged
I01646,Healthcare,2021,BB,BB,0,0,0,0,3,3,0,unchanged
I01648,Retail,2021,BB,B,0,1,0,1,3,2,-1,downgrade
I01649,Financials,2021,A,A,0,0,0,0,5,5,0,unchanged
I01650,Technology,2021,BBB,BBB,0,0,0,0,4,4,0,unchanged
I01651,Retail,2021,BB,BB,0,0,0,0,3,3,0,unchanged
I01652,Energy,2021,A,A,0,0,0,0,5,5,0,unchanged
I01653,Industrials,2021,BBB,BBB,0,0,0,0,4,4,0,unchanged
I01654,Retail,2021,B,B,0,0,0,0,2,2,0,unchanged
I01656,Healthcare,2021,BB,BB,0,0,0,0,3,3,0,unchanged
I01657,Retail,2021,BB,BB,0,0,0,0,3,3,0,unchanged
I01658,Energy,2021,B,BB,1,0,0,-1,2,3,1,upgrade
I01659,Technology,2021,A,BBB,0,1,0,1,5,4,-1,downgrade
I01660,Industrials,2021,A,A,0,0,0,0,5,5,0,unchanged
I01661,Utilities,2021,BB,BB,0,0,0,0,3,3,0,unchanged
I01662,Industrials,2021,BB,BBB,1,0,0,-1,3,4,1,upgrade
I01663,Industrials,2021,B,B,0,0,0,0,2,2,0,unchanged
I01664,Telecom,2021,BBB,BBB,0,0,0,0,4,4,0,unchanged
I01665,Retail,2021,BBB,BBB,0,0,0,0,4,4,0,unchanged
I01666,Consumer,2021,BB,BB,0,0,0,0,3,3,0,unchanged
I01667,Healthcare,2021,A,A,0,0,0,0,5,5,0,unchanged
I01669,Real_Estate,2021,BB,BBB,1,0,0,-1,3,4,1,upgrade
I01670,Retail,2021,A,A,0,0,0,0,5,5,0,unchanged
I01672,Consumer,2021,A,A,0,0,0,0,5,5,0,unchanged
I01673,Real_Estate,2021,B,B,0,0,0,0,2,2,0,unchanged
I01674,Utilities,2021,AAA,AAA,0,0,0,0,7,7,0,unchanged
I01675,Retail,2021,BBB,BBB,0,0,0,0,4,4,0,unchanged
I01676,Telecom,2021,AA,AA,0,0,0,0,6,6,0,unchanged
I01677,Utilities,2021,BBB,BBB,0,0,0,0,4,4,0,unchanged
I01678,Real_Estate,2021,AAA,AAA,0,0,0,0,7,7,0,unchanged
I01679,Telecom,2021,BB,BB,0,0,0,0,3,3,0,unchanged
I01680,Financials,2021,BB,BB,0,0,0,0,3,3,0,unchanged
I01681,Healthcare,2021,AA,AA,0,0,0,0,6,6,0,unchanged
I01682,Real_Estate,2021,B,CCC,0,1,0,1,2,1,-1,downgrade
I01683,Technology,2021,A,A,0,0,0,0,5,5,0,unchanged
I01684,Healthcare,2021,BB,B,0,1,0,1,3,2,-1,downgrade
I01685,Telecom,2021,AA,AA,0,0,0,0,6,6,0,unchanged
I01686,Utilities,2021,AA,AA,0,0,0,0,6,6,0,unchanged
I01687,Real_Estate,2021,A,A,0,0,0,0,5,5,0,unchanged
I01688,Energy,2021,A,A,0,0,0,0,5,5,0,unchanged
I01691,Consumer,2021,A,A,0,0,0,0,5,5,0,unchanged
I01692,Energy,2021,BBB,A,1,0,0,-1,4,5,1,upgrade
I01693,Healthcare,2021,A,A,0,0,0,0,5,5,0,unchanged
I01694,Consumer,2021,A,A,0,0,0,0,5,5,0,unchanged
I01695,Financials,2021,BB,BB,0,0,0,0,3,3,0,unchanged
I01696,Technology,2021,BBB,A,1,0,0,-1,4,5,1,upgrade
I01697,Telecom,2021,BBB,BBB,0,0,0,0,4,4,0,unchanged
I01698,Energy,2021,A,A,0,0,0,0,5,5,0,unchanged
I01699,Retail,2021,A,A,0,0,0,0,5,5,0,unchanged
I01700,Industrials,2021,BBB,A,1,0,0,-1,4,5,1,upgrade
I01701,Industrials,2021,A,A,0,0,0,0,5,5,0,unchanged
I01702,Technology,2021,B,B,0,0,0,0,2,2,0,unchanged
I01703,Energy,2021,B,B,0,0,0,0,2,2,0,unchanged
I01704,Industrials,2021,A,A,0,0,0,0,5,5,0,unchanged
I01705,Energy,2021,A,A,0,0,0,0,5,5,0,unchanged
I01706,Consumer,2021,BB,BB,0,0,0,0,3,3,0,unchanged
I01707,Retail,2021,A,A,0,0,0,0,5,5,0,unchanged
I01708,Consumer,2021,B,B,0,0,0,0,2,2,0,unchanged
I01709,Technology,2021,B,B,0,0,0,0,2,2,0,unchanged
I01710,Utilities,2021,BB,BB,0,0,0,0,3,3,0,unchanged
I01712,Utilities,2021,B,B,0,0,0,0,2,2,0,unchanged
I01713,Telecom,2021,A,AA,1,0,0,-1,5,6,1,upgrade
I01714,Financials,2021,BBB,BBB,0,0,0,0,4,4,0,unchanged
I01715,Industrials,2021,BBB,BBB,0,0,0,0,4,4,0,unchanged
I01716,Industrials,2021,A,A,0,0,0,0,5,5,0,unchanged
I01717,Technology,2021,A,A,0,0,0,0,5,5,0,unchanged
I01718,Consumer,2021,B,BB,1,0,0,-1,2,3,1,upgrade
I01719,Healthcare,2021,BBB,BBB,0,0,0,0,4,4,0,unchanged
I01722,Technology,2021,B,B,0,0,0,0,2,2,0,unchanged
I01723,Utilities,2021,B,D,0,0,1,2,2,0,-2,default
I01724,Energy,2021,A,A,0,0,0,0,5,5,0,unchanged
I01725,Energy,2021,CCC,D,0,0,1,1,1,0,-1,default
I01726,Financials,2021,BBB,BBB,0,0,0,0,4,4,0,unchanged
I01727,Industrials,2021,BB,BB,0,0,0,0,3,3,0,unchanged
I01728,Healthcare,2021,AA,A,0,1,0,1,6,5,-1,downgrade
I01729,Financials,2021,BB,BB,0,0,0,0,3,3,0,unchanged
I01730,Technology,2021,BBB,A,1,0,0,-1,4,5,1,upgrade
I01731,Technology,2021,BBB,BBB,0,0,0,0,4,4,0,unchanged
I01732,Industrials,2021,BBB,BBB,0,0,0,0,4,4,0,unchanged
I01733,Energy,2021,BB,BB,0,0,0,0,3,3,0,unchanged
I01734,Consumer,2021,AA,AA,0,0,0,0,6,6,0,unchanged
I01735,Retail,2021,BBB,BBB,0,0,0,0,4,4,0,unchanged
I01736,Utilities,2021,A,A,0,0,0,0,5,5,0,unchanged
I01737,Industrials,2021,A,A,0,0,0,0,5,5,0,unchanged
I01738,Energy,2021,CCC,CCC,0,0,0,0,1,1,0,unchanged
I01739,Healthcare,2021,BBB,BBB,0,0,0,0,4,4,0,unchanged
I01740,Industrials,2021,AA,AA,0,0,0,0,6,6,0,unchanged
I01741,Financials,2021,A,A,0,0,0,0,5,5,0,unchanged
I01743,Utilities,2021,BBB,BBB,0,0,0,0,4,4,0,unchanged
I01744,Technology,2021,BB,B,0,1,0,1,3,2,-1,downgrade
I01746,Telecom,2021,A,A,0,0,0,0,5,5,0,unchanged
I01747,Retail,2021,B,B,0,0,0,0,2,2,0,unchanged
I01748,Telecom,2021,AA,AA,0,0,0,0,6,6,0,unchanged
I01749,Telecom,2021,B,BB,1,0,0,-1,2,3,1,upgrade
I01750,Utilities,2021,AA,A,0,1,0,1,6,5,-1,downgrade
I01751,Utilities,2021,B,B,0,0,0,0,2,2,0,unchanged
I01752,Utilities,2021,B,B,0,0,0,0,2,2,0,unchanged
I01753,Real_Estate,2021,A,A,0,0,0,0,5,5,0,unchanged
I01754,Technology,2021,AA,AA,0,0,0,0,6,6,0,unchanged
I01755,Consumer,2021,BB,B,0,1,0,1,3,2,-1,downgrade
I01757,Financials,2021,A,BBB,0,1,0,1,5,4,-1,downgrade
I01758,Retail,2021,BB,BB,0,0,0,0,3,3,0,unchanged
I01759,Financials,2021,A,A,0,0,0,0,5,5,0,unchanged
I01760,Energy,2021,BBB,BB,0,1,0,1,4,3,-1,downgrade
I01761,Financials,2021,BB,BB,0,0,0,0,3,3,0,unchanged
I01762,Industrials,2021,BBB,BBB,0,0,0,0,4,4,0,unchanged
I01763,Technology,2021,BBB,BBB,0,0,0,0,4,4,0,unchanged
I01764,Retail,2021,A,AA,1,0,0,-1,5,6,1,upgrade
I01765,Utilities,2021,B,B,0,0,0,0,2,2,0,unchanged
I01766,Telecom,2021,AA,AA,0,0,0,0,6,6,0,unchanged
I01767,Telecom,2021,CCC,CCC,0,0,0,0,1,1,0,unchanged
I01768,Financials,2021,A,A,0,0,0,0,5,5,0,unchanged
I01769,Healthcare,2021,B,B,0,0,0,0,2,2,0,unchanged
I01770,Utilities,2021,A,A,0,0,0,0,5,5,0,unchanged
I01771,Real_Estate,2021,A,A,0,0,0,0,5,5,0,unchanged
I01772,Retail,2021,CCC,D,0,0,1,1,1,0,-1,default
I01773,Retail,2021,BBB,BBB,0,0,0,0,4,4,0,unchanged
I01774,Telecom,2021,BB,BB,0,0,0,0,3,3,0,unchanged
I01775,Financials,2021,B,B,0,0,0,0,2,2,0,unchanged
I01776,Retail,2021,A,A,0,0,0,0,5,5,0,unchanged
I01777,Real_Estate,2021,B,B,0,0,0,0,2,2,0,unchanged
I01778,Retail,2021,B,B,0,0,0,0,2,2,0,unchanged
I01779,Utilities,2021,AA,AA,0,0,0,0,6,6,0,unchanged
I01780,Industrials,2021,AA,AA,0,0,0,0,6,6,0,unchanged
I01781,Real_Estate,2021,AA,A,0,1,0,1,6,5,-1,downgrade
I01782,Retail,2021,BB,BB,0,0,0,0,3,3,0,unchanged
I01784,Technology,2021,A,A,0,0,0,0,5,5,0,unchanged
I01785,Healthcare,2021,BBB,BBB,0,0,0,0,4,4,0,unchanged
I01786,Industrials,2021,B,B,0,0,0,0,2,2,0,unchanged
I01787,Healthcare,2021,BB,BB,0,0,0,0,3,3,0,unchanged
I01788,Retail,2021,BBB,BBB,0,0,0,0,4,4,0,unchanged
I01790,Real_Estate,2021,B,B,0,0,0,0,2,2,0,unchanged
I01791,Retail,2021,AA,AA,0,0,0,0,6,6,0,unchanged
I01792,Industrials,2021,BBB,BBB,0,0,0,0,4,4,0,unchanged
I01794,Healthcare,2021,BBB,BBB,0,0,0,0,4,4,0,unchanged
I01796,Telecom,2021,AA,AA,0,0,0,0,6,6,0,unchanged
I01797,Real_Estate,2021,AA,AA,0,0,0,0,6,6,0,unchanged
I01798,Technology,2021,A,A,0,0,0,0,5,5,0,unchanged
I01799,Utilities,2021,AAA,AAA,0,0,0,0,7,7,0,unchanged
I01800,Financials,2021,BBB,BBB,0,0,0,0,4,4,0,unchanged
I01801,Real_Estate,2021,A,A,0,0,0,0,5,5,0,unchanged
I01802,Energy,2021,B,D,0,0,1,2,2,0,-2,default
I01806,Healthcare,2021,A,A,0,0,0,0,5,5,0,unchanged
I01807,Energy,2021,BBB,BBB,0,0,0,0,4,4,0,unchanged
I01808,Utilities,2021,CCC,CCC,0,0,0,0,1,1,0,unchanged
I01809,Consumer,2021,BBB,BBB,0,0,0,0,4,4,0,unchanged
I01811,Telecom,2021,BB,BB,0,0,0,0,3,3,0,unchanged
I01812,Technology,2021,BB,BB,0,0,0,0,3,3,0,unchanged
I01816,Technology,2021,BB,BB,0,0,0,0,3,3,0,unchanged
I01817,Utilities,2021,CCC,B,1,0,0,-1,1,2,1,upgrade
I01818,Technology,2021,BBB,BBB,0,0,0,0,4,4,0,unchanged
I01819,Industrials,2021,BBB,BBB,0,0,0,0,4,4,0,unchanged
I01820,Financials,2021,BBB,BBB,0,0,0,0,4,4,0,unchanged
I01821,Technology,2021,BB,BB,0,0,0,0,3,3,0,unchanged
I01822,Consumer,2021,AA,AA,0,0,0,0,6,6,0,unchanged
I01823,Energy,2021,B,B,0,0,0,0,2,2,0,unchanged
I01824,Industrials,2021,B,B,0,0,0,0,2,2,0,unchanged
I01825,Utilities,2021,CCC,D,0,0,1,1,1,0,-1,default
I01826,Technology,2021,BBB,BBB,0,0,0,0,4,4,0,unchanged
I01827,Healthcare,2021,A,A,0,0,0,0,5,5,0,unchanged
I01828,Consumer,2021,BBB,A,1,0,0,-1,4,5,1,upgrade
I01829,Utilities,2021,BB,BB,0,0,0,0,3,3,0,unchanged
I01830,Industrials,2021,BBB,BBB,0,0,0,0,4,4,0,unchanged
I01831,Financials,2021,BB,B,0,1,0,1,3,2,-1,downgrade
I01833,Utilities,2021,BBB,BBB,0,0,0,0,4,4,0,unchanged
I01834,Energy,2021,BBB,BBB,0,0,0,0,4,4,0,unchanged
I01835,Financials,2021,BBB,BBB,0,0,0,0,4,4,0,unchanged
I01836,Financials,2021,B,B,0,0,0,0,2,2,0,unchanged
I01837,Consumer,2021,A,A,0,0,0,0,5,5,0,unchanged
I01838,Industrials,2021,BB,BB,0,0,0,0,3,3,0,unchanged
I01839,Healthcare,2021,B,BB,1,0,0,-1,2,3,1,upgrade
I01841,Retail,2021,AAA,AAA,0,0,0,0,7,7,0,unchanged
I01842,Retail,2021,AAA,AA,0,1,0,1,7,6,-1,downgrade
I01843,Industrials,2021,B,B,0,0,0,0,2,2,0,unchanged
I01844,Retail,2021,BBB,BBB,0,0,0,0,4,4,0,unchanged
I01845,Telecom,2021,B,B,0,0,0,0,2,2,0,unchanged
I01846,Technology,2021,A,A,0,0,0,0,5,5,0,unchanged
I01847,Healthcare,2021,BB,BBB,1,0,0,-1,3,4,1,upgrade
I01848,Industrials,2021,CCC,CCC,0,0,0,0,1,1,0,unchanged
I01849,Industrials,2021,B,B,0,0,0,0,2,2,0,unchanged
I01850,Financials,2021,B,B,0,0,0,0,2,2,0,unchanged
I01851,Real_Estate,2021,BBB,BBB,0,0,0,0,4,4,0,unchanged
I01852,Utilities,2021,BBB,BBB,0,0,0,0,4,4,0,unchanged
I01853,Utilities,2021,BB,BB,0,0,0,0,3,3,0,unchanged
I01854,Utilities,2021,A,A,0,0,0,0,5,5,0,unchanged
I01855,Consumer,2021,BBB,BBB,0,0,0,0,4,4,0,unchanged
I01856,Consumer,2021,A,BBB,0,1,0,1,5,4,-1,downgrade
I01857,Healthcare,2021,BBB,BBB,0,0,0,0,4,4,0,unchanged
I01858,Industrials,2021,B,B,0,0,0,0,2,2,0,unchanged
I01860,Telecom,2021,A,A,0,0,0,0,5,5,0,unchanged
I01861,Telecom,2021,A,A,0,0,0,0,5,5,0,unchanged
I01862,Utilities,2021,BBB,BBB,0,0,0,0,4,4,0,unchanged
I01863,Telecom,2021,BB,BB,0,0,0,0,3,3,0,unchanged
I01864,Telecom,2021,CCC,CCC,0,0,0,0,1,1,0,unchanged
I01865,Retail,2021,A,A,0,0,0,0,5,5,0,unchanged
I01866,Technology,2021,B,B,0,0,0,0,2,2,0,unchanged
I01867,Telecom,2021,BBB,BBB,0,0,0,0,4,4,0,unchanged
I01868,Industrials,2021,A,A,0,0,0,0,5,5,0,unchanged
I01869,Utilities,2021,BBB,BBB,0,0,0,0,4,4,0,unchanged
I01870,Consumer,2021,AA,AA,0,0,0,0,6,6,0,unchanged
I01871,Technology,2021,AA,AA,0,0,0,0,6,6,0,unchanged
I01872,Industrials,2021,A,A,0,0,0,0,5,5,0,unchanged
I01873,Technology,2021,AA,AA,0,0,0,0,6,6,0,unchanged
I01875,Energy,2021,A,A,0,0,0,0,5,5,0,unchanged
I01876,Energy,2021,BB,BB,0,0,0,0,3,3,0,unchanged
I01877,Telecom,2021,A,A,0,0,0,0,5,5,0,unchanged
I01878,Real_Estate,2021,B,D,0,0,1,2,2,0,-2,default
I01879,Telecom,2021,BB,BB,0,0,0,0,3,3,0,unchanged
I01880,Real_Estate,2021,B,B,0,0,0,0,2,2,0,unchanged
I01882,Industrials,2021,BB,BB,0,0,0,0,3,3,0,unchanged
I01883,Utilities,2021,B,B,0,0,0,0,2,2,0,unchanged
I01884,Retail,2021,BBB,AA,1,0,0,-2,4,6,2,upgrade
I01885,Energy,2021,BBB,BBB,0,0,0,0,4,4,0,unchanged
I01886,Financials,2021,B,B,0,0,0,0,2,2,0,unchanged
I01887,Utilities,2021,BB,B,0,1,0,1,3,2,-1,downgrade
I01888,Financials,2021,BBB,BBB,0,0,0,0,4,4,0,unchanged
I01889,Industrials,2021,BB,B,0,1,0,1,3,2,-1,downgrade
I01890,Industrials,2021,AAA,A,0,1,0,2,7,5,-2,downgrade
I01891,Real_Estate,2021,BBB,A,1,0,0,-1,4,5,1,upgrade
I01892,Utilities,2021,B,B,0,0,0,0,2,2,0,unchanged
I01893,Real_Estate,2021,BB,BB,0,0,0,0,3,3,0,unchanged
I01894,Industrials,2021,BB,BB,0,0,0,0,3,3,0,unchanged
I01895,Consumer,2021,AA,AA,0,0,0,0,6,6,0,unchanged
I01896,Consumer,2021,B,B,0,0,0,0,2,2,0,unchanged
I01897,Financials,2021,B,B,0,0,0,0,2,2,0,unchanged
I01898,Telecom,2021,BBB,BBB,0,0,0,0,4,4,0,unchanged
I01899,Retail,2021,BB,BB,0,0,0,0,3,3,0,unchanged
I01901,Energy,2021,AA,AA,0,0,0,0,6,6,0,unchanged
I01902,Industrials,2021,B,B,0,0,0,0,2,2,0,unchanged
I01903,Utilities,2021,BB,BB,0,0,0,0,3,3,0,unchanged
I01904,Industrials,2021,A,A,0,0,0,0,5,5,0,unchanged
I01905,Telecom,2021,BBB,BBB,0,0,0,0,4,4,0,unchanged
I01906,Healthcare,2021,A,BBB,0,1,0,1,5,4,-1,downgrade
I01907,Technology,2021,B,B,0,0,0,0,2,2,0,unchanged
I01908,Healthcare,2021,AA,AA,0,0,0,0,6,6,0,unchanged
I01909,Retail,2021,BBB,BBB,0,0,0,0,4,4,0,unchanged
I01910,Retail,2021,BB,CCC,0,1,0,2,3,1,-2,downgrade
I01911,Telecom,2021,A,A,0,0,0,0,5,5,0,unchanged
I01913,Real_Estate,2021,BBB,BBB,0,0,0,0,4,4,0,unchanged
I01914,Consumer,2021,B,B,0,0,0,0,2,2,0,unchanged
I01915,Financials,2021,BBB,BBB,0,0,0,0,4,4,0,unchanged
I01916,Real_Estate,2021,B,CCC,0,1,0,1,2,1,-1,downgrade
I01918,Retail,2021,AA,AA,0,0,0,0,6,6,0,unchanged
I01919,Telecom,2021,BB,BB,0,0,0,0,3,3,0,unchanged
I01921,Consumer,2021,BBB,BBB,0,0,0,0,4,4,0,unchanged
I01922,Healthcare,2021,BB,BBB,1,0,0,-1,3,4,1,upgrade
I01923,Healthcare,2021,CCC,CCC,0,0,0,0,1,1,0,unchanged
I01924,Energy,2021,B,BB,1,0,0,-1,2,3,1,upgrade
I01926,Healthcare,2021,A,A,0,0,0,0,5,5,0,unchanged
I01927,Telecom,2021,BBB,BBB,0,0,0,0,4,4,0,unchanged
I01928,Consumer,2021,BB,BB,0,0,0,0,3,3,0,unchanged
I01929,Industrials,2021,BBB,BBB,0,0,0,0,4,4,0,unchanged
I01930,Financials,2021,BB,BB,0,0,0,0,3,3,0,unchanged
I01931,Telecom,2021,BB,BB,0,0,0,0,3,3,0,unchanged
I01932,Consumer,2021,B,D,0,0,1,2,2,0,-2,default
I01933,Real_Estate,2021,B,B,0,0,0,0,2,2,0,unchanged
I01934,Consumer,2021,B,B,0,0,0,0,2,2,0,unchanged
I01935,Industrials,2021,A,A,0,0,0,0,5,5,0,unchanged
I01936,Retail,2021,CCC,B,1,0,0,-1,1,2,1,upgrade
I01938,Energy,2021,B,B,0,0,0,0,2,2,0,unchanged
I01939,Financials,2021,BBB,BBB,0,0,0,0,4,4,0,unchanged
I01940,Technology,2021,B,B,0,0,0,0,2,2,0,unchanged
I01941,Technology,2021,BB,BB,0,0,0,0,3,3,0,unchanged
I01942,Financials,2021,BB,A,1,0,0,-2,3,5,2,upgrade
I01943,Healthcare,2021,AA,AA,0,0,0,0,6,6,0,unchanged
I01944,Financials,2021,BBB,BBB,0,0,0,0,4,4,0,unchanged
I01945,Financials,2021,A,A,0,0,0,0,5,5,0,unchanged
I01948,Financials,2021,BBB,BBB,0,0,0,0,4,4,0,unchanged
I01949,Real_Estate,2021,BBB,BBB,0,0,0,0,4,4,0,unchanged
I01950,Real_Estate,2021,A,A,0,0,0,0,5,5,0,unchanged
I01951,Utilities,2021,B,B,0,0,0,0,2,2,0,unchanged
I01953,Energy,2021,B,B,0,0,0,0,2,2,0,unchanged
I01954,Industrials,2021,AAA,AAA,0,0,0,0,7,7,0,unchanged
I01955,Energy,2021,A,BB,0,1,0,2,5,3,-2,downgrade
I01956,Retail,2021,BBB,BBB,0,0,0,0,4,4,0,unchanged
I01957,Consumer,2021,BB,B,0,1,0,1,3,2,-1,downgrade
I01960,Utilities,2021,B,B,0,0,0,0,2,2,0,unchanged
I01963,Energy,2021,BB,BB,0,0,0,0,3,3,0,unchanged
I01964,Retail,2021,BB,BBB,1,0,0,-1,3,4,1,upgrade
I01965,Consumer,2021,AA,AA,0,0,0,0,6,6,0,unchanged
I01966,Utilities,2021,BBB,A,1,0,0,-1,4,5,1,upgrade
I01967,Industrials,2021,BBB,BBB,0,0,0,0,4,4,0,unchanged
I01968,Healthcare,2021,BBB,BBB,0,0,0,0,4,4,0,unchanged
I01969,Consumer,2021,BBB,BBB,0,0,0,0,4,4,0,unchanged
I01970,Consumer,2021,BBB,A,1,0,0,-1,4,5,1,upgrade
I01971,Retail,2021,A,A,0,0,0,0,5,5,0,unchanged
I01973,Utilities,2021,BBB,BBB,0,0,0,0,4,4,0,unchanged
I01975,Utilities,2021,A,A,0,0,0,0,5,5,0,unchanged
I01976,Technology,2021,BBB,BBB,0,0,0,0,4,4,0,unchanged
I01977,Healthcare,2021,BBB,BBB,0,0,0,0,4,4,0,unchanged
I01978,Telecom,2021,B,B,0,0,0,0,2,2,0,unchanged
I01979,Financials,2021,BBB,BBB,0,0,0,0,4,4,0,unchanged
I01980,Consumer,2021,A,A,0,0,0,0,5,5,0,unchanged
I01981,Retail,2021,AA,AA,0,0,0,0,6,6,0,unchanged
I01983,Technology,2021,BB,B,0,1,0,1,3,2,-1,downgrade
I01984,Industrials,2021,BBB,A,1,0,0,-1,4,5,1,upgrade
I01985,Technology,2021,A,A,0,0,0,0,5,5,0,unchanged
I01986,Consumer,2021,BBB,BBB,0,0,0,0,4,4,0,unchanged
I01987,Retail,2021,B,B,0,0,0,0,2,2,0,unchanged
I01988,Healthcare,2021,BB,B,0,1,0,1,3,2,-1,downgrade
I01989,Industrials,2021,BBB,BBB,0,0,0,0,4,4,0,unchanged
I01990,Financials,2021,BBB,BBB,0,0,0,0,4,4,0,unchanged
I01992,Utilities,2021,A,A,0,0,0,0,5,5,0,unchanged
I01993,Energy,2021,BB,CCC,0,1,0,2,3,1,-2,downgrade
I01994,Real_Estate,2021,B,B,0,0,0,0,2,2,0,unchanged
I01995,Real_Estate,2021,B,B,0,0,0,0,2,2,0,unchanged
I01996,Energy,2021,B,B,0,0,0,0,2,2,0,unchanged
I01997,Utilities,2021,BB,BB,0,0,0,0,3,3,0,unchanged
I01998,Telecom,2021,BB,BB,0,0,0,0,3,3,0,unchanged
I01999,Consumer,2021,BB,BB,0,0,0,0,3,3,0,unchanged
I02000,Financials,2021,AA,AA,0,0,0,0,6,6,0,unchanged
I00001,Consumer,2022,BBB,A,1,0,0,-1,4,5,1,upgrade
I00002,Industrials,2022,BBB,BBB,0,0,0,0,4,4,0,unchanged
I00003,Industrials,2022,BB,B,0,1,0,1,3,2,-1,downgrade
I00004,Industrials,2022,BBB,BBB,0,0,0,0,4,4,0,unchanged
I00005,Real_Estate,2022,A,A,0,0,0,0,5,5,0,unchanged
I00006,Financials,2022,B,B,0,0,0,0,2,2,0,unchanged
I00007,Utilities,2022,A,A,0,0,0,0,5,5,0,unchanged
I00008,Healthcare,2022,BB,BB,0,0,0,0,3,3,0,unchanged
I00009,Consumer,2022,CCC,CCC,0,0,0,0,1,1,0,unchanged
I00010,Real_Estate,2022,CCC,CCC,0,0,0,0,1,1,0,unchanged
I00011,Healthcare,2022,BBB,BBB,0,0,0,0,4,4,0,unchanged
I00012,Retail,2022,BBB,B,0,1,0,2,4,2,-2,downgrade
I00014,Telecom,2022,BB,CCC,0,1,0,2,3,1,-2,downgrade
I00018,Consumer,2022,B,B,0,0,0,0,2,2,0,unchanged
I00019,Utilities,2022,A,A,0,0,0,0,5,5,0,unchanged
I00020,Healthcare,2022,B,B,0,0,0,0,2,2,0,unchanged
I00021,Financials,2022,BB,BB,0,0,0,0,3,3,0,unchanged
I00025,Retail,2022,BBB,BBB,0,0,0,0,4,4,0,unchanged
I00028,Telecom,2022,A,A,0,0,0,0,5,5,0,unchanged
I00029,Energy,2022,BB,BB,0,0,0,0,3,3,0,unchanged
I00030,Utilities,2022,B,B,0,0,0,0,2,2,0,unchanged
I00031,Utilities,2022,AA,AA,0,0,0,0,6,6,0,unchanged
I00032,Healthcare,2022,B,B,0,0,0,0,2,2,0,unchanged
I00033,Energy,2022,BBB,BBB,0,0,0,0,4,4,0,unchanged
I00036,Real_Estate,2022,A,A,0,0,0,0,5,5,0,unchanged
I00037,Retail,2022,BB,BB,0,0,0,0,3,3,0,unchanged
I00038,Telecom,2022,AAA,AA,0,1,0,1,7,6,-1,downgrade
I00039,Energy,2022,BB,BB,0,0,0,0,3,3,0,unchanged
I00040,Utilities,2022,BBB,A,1,0,0,-1,4,5,1,upgrade
I00041,Energy,2022,B,B,0,0,0,0,2,2,0,unchanged
I00042,Financials,2022,BBB,BBB,0,0,0,0,4,4,0,unchanged
I00043,Healthcare,2022,BBB,BBB,0,0,0,0,4,4,0,unchanged
I00044,Telecom,2022,B,B,0,0,0,0,2,2,0,unchanged
I00045,Technology,2022,A,A,0,0,0,0,5,5,0,unchanged
I00046,Energy,2022,B,B,0,0,0,0,2,2,0,unchanged
I00047,Energy,2022,AA,A,0,1,0,1,6,5,-1,downgrade
I00048,Healthcare,2022,BBB,BBB,0,0,0,0,4,4,0,unchanged
I00049,Telecom,2022,A,A,0,0,0,0,5,5,0,unchanged
I00050,Technology,2022,B,B,0,0,0,0,2,2,0,unchanged
I00051,Financials,2022,AAA,AAA,0,0,0,0,7,7,0,unchanged
I00053,Industrials,2022,B,B,0,0,0,0,2,2,0,unchanged
I00054,Industrials,2022,B,B,0,0,0,0,2,2,0,unchanged
I00055,Financials,2022,A,A,0,0,0,0,5,5,0,unchanged
I00056,Industrials,2022,BBB,BBB,0,0,0,0,4,4,0,unchanged
I00057,Utilities,2022,BB,BB,0,0,0,0,3,3,0,unchanged
I00059,Consumer,2022,CCC,CCC,0,0,0,0,1,1,0,unchanged
I00060,Healthcare,2022,A,A,0,0,0,0,5,5,0,unchanged
I00061,Energy,2022,B,B,0,0,0,0,2,2,0,unchanged
I00064,Healthcare,2022,AA,AA,0,0,0,0,6,6,0,unchanged
I00066,Industrials,2022,B,B,0,0,0,0,2,2,0,unchanged
I00067,Consumer,2022,B,B,0,0,0,0,2,2,0,unchanged
I00068,Technology,2022,BBB,BBB,0,0,0,0,4,4,0,unchanged
I00069,Real_Estate,2022,B,B,0,0,0,0,2,2,0,unchanged
I00070,Utilities,2022,BB,B,0,1,0,1,3,2,-1,downgrade
I00071,Real_Estate,2022,BBB,BBB,0,0,0,0,4,4,0,unchanged
I00072,Financials,2022,A,A,0,0,0,0,5,5,0,unchanged
I00073,Energy,2022,BB,BB,0,0,0,0,3,3,0,unchanged
I00075,Retail,2022,BB,BB,0,0,0,0,3,3,0,unchanged
I00076,Energy,2022,BBB,BBB,0,0,0,0,4,4,0,unchanged
I00077,Consumer,2022,B,B,0,0,0,0,2,2,0,unchanged
I00078,Utilities,2022,AA,AA,0,0,0,0,6,6,0,unchanged
I00081,Utilities,2022,B,B,0,0,0,0,2,2,0,unchanged
I00082,Utilities,2022,A,A,0,0,0,0,5,5,0,unchanged
I00083,Industrials,2022,BBB,BBB,0,0,0,0,4,4,0,unchanged
I00084,Retail,2022,B,B,0,0,0,0,2,2,0,unchanged
I00085,Industrials,2022,A,A,0,0,0,0,5,5,0,unchanged
I00086,Consumer,2022,A,BBB,0,1,0,1,5,4,-1,downgrade
I00088,Financials,2022,B,B,0,0,0,0,2,2,0,unchanged
I00090,Utilities,2022,A,A,0,0,0,0,5,5,0,unchanged
I00092,Financials,2022,AA,AA,0,0,0,0,6,6,0,unchanged
I00093,Energy,2022,B,B,0,0,0,0,2,2,0,unchanged
I00094,Retail,2022,AAA,AAA,0,0,0,0,7,7,0,unchanged
I00096,Industrials,2022,AA,AA,0,0,0,0,6,6,0,unchanged
I00097,Retail,2022,B,B,0,0,0,0,2,2,0,unchanged
I00098,Energy,2022,B,B,0,0,0,0,2,2,0,unchanged
I00099,Technology,2022,BB,BB,0,0,0,0,3,3,0,unchanged
I00100,Telecom,2022,BBB,BBB,0,0,0,0,4,4,0,unchanged
I00101,Retail,2022,BBB,A,1,0,0,-1,4,5,1,upgrade
I00102,Utilities,2022,B,B,0,0,0,0,2,2,0,unchanged
I00103,Consumer,2022,AA,AA,0,0,0,0,6,6,0,unchanged
I00104,Consumer,2022,BBB,BBB,0,0,0,0,4,4,0,unchanged
I00105,Healthcare,2022,A,A,0,0,0,0,5,5,0,unchanged
I00106,Financials,2022,A,A,0,0,0,0,5,5,0,unchanged
I00107,Retail,2022,AA,AA,0,0,0,0,6,6,0,unchanged
I00108,Telecom,2022,BB,BB,0,0,0,0,3,3,0,unchanged
I00109,Retail,2022,B,B,0,0,0,0,2,2,0,unchanged
I00110,Utilities,2022,A,A,0,0,0,0,5,5,0,unchanged
I00112,Energy,2022,B,B,0,0,0,0,2,2,0,unchanged
I00113,Technology,2022,BB,BB,0,0,0,0,3,3,0,unchanged
I00114,Telecom,2022,A,A,0,0,0,0,5,5,0,unchanged
I00115,Technology,2022,B,B,0,0,0,0,2,2,0,unchanged
I00116,Real_Estate,2022,B,B,0,0,0,0,2,2,0,unchanged
I00117,Telecom,2022,BB,BB,0,0,0,0,3,3,0,unchanged
I00118,Industrials,2022,CCC,CCC,0,0,0,0,1,1,0,unchanged
I00119,Utilities,2022,A,BBB,0,1,0,1,5,4,-1,downgrade
I00120,Utilities,2022,BBB,A,1,0,0,-1,4,5,1,upgrade
I00121,Industrials,2022,BBB,BBB,0,0,0,0,4,4,0,unchanged
I00122,Telecom,2022,B,B,0,0,0,0,2,2,0,unchanged
I00123,Healthcare,2022,A,A,0,0,0,0,5,5,0,unchanged
I00124,Industrials,2022,BBB,BBB,0,0,0,0,4,4,0,unchanged
I00125,Utilities,2022,BBB,BBB,0,0,0,0,4,4,0,unchanged
I00126,Technology,2022,A,BBB,0,1,0,1,5,4,-1,downgrade
I00127,Utilities,2022,B,B,0,0,0,0,2,2,0,unchanged
I00129,Telecom,2022,BB,BB,0,0,0,0,3,3,0,unchanged
I00130,Consumer,2022,BBB,BB,0,1,0,1,4,3,-1,downgrade
I00131,Real_Estate,2022,B,BB,1,0,0,-1,2,3,1,upgrade
I00132,Retail,2022,B,B,0,0,0,0,2,2,0,unchanged
I00134,Healthcare,2022,BBB,B,0,1,0,2,4,2,-2,downgrade
I00135,Technology,2022,A,A,0,0,0,0,5,5,0,unchanged
I00136,Consumer,2022,B,CCC,0,1,0,1,2,1,-1,downgrade
I00137,Financials,2022,A,AAA,1,0,0,-2,5,7,2,upgrade
I00139,Telecom,2022,BBB,BBB,0,0,0,0,4,4,0,unchanged
I00140,Consumer,2022,AA,AAA,1,0,0,-1,6,7,1,upgrade
I00141,Energy,2022,BBB,BBB,0,0,0,0,4,4,0,unchanged
I00142,Telecom,2022,CCC,CCC,0,0,0,0,1,1,0,unchanged
I00144,Financials,2022,A,A,0,0,0,0,5,5,0,unchanged
I00145,Financials,2022,AA,AA,0,0,0,0,6,6,0,unchanged
I00146,Technology,2022,AA,AA,0,0,0,0,6,6,0,unchanged
I00147,Real_Estate,2022,BBB,BBB,0,0,0,0,4,4,0,unchanged
I00148,Retail,2022,BBB,BBB,0,0,0,0,4,4,0,unchanged
I00149,Financials,2022,B,B,0,0,0,0,2,2,0,unchanged
I00150,Retail,2022,BB,BB,0,0,0,0,3,3,0,unchanged
I00151,Healthcare,2022,B,BB,1,0,0,-1,2,3,1,upgrade
I00152,Energy,2022,BBB,BBB,0,0,0,0,4,4,0,unchanged
I00153,Financials,2022,A,A,0,0,0,0,5,5,0,unchanged
I00154,Energy,2022,B,B,0,0,0,0,2,2,0,unchanged
I00155,Energy,2022,BB,BB,0,0,0,0,3,3,0,unchanged
I00156,Telecom,2022,BBB,BBB,0,0,0,0,4,4,0,unchanged
I00157,Retail,2022,A,A,0,0,0,0,5,5,0,unchanged
I00158,Financials,2022,A,A,0,0,0,0,5,5,0,unchanged
I00159,Consumer,2022,BBB,BBB,0,0,0,0,4,4,0,unchanged
I00160,Consumer,2022,BBB,BBB,0,0,0,0,4,4,0,unchanged
I00161,Technology,2022,BBB,BBB,0,0,0,0,4,4,0,unchanged
I00162,Real_Estate,2022,BB,BB,0,0,0,0,3,3,0,unchanged
I00164,Consumer,2022,BBB,A,1,0,0,-1,4,5,1,upgrade
I00165,Healthcare,2022,B,B,0,0,0,0,2,2,0,unchanged
I00167,Utilities,2022,BBB,BBB,0,0,0,0,4,4,0,unchanged
I00168,Utilities,2022,B,BB,1,0,0,-1,2,3,1,upgrade
I00169,Technology,2022,AA,AA,0,0,0,0,6,6,0,unchanged
I00171,Utilities,2022,A,A,0,0,0,0,5,5,0,unchanged
I00173,Healthcare,2022,B,B,0,0,0,0,2,2,0,unchanged
I00175,Technology,2022,BBB,BBB,0,0,0,0,4,4,0,unchanged
I00176,Consumer,2022,BB,BB,0,0,0,0,3,3,0,unchanged
I00177,Energy,2022,CCC,CCC,0,0,0,0,1,1,0,unchanged
I00178,Telecom,2022,CCC,D,0,0,1,1,1,0,-1,default
I00179,Consumer,2022,AA,AA,0,0,0,0,6,6,0,unchanged
I00182,Consumer,2022,BBB,A,1,0,0,-1,4,5,1,upgrade
I00183,Financials,2022,BB,BB,0,0,0,0,3,3,0,unchanged
I00184,Telecom,2022,B,B,0,0,0,0,2,2,0,unchanged
I00185,Retail,2022,BBB,BBB,0,0,0,0,4,4,0,unchanged
I00186,Energy,2022,BBB,BBB,0,0,0,0,4,4,0,unchanged
I00187,Utilities,2022,AA,AA,0,0,0,0,6,6,0,unchanged
I00188,Telecom,2022,B,B,0,0,0,0,2,2,0,unchanged
I00190,Industrials,2022,B,B,0,0,0,0,2,2,0,unchanged
I00191,Technology,2022,A,BBB,0,1,0,1,5,4,-1,downgrade
I00193,Industrials,2022,B,B,0,0,0,0,2,2,0,unchanged
I00194,Industrials,2022,BB,BB,0,0,0,0,3,3,0,unchanged
I00195,Healthcare,2022,CCC,CCC,0,0,0,0,1,1,0,unchanged
I00196,Financials,2022,BB,D,0,0,1,3,3,0,-3,default
I00197,Industrials,2022,BBB,BBB,0,0,0,0,4,4,0,unchanged
I00198,Healthcare,2022,BB,BB,0,0,0,0,3,3,0,unchanged
I00199,Healthcare,2022,BB,B,0,1,0,1,3,2,-1,downgrade
I00200,Retail,2022,B,BB,1,0,0,-1,2,3,1,upgrade
I00201,Telecom,2022,BB,BB,0,0,0,0,3,3,0,unchanged
I00202,Utilities,2022,BB,BB,0,0,0,0,3,3,0,unchanged
I00203,Financials,2022,A,A,0,0,0,0,5,5,0,unchanged
I00204,Energy,2022,CCC,CCC,0,0,0,0,1,1,0,unchanged
I00206,Industrials,2022,BBB,BBB,0,0,0,0,4,4,0,unchanged
I00207,Retail,2022,BBB,BBB,0,0,0,0,4,4,0,unchanged
I00208,Healthcare,2022,BBB,BBB,0,0,0,0,4,4,0,unchanged
I00210,Telecom,2022,A,A,0,0,0,0,5,5,0,unchanged
I00211,Healthcare,2022,BB,CCC,0,1,0,2,3,1,-2,downgrade
I00213,Retail,2022,AA,AA,0,0,0,0,6,6,0,unchanged
I00214,Energy,2022,A,A,0,0,0,0,5,5,0,unchanged
I00215,Energy,2022,A,A,0,0,0,0,5,5,0,unchanged
I00216,Technology,2022,A,BBB,0,1,0,1,5,4,-1,downgrade
I00217,Consumer,2022,CCC,D,0,0,1,1,1,0,-1,default
I00218,Telecom,2022,BBB,B,0,1,0,2,4,2,-2,downgrade
I00219,Telecom,2022,A,A,0,0,0,0,5,5,0,unchanged
I00220,Utilities,2022,BB,BB,0,0,0,0,3,3,0,unchanged
I00224,Financials,2022,AA,AA,0,0,0,0,6,6,0,unchanged
I00225,Financials,2022,A,A,0,0,0,0,5,5,0,unchanged
I00227,Technology,2022,BB,B,0,1,0,1,3,2,-1,downgrade
I00229,Telecom,2022,B,B,0,0,0,0,2,2,0,unchanged
I00230,Industrials,2022,A,A,0,0,0,0,5,5,0,unchanged
I00231,Retail,2022,AA,AA,0,0,0,0,6,6,0,unchanged
I00233,Healthcare,2022,B,B,0,0,0,0,2,2,0,unchanged
I00234,Real_Estate,2022,A,A,0,0,0,0,5,5,0,unchanged
I00235,Healthcare,2022,BBB,BBB,0,0,0,0,4,4,0,unchanged
I00236,Healthcare,2022,A,A,0,0,0,0,5,5,0,unchanged
I00237,Financials,2022,AA,AA,0,0,0,0,6,6,0,unchanged
I00238,Healthcare,2022,CCC,D,0,0,1,1,1,0,-1,default
I00239,Industrials,2022,BBB,BBB,0,0,0,0,4,4,0,unchanged
I00240,Real_Estate,2022,A,A,0,0,0,0,5,5,0,unchanged
I00241,Healthcare,2022,A,A,0,0,0,0,5,5,0,unchanged
I00242,Telecom,2022,BBB,BBB,0,0,0,0,4,4,0,unchanged
I00243,Telecom,2022,B,B,0,0,0,0,2,2,0,unchanged
I00244,Real_Estate,2022,B,B,0,0,0,0,2,2,0,unchanged
I00245,Telecom,2022,BBB,BBB,0,0,0,0,4,4,0,unchanged
I00246,Technology,2022,BBB,BBB,0,0,0,0,4,4,0,unchanged
I00247,Industrials,2022,BB,BB,0,0,0,0,3,3,0,unchanged
I00248,Telecom,2022,BBB,BBB,0,0,0,0,4,4,0,unchanged
I00250,Industrials,2022,AA,AA,0,0,0,0,6,6,0,unchanged
I00251,Consumer,2022,A,A,0,0,0,0,5,5,0,unchanged
I00252,Utilities,2022,AA,A,0,1,0,1,6,5,-1,downgrade
I00253,Telecom,2022,AA,AA,0,0,0,0,6,6,0,unchanged
I00254,Real_Estate,2022,BB,BB,0,0,0,0,3,3,0,unchanged
I00256,Telecom,2022,B,BB,1,0,0,-1,2,3,1,upgrade
I00257,Utilities,2022,BBB,BBB,0,0,0,0,4,4,0,unchanged
I00258,Real_Estate,2022,A,A,0,0,0,0,5,5,0,unchanged
I00259,Telecom,2022,B,B,0,0,0,0,2,2,0,unchanged
I00260,Healthcare,2022,BB,BB,0,0,0,0,3,3,0,unchanged
I00261,Utilities,2022,A,A,0,0,0,0,5,5,0,unchanged
I00262,Technology,2022,AAA,AAA,0,0,0,0,7,7,0,unchanged
I00263,Energy,2022,A,A,0,0,0,0,5,5,0,unchanged
I00264,Telecom,2022,BBB,BB,0,1,0,1,4,3,-1,downgrade
I00265,Real_Estate,2022,BBB,BBB,0,0,0,0,4,4,0,unchanged
I00267,Healthcare,2022,A,A,0,0,0,0,5,5,0,unchanged
I00268,Telecom,2022,AA,A,0,1,0,1,6,5,-1,downgrade
I00270,Utilities,2022,BB,BB,0,0,0,0,3,3,0,unchanged
I00271,Retail,2022,BB,BB,0,0,0,0,3,3,0,unchanged
I00272,Consumer,2022,B,B,0,0,0,0,2,2,0,unchanged
I00273,Energy,2022,BBB,A,1,0,0,-1,4,5,1,upgrade
I00274,Consumer,2022,B,B,0,0,0,0,2,2,0,unchanged
I00275,Financials,2022,BB,BB,0,0,0,0,3,3,0,unchanged
I00276,Financials,2022,B,B,0,0,0,0,2,2,0,unchanged
I00277,Retail,2022,CCC,CCC,0,0,0,0,1,1,0,unchanged
I00278,Retail,2022,CCC,D,0,0,1,1,1,0,-1,default
I00279,Financials,2022,BB,BB,0,0,0,0,3,3,0,unchanged
I00280,Utilities,2022,AA,AA,0,0,0,0,6,6,0,unchanged
I00281,Utilities,2022,AAA,AAA,0,0,0,0,7,7,0,unchanged
I00283,Healthcare,2022,AA,AA,0,0,0,0,6,6,0,unchanged
I00284,Healthcare,2022,B,B,0,0,0,0,2,2,0,unchanged
I00285,Energy,2022,BB,BB,0,0,0,0,3,3,0,unchanged
I00287,Energy,2022,BBB,BBB,0,0,0,0,4,4,0,unchanged
I00288,Technology,2022,BBB,BBB,0,0,0,0,4,4,0,unchanged
I00289,Industrials,2022,B,D,0,0,1,2,2,0,-2,default
I00290,Retail,2022,BBB,BBB,0,0,0,0,4,4,0,unchanged
I00291,Energy,2022,BBB,BBB,0,0,0,0,4,4,0,unchanged
I00292,Energy,2022,A,A,0,0,0,0,5,5,0,unchanged
I00293,Industrials,2022,A,A,0,0,0,0,5,5,0,unchanged
I00294,Financials,2022,BBB,BBB,0,0,0,0,4,4,0,unchanged
I00295,Financials,2022,BBB,BBB,0,0,0,0,4,4,0,unchanged
I00297,Telecom,2022,BB,BB,0,0,0,0,3,3,0,unchanged
I00298,Utilities,2022,BBB,BBB,0,0,0,0,4,4,0,unchanged
I00300,Real_Estate,2022,BB,BB,0,0,0,0,3,3,0,unchanged
I00301,Healthcare,2022,A,A,0,0,0,0,5,5,0,unchanged
I00302,Utilities,2022,BBB,BB,0,1,0,1,4,3,-1,downgrade
I00303,Financials,2022,A,AA,1,0,0,-1,5,6,1,upgrade
I00304,Financials,2022,BBB,BBB,0,0,0,0,4,4,0,unchanged
I00306,Telecom,2022,CCC,D,0,0,1,1,1,0,-1,default
I00308,Real_Estate,2022,B,B,0,0,0,0,2,2,0,unchanged
I00309,Energy,2022,A,A,0,0,0,0,5,5,0,unchanged
I00310,Healthcare,2022,A,AA,1,0,0,-1,5,6,1,upgrade
I00311,Real_Estate,2022,CCC,CCC,0,0,0,0,1,1,0,unchanged
I00312,Technology,2022,BBB,BBB,0,0,0,0,4,4,0,unchanged
I00313,Consumer,2022,A,A,0,0,0,0,5,5,0,unchanged
I00314,Industrials,2022,AA,AA,0,0,0,0,6,6,0,unchanged
I00315,Industrials,2022,BB,BB,0,0,0,0,3,3,0,unchanged
I00316,Technology,2022,A,A,0,0,0,0,5,5,0,unchanged
I00318,Energy,2022,BB,BB,0,0,0,0,3,3,0,unchanged
I00319,Financials,2022,A,A,0,0,0,0,5,5,0,unchanged
I00320,Consumer,2022,A,BBB,0,1,0,1,5,4,-1,downgrade
I00321,Healthcare,2022,A,A,0,0,0,0,5,5,0,unchanged
I00322,Technology,2022,BB,BB,0,0,0,0,3,3,0,unchanged
I00324,Financials,2022,B,B,0,0,0,0,2,2,0,unchanged
I00325,Retail,2022,A,A,0,0,0,0,5,5,0,unchanged
I00326,Telecom,2022,BBB,BBB,0,0,0,0,4,4,0,unchanged
I00327,Utilities,2022,BBB,BBB,0,0,0,0,4,4,0,unchanged
I00328,Real_Estate,2022,BB,BB,0,0,0,0,3,3,0,unchanged
I00329,Technology,2022,AA,AA,0,0,0,0,6,6,0,unchanged
I00330,Industrials,2022,B,D,0,0,1,2,2,0,-2,default
I00332,Telecom,2022,BB,BB,0,0,0,0,3,3,0,unchanged
I00333,Consumer,2022,BB,BB,0,0,0,0,3,3,0,unchanged
I00334,Utilities,2022,A,A,0,0,0,0,5,5,0,unchanged
I00335,Utilities,2022,BBB,BBB,0,0,0,0,4,4,0,unchanged
I00336,Utilities,2022,B,B,0,0,0,0,2,2,0,unchanged
I00337,Financials,2022,AA,AA,0,0,0,0,6,6,0,unchanged
I00338,Financials,2022,BBB,BBB,0,0,0,0,4,4,0,unchanged
I00339,Retail,2022,B,B,0,0,0,0,2,2,0,unchanged
I00340,Real_Estate,2022,BB,BB,0,0,0,0,3,3,0,unchanged
I00341,Financials,2022,A,A,0,0,0,0,5,5,0,unchanged
I00342,Technology,2022,BBB,BBB,0,0,0,0,4,4,0,unchanged
I00343,Consumer,2022,BB,BB,0,0,0,0,3,3,0,unchanged
I00344,Energy,2022,AAA,AAA,0,0,0,0,7,7,0,unchanged
I00345,Utilities,2022,BB,BB,0,0,0,0,3,3,0,unchanged
I00346,Industrials,2022,B,B,0,0,0,0,2,2,0,unchanged
I00347,Financials,2022,B,B,0,0,0,0,2,2,0,unchanged
I00348,Retail,2022,BBB,BBB,0,0,0,0,4,4,0,unchanged
I00350,Healthcare,2022,B,B,0,0,0,0,2,2,0,unchanged
I00351,Technology,2022,AA,AA,0,0,0,0,6,6,0,unchanged
I00352,Utilities,2022,A,A,0,0,0,0,5,5,0,unchanged
I00353,Retail,2022,B,B,0,0,0,0,2,2,0,unchanged
I00354,Healthcare,2022,AAA,AAA,0,0,0,0,7,7,0,unchanged
I00355,Healthcare,2022,B,B,0,0,0,0,2,2,0,unchanged
I00356,Healthcare,2022,AA,AA,0,0,0,0,6,6,0,unchanged
I00357,Industrials,2022,BBB,BBB,0,0,0,0,4,4,0,unchanged
I00359,Consumer,2022,BB,BB,0,0,0,0,3,3,0,unchanged
I00360,Real_Estate,2022,BB,BB,0,0,0,0,3,3,0,unchanged
I00361,Healthcare,2022,CCC,B,1,0,0,-1,1,2,1,upgrade
I00362,Industrials,2022,BB,BB,0,0,0,0,3,3,0,unchanged
I00363,Energy,2022,BBB,BBB,0,0,0,0,4,4,0,unchanged
I00366,Energy,2022,B,B,0,0,0,0,2,2,0,unchanged
I00367,Utilities,2022,BBB,BBB,0,0,0,0,4,4,0,unchanged
I00369,Healthcare,2022,BB,BB,0,0,0,0,3,3,0,unchanged
I00370,Utilities,2022,BBB,BBB,0,0,0,0,4,4,0,unchanged
I00371,Technology,2022,BB,CCC,0,1,0,2,3,1,-2,downgrade
I00373,Energy,2022,BB,BB,0,0,0,0,3,3,0,unchanged
I00374,Utilities,2022,CCC,CCC,0,0,0,0,1,1,0,unchanged
I00375,Retail,2022,A,A,0,0,0,0,5,5,0,unchanged
I00376,Industrials,2022,BB,BB,0,0,0,0,3,3,0,unchanged
I00377,Energy,2022,A,A,0,0,0,0,5,5,0,unchanged
I00378,Technology,2022,B,B,0,0,0,0,2,2,0,unchanged
I00379,Healthcare,2022,AA,AA,0,0,0,0,6,6,0,unchanged
I00380,Financials,2022,A,A,0,0,0,0,5,5,0,unchanged
I00381,Telecom,2022,A,A,0,0,0,0,5,5,0,unchanged
I00382,Energy,2022,BB,BB,0,0,0,0,3,3,0,unchanged
I00383,Financials,2022,B,B,0,0,0,0,2,2,0,unchanged
I00384,Healthcare,2022,CCC,CCC,0,0,0,0,1,1,0,unchanged
I00385,Industrials,2022,AA,AA,0,0,0,0,6,6,0,unchanged
I00387,Financials,2022,BBB,BBB,0,0,0,0,4,4,0,unchanged
I00388,Retail,2022,B,B,0,0,0,0,2,2,0,unchanged
I00389,Healthcare,2022,B,BB,1,0,0,-1,2,3,1,upgrade
I00390,Consumer,2022,BBB,BBB,0,0,0,0,4,4,0,unchanged
I00391,Technology,2022,A,A,0,0,0,0,5,5,0,unchanged
I00392,Healthcare,2022,BB,BB,0,0,0,0,3,3,0,unchanged
I00393,Industrials,2022,B,B,0,0,0,0,2,2,0,unchanged
I00394,Technology,2022,BBB,A,1,0,0,-1,4,5,1,upgrade
I00395,Healthcare,2022,BB,BB,0,0,0,0,3,3,0,unchanged
I00396,Industrials,2022,BBB,A,1,0,0,-1,4,5,1,upgrade
I00397,Energy,2022,AA,AA,0,0,0,0,6,6,0,unchanged
I00398,Retail,2022,AA,AA,0,0,0,0,6,6,0,unchanged
I00399,Technology,2022,BBB,BBB,0,0,0,0,4,4,0,unchanged
I00400,Industrials,2022,BBB,BBB,0,0,0,0,4,4,0,unchanged
I00401,Utilities,2022,B,B,0,0,0,0,2,2,0,unchanged
I00403,Energy,2022,B,B,0,0,0,0,2,2,0,unchanged
I00404,Industrials,2022,B,B,0,0,0,0,2,2,0,unchanged
I00405,Retail,2022,B,B,0,0,0,0,2,2,0,unchanged
I00406,Financials,2022,B,B,0,0,0,0,2,2,0,unchanged
I00407,Energy,2022,A,A,0,0,0,0,5,5,0,unchanged
I00408,Financials,2022,A,A,0,0,0,0,5,5,0,unchanged
I00409,Technology,2022,A,A,0,0,0,0,5,5,0,unchanged
I00410,Energy,2022,CCC,CCC,0,0,0,0,1,1,0,unchanged
I00411,Retail,2022,BB,BB,0,0,0,0,3,3,0,unchanged
I00412,Industrials,2022,A,A,0,0,0,0,5,5,0,unchanged
I00414,Real_Estate,2022,BB,BB,0,0,0,0,3,3,0,unchanged
I00416,Energy,2022,BBB,BBB,0,0,0,0,4,4,0,unchanged
I00419,Industrials,2022,A,A,0,0,0,0,5,5,0,unchanged
I00420,Telecom,2022,BBB,BBB,0,0,0,0,4,4,0,unchanged
I00421,Retail,2022,A,A,0,0,0,0,5,5,0,unchanged
I00422,Healthcare,2022,B,B,0,0,0,0,2,2,0,unchanged
I00424,Telecom,2022,A,A,0,0,0,0,5,5,0,unchanged
I00425,Healthcare,2022,BB,BB,0,0,0,0,3,3,0,unchanged
I00426,Telecom,2022,BB,BB,0,0,0,0,3,3,0,unchanged
I00427,Financials,2022,BB,BB,0,0,0,0,3,3,0,unchanged
I00428,Retail,2022,AA,AA,0,0,0,0,6,6,0,unchanged
I00429,Industrials,2022,A,A,0,0,0,0,5,5,0,unchanged
I00430,Financials,2022,A,A,0,0,0,0,5,5,0,unchanged
I00432,Financials,2022,B,B,0,0,0,0,2,2,0,unchanged
I00433,Real_Estate,2022,BB,BB,0,0,0,0,3,3,0,unchanged
I00434,Consumer,2022,B,B,0,0,0,0,2,2,0,unchanged
I00435,Retail,2022,B,B,0,0,0,0,2,2,0,unchanged
I00440,Energy,2022,AA,AA,0,0,0,0,6,6,0,unchanged
I00441,Industrials,2022,BBB,BBB,0,0,0,0,4,4,0,unchanged
I00442,Consumer,2022,BBB,BBB,0,0,0,0,4,4,0,unchanged
I00443,Retail,2022,B,BB,1,0,0,-1,2,3,1,upgrade
I00444,Financials,2022,BBB,BBB,0,0,0,0,4,4,0,unchanged
I00445,Industrials,2022,A,A,0,0,0,0,5,5,0,unchanged
I00447,Retail,2022,BBB,BBB,0,0,0,0,4,4,0,unchanged
I00448,Energy,2022,B,D,0,0,1,2,2,0,-2,default
I00450,Healthcare,2022,BB,BB,0,0,0,0,3,3,0,unchanged
I00451,Energy,2022,AAA,AAA,0,0,0,0,7,7,0,unchanged
I00453,Energy,2022,BBB,BBB,0,0,0,0,4,4,0,unchanged
I00454,Financials,2022,BB,BB,0,0,0,0,3,3,0,unchanged
I00455,Financials,2022,BB,BB,0,0,0,0,3,3,0,unchanged
I00458,Telecom,2022,BBB,BBB,0,0,0,0,4,4,0,unchanged
I00460,Telecom,2022,AAA,AAA,0,0,0,0,7,7,0,unchanged
I00461,Energy,2022,BBB,A,1,0,0,-1,4,5,1,upgrade
I00462,Real_Estate,2022,A,A,0,0,0,0,5,5,0,unchanged
I00463,Financials,2022,A,A,0,0,0,0,5,5,0,unchanged
I00464,Healthcare,2022,A,A,0,0,0,0,5,5,0,unchanged
I00465,Energy,2022,AAA,AAA,0,0,0,0,7,7,0,unchanged
I00466,Energy,2022,A,A,0,0,0,0,5,5,0,unchanged
I00467,Financials,2022,A,A,0,0,0,0,5,5,0,unchanged
I00468,Technology,2022,A,A,0,0,0,0,5,5,0,unchanged
I00469,Real_Estate,2022,AA,AA,0,0,0,0,6,6,0,unchanged
I00470,Financials,2022,BBB,BBB,0,0,0,0,4,4,0,unchanged
I00471,Energy,2022,B,CCC,0,1,0,1,2,1,-1,downgrade
I00472,Retail,2022,BB,BB,0,0,0,0,3,3,0,unchanged
I00474,Technology,2022,B,B,0,0,0,0,2,2,0,unchanged
I00475,Telecom,2022,BBB,BBB,0,0,0,0,4,4,0,unchanged
I00476,Utilities,2022,BBB,BB,0,1,0,1,4,3,-1,downgrade
I00477,Technology,2022,A,A,0,0,0,0,5,5,0,unchanged
I00478,Healthcare,2022,BB,BB,0,0,0,0,3,3,0,unchanged
I00479,Consumer,2022,BBB,BBB,0,0,0,0,4,4,0,unchanged
I00480,Industrials,2022,CCC,CCC,0,0,0,0,1,1,0,unchanged
I00482,Telecom,2022,BBB,BBB,0,0,0,0,4,4,0,unchanged
I00483,Utilities,2022,CCC,D,0,0,1,1,1,0,-1,default
I00484,Real_Estate,2022,AA,AA,0,0,0,0,6,6,0,unchanged
I00485,Consumer,2022,BB,BB,0,0,0,0,3,3,0,unchanged
I00486,Utilities,2022,BB,BB,0,0,0,0,3,3,0,unchanged
I00487,Consumer,2022,BBB,BBB,0,0,0,0,4,4,0,unchanged
I00488,Utilities,2022,BBB,BBB,0,0,0,0,4,4,0,unchanged
I00489,Industrials,2022,BB,BB,0,0,0,0,3,3,0,unchanged
I00490,Utilities,2022,BBB,BBB,0,0,0,0,4,4,0,unchanged
I00491,Utilities,2022,BB,BB,0,0,0,0,3,3,0,unchanged
I00492,Financials,2022,BB,BB,0,0,0,0,3,3,0,unchanged
I00493,Industrials,2022,BB,BB,0,0,0,0,3,3,0,unchanged
I00494,Utilities,2022,BB,BB,0,0,0,0,3,3,0,unchanged
I00495,Financials,2022,AA,AA,0,0,0,0,6,6,0,unchanged
I00496,Energy,2022,BBB,BBB,0,0,0,0,4,4,0,unchanged
I00498,Utilities,2022,BB,BB,0,0,0,0,3,3,0,unchanged
I00502,Consumer,2022,A,A,0,0,0,0,5,5,0,unchanged
I00503,Telecom,2022,BBB,BBB,0,0,0,0,4,4,0,unchanged
I00504,Retail,2022,BB,BB,0,0,0,0,3,3,0,unchanged
I00505,Financials,2022,B,B,0,0,0,0,2,2,0,unchanged
I00506,Utilities,2022,BB,BBB,1,0,0,-1,3,4,1,upgrade
I00507,Real_Estate,2022,BB,B,0,1,0,1,3,2,-1,downgrade
I00508,Industrials,2022,BBB,BBB,0,0,0,0,4,4,0,unchanged
I00509,Real_Estate,2022,BB,BB,0,0,0,0,3,3,0,unchanged
I00510,Consumer,2022,BB,BB,0,0,0,0,3,3,0,unchanged
I00511,Consumer,2022,BB,D,0,0,1,3,3,0,-3,default
I00512,Financials,2022,B,B,0,0,0,0,2,2,0,unchanged
I00513,Financials,2022,AA,AA,0,0,0,0,6,6,0,unchanged
I00514,Technology,2022,B,B,0,0,0,0,2,2,0,unchanged
I00515,Retail,2022,B,B,0,0,0,0,2,2,0,unchanged
I00517,Retail,2022,A,A,0,0,0,0,5,5,0,unchanged
I00518,Industrials,2022,A,A,0,0,0,0,5,5,0,unchanged
I00519,Telecom,2022,A,A,0,0,0,0,5,5,0,unchanged
I00520,Telecom,2022,BBB,BBB,0,0,0,0,4,4,0,unchanged
I00521,Telecom,2022,B,B,0,0,0,0,2,2,0,unchanged
I00522,Utilities,2022,A,A,0,0,0,0,5,5,0,unchanged
I00523,Utilities,2022,BBB,BBB,0,0,0,0,4,4,0,unchanged
I00525,Industrials,2022,CCC,CCC,0,0,0,0,1,1,0,unchanged
I00526,Utilities,2022,B,CCC,0,1,0,1,2,1,-1,downgrade
I00527,Real_Estate,2022,BB,BB,0,0,0,0,3,3,0,unchanged
I00528,Real_Estate,2022,A,A,0,0,0,0,5,5,0,unchanged
I00529,Telecom,2022,B,B,0,0,0,0,2,2,0,unchanged
I00531,Technology,2022,AA,AA,0,0,0,0,6,6,0,unchanged
I00532,Consumer,2022,A,A,0,0,0,0,5,5,0,unchanged
I00533,Financials,2022,B,B,0,0,0,0,2,2,0,unchanged
I00534,Utilities,2022,BBB,BBB,0,0,0,0,4,4,0,unchanged
I00535,Healthcare,2022,A,A,0,0,0,0,5,5,0,unchanged
I00536,Financials,2022,BBB,BBB,0,0,0,0,4,4,0,unchanged
I00538,Retail,2022,B,B,0,0,0,0,2,2,0,unchanged
I00539,Telecom,2022,BB,BB,0,0,0,0,3,3,0,unchanged
I00540,Retail,2022,AA,AA,0,0,0,0,6,6,0,unchanged
I00542,Financials,2022,AA,AA,0,0,0,0,6,6,0,unchanged
I00543,Energy,2022,BB,BB,0,0,0,0,3,3,0,unchanged
I00545,Utilities,2022,BBB,BBB,0,0,0,0,4,4,0,unchanged
I00547,Real_Estate,2022,A,A,0,0,0,0,5,5,0,unchanged
I00548,Real_Estate,2022,AAA,AAA,0,0,0,0,7,7,0,unchanged
I00549,Financials,2022,BBB,BB,0,1,0,1,4,3,-1,downgrade
I00550,Consumer,2022,A,A,0,0,0,0,5,5,0,unchanged
I00551,Real_Estate,2022,BBB,BB,0,1,0,1,4,3,-1,downgrade
I00552,Retail,2022,CCC,D,0,0,1,1,1,0,-1,default
I00553,Healthcare,2022,AA,AA,0,0,0,0,6,6,0,unchanged
I00554,Consumer,2022,B,B,0,0,0,0,2,2,0,unchanged
I00556,Consumer,2022,BBB,BB,0,1,0,1,4,3,-1,downgrade
I00557,Financials,2022,A,A,0,0,0,0,5,5,0,unchanged
I00558,Real_Estate,2022,B,D,0,0,1,2,2,0,-2,default
I00559,Telecom,2022,BBB,BBB,0,0,0,0,4,4,0,unchanged
I00560,Consumer,2022,A,A,0,0,0,0,5,5,0,unchanged
I00561,Financials,2022,A,A,0,0,0,0,5,5,0,unchanged
I00562,Financials,2022,B,B,0,0,0,0,2,2,0,unchanged
I00563,Telecom,2022,B,B,0,0,0,0,2,2,0,unchanged
I00564,Telecom,2022,BBB,BBB,0,0,0,0,4,4,0,unchanged
I00565,Technology,2022,BB,BB,0,0,0,0,3,3,0,unchanged
I00566,Healthcare,2022,A,A,0,0,0,0,5,5,0,unchanged
I00567,Industrials,2022,BB,BB,0,0,0,0,3,3,0,unchanged
I00568,Consumer,2022,BBB,A,1,0,0,-1,4,5,1,upgrade
I00569,Healthcare,2022,AA,AA,0,0,0,0,6,6,0,unchanged
I00571,Real_Estate,2022,A,A,0,0,0,0,5,5,0,unchanged
I00572,Energy,2022,BBB,BBB,0,0,0,0,4,4,0,unchanged
I00573,Industrials,2022,A,A,0,0,0,0,5,5,0,unchanged
I00574,Industrials,2022,BBB,BBB,0,0,0,0,4,4,0,unchanged
I00575,Retail,2022,BB,BB,0,0,0,0,3,3,0,unchanged
I00576,Industrials,2022,B,B,0,0,0,0,2,2,0,unchanged
I00577,Industrials,2022,BB,B,0,1,0,1,3,2,-1,downgrade
I00578,Industrials,2022,A,A,0,0,0,0,5,5,0,unchanged
I00579,Energy,2022,A,A,0,0,0,0,5,5,0,unchanged
I00580,Industrials,2022,A,A,0,0,0,0,5,5,0,unchanged
I00581,Retail,2022,B,B,0,0,0,0,2,2,0,unchanged
I00582,Healthcare,2022,BBB,BBB,0,0,0,0,4,4,0,unchanged
I00583,Financials,2022,B,B,0,0,0,0,2,2,0,unchanged
I00584,Retail,2022,A,BBB,0,1,0,1,5,4,-1,downgrade
I00585,Utilities,2022,BBB,A,1,0,0,-1,4,5,1,upgrade
I00586,Healthcare,2022,AA,AA,0,0,0,0,6,6,0,unchanged
I00587,Consumer,2022,B,B,0,0,0,0,2,2,0,unchanged
I00588,Financials,2022,A,A,0,0,0,0,5,5,0,unchanged
I00589,Technology,2022,BB,BB,0,0,0,0,3,3,0,unchanged
I00590,Healthcare,2022,AA,AA,0,0,0,0,6,6,0,unchanged
I00591,Real_Estate,2022,AAA,AAA,0,0,0,0,7,7,0,unchanged
I00592,Healthcare,2022,AA,AA,0,0,0,0,6,6,0,unchanged
I00593,Energy,2022,A,A,0,0,0,0,5,5,0,unchanged
I00594,Healthcare,2022,BBB,BBB,0,0,0,0,4,4,0,unchanged
I00595,Utilities,2022,BB,BB,0,0,0,0,3,3,0,unchanged
I00596,Real_Estate,2022,A,A,0,0,0,0,5,5,0,unchanged
I00597,Utilities,2022,A,A,0,0,0,0,5,5,0,unchanged
I00598,Healthcare,2022,A,A,0,0,0,0,5,5,0,unchanged
I00599,Healthcare,2022,A,A,0,0,0,0,5,5,0,unchanged
I00600,Energy,2022,BBB,BBB,0,0,0,0,4,4,0,unchanged
I00601,Utilities,2022,BBB,BBB,0,0,0,0,4,4,0,unchanged
I00602,Consumer,2022,AA,AA,0,0,0,0,6,6,0,unchanged
I00603,Financials,2022,A,A,0,0,0,0,5,5,0,unchanged
I00605,Telecom,2022,A,A,0,0,0,0,5,5,0,unchanged
I00606,Real_Estate,2022,B,B,0,0,0,0,2,2,0,unchanged
I00607,Retail,2022,B,B,0,0,0,0,2,2,0,unchanged
I00608,Industrials,2022,BBB,BBB,0,0,0,0,4,4,0,unchanged
I00609,Utilities,2022,AAA,AAA,0,0,0,0,7,7,0,unchanged
I00610,Utilities,2022,A,BBB,0,1,0,1,5,4,-1,downgrade
I00611,Consumer,2022,B,B,0,0,0,0,2,2,0,unchanged
I00612,Technology,2022,A,A,0,0,0,0,5,5,0,unchanged
I00613,Technology,2022,BB,BB,0,0,0,0,3,3,0,unchanged
I00614,Industrials,2022,BB,B,0,1,0,1,3,2,-1,downgrade
I00616,Telecom,2022,A,BBB,0,1,0,1,5,4,-1,downgrade
I00618,Retail,2022,B,B,0,0,0,0,2,2,0,unchanged
I00619,Utilities,2022,A,A,0,0,0,0,5,5,0,unchanged
I00620,Healthcare,2022,AA,A,0,1,0,1,6,5,-1,downgrade
I00621,Technology,2022,BBB,BBB,0,0,0,0,4,4,0,unchanged
I00622,Retail,2022,B,CCC,0,1,0,1,2,1,-1,downgrade
I00625,Telecom,2022,CCC,CCC,0,0,0,0,1,1,0,unchanged
I00626,Utilities,2022,BB,BB,0,0,0,0,3,3,0,unchanged
I00627,Technology,2022,AA,AA,0,0,0,0,6,6,0,unchanged
I00628,Telecom,2022,BBB,BBB,0,0,0,0,4,4,0,unchanged
I00629,Industrials,2022,AA,AA,0,0,0,0,6,6,0,unchanged
I00630,Energy,2022,A,A,0,0,0,0,5,5,0,unchanged
I00631,Utilities,2022,B,BB,1,0,0,-1,2,3,1,upgrade
I00632,Industrials,2022,A,AA,1,0,0,-1,5,6,1,upgrade
I00633,Retail,2022,A,A,0,0,0,0,5,5,0,unchanged
I00635,Consumer,2022,BB,BB,0,0,0,0,3,3,0,unchanged
I00636,Consumer,2022,B,B,0,0,0,0,2,2,0,unchanged
I00637,Consumer,2022,A,A,0,0,0,0,5,5,0,unchanged
I00638,Technology,2022,BBB,BBB,0,0,0,0,4,4,0,unchanged
I00639,Telecom,2022,BB,BB,0,0,0,0,3,3,0,unchanged
I00640,Telecom,2022,BBB,BBB,0,0,0,0,4,4,0,unchanged
I00641,Consumer,2022,A,A,0,0,0,0,5,5,0,unchanged
I00642,Industrials,2022,A,A,0,0,0,0,5,5,0,unchanged
I00643,Industrials,2022,AA,AA,0,0,0,0,6,6,0,unchanged
I00644,Utilities,2022,BBB,BBB,0,0,0,0,4,4,0,unchanged
I00646,Industrials,2022,BBB,BBB,0,0,0,0,4,4,0,unchanged
I00647,Real_Estate,2022,BB,BB,0,0,0,0,3,3,0,unchanged
I00648,Financials,2022,A,A,0,0,0,0,5,5,0,unchanged
I00649,Energy,2022,BB,BB,0,0,0,0,3,3,0,unchanged
I00650,Utilities,2022,B,B,0,0,0,0,2,2,0,unchanged
I00651,Utilities,2022,AA,AA,0,0,0,0,6,6,0,unchanged
I00652,Technology,2022,BBB,BBB,0,0,0,0,4,4,0,unchanged
I00653,Telecom,2022,BB,BB,0,0,0,0,3,3,0,unchanged
I00655,Healthcare,2022,BBB,BBB,0,0,0,0,4,4,0,unchanged
I00656,Financials,2022,BBB,BBB,0,0,0,0,4,4,0,unchanged
I00658,Telecom,2022,BB,BB,0,0,0,0,3,3,0,unchanged
I00659,Telecom,2022,BBB,BBB,0,0,0,0,4,4,0,unchanged
I00660,Industrials,2022,B,B,0,0,0,0,2,2,0,unchanged
I00661,Healthcare,2022,BBB,BBB,0,0,0,0,4,4,0,unchanged
I00662,Real_Estate,2022,B,B,0,0,0,0,2,2,0,unchanged
I00663,Technology,2022,A,A,0,0,0,0,5,5,0,unchanged
I00664,Healthcare,2022,A,A,0,0,0,0,5,5,0,unchanged
I00665,Financials,2022,BBB,BBB,0,0,0,0,4,4,0,unchanged
I00666,Telecom,2022,B,B,0,0,0,0,2,2,0,unchanged
I00667,Healthcare,2022,BBB,BBB,0,0,0,0,4,4,0,unchanged
I00668,Retail,2022,A,A,0,0,0,0,5,5,0,unchanged
I00669,Real_Estate,2022,A,A,0,0,0,0,5,5,0,unchanged
I00670,Healthcare,2022,A,A,0,0,0,0,5,5,0,unchanged
I00671,Retail,2022,A,A,0,0,0,0,5,5,0,unchanged
I00672,Retail,2022,CCC,CCC,0,0,0,0,1,1,0,unchanged
I00673,Healthcare,2022,A,A,0,0,0,0,5,5,0,unchanged
I00675,Telecom,2022,BB,BB,0,0,0,0,3,3,0,unchanged
I00677,Healthcare,2022,BB,BB,0,0,0,0,3,3,0,unchanged
I00678,Real_Estate,2022,BBB,BBB,0,0,0,0,4,4,0,unchanged
I00679,Consumer,2022,AA,CCC,0,1,0,5,6,1,-5,downgrade
I00680,Healthcare,2022,BBB,BBB,0,0,0,0,4,4,0,unchanged
I00681,Energy,2022,CCC,BBB,1,0,0,-3,1,4,3,upgrade
I00682,Industrials,2022,BBB,BBB,0,0,0,0,4,4,0,unchanged
I00683,Utilities,2022,BBB,BBB,0,0,0,0,4,4,0,unchanged
I00684,Real_Estate,2022,A,A,0,0,0,0,5,5,0,unchanged
I00685,Real_Estate,2022,BBB,BBB,0,0,0,0,4,4,0,unchanged
I00686,Utilities,2022,B,B,0,0,0,0,2,2,0,unchanged
I00687,Telecom,2022,AA,AA,0,0,0,0,6,6,0,unchanged
I00691,Healthcare,2022,A,BBB,0,1,0,1,5,4,-1,downgrade
I00692,Retail,2022,BB,BB,0,0,0,0,3,3,0,unchanged
I00693,Financials,2022,A,A,0,0,0,0,5,5,0,unchanged
I00694,Financials,2022,BBB,BBB,0,0,0,0,4,4,0,unchanged
I00695,Real_Estate,2022,BBB,BBB,0,0,0,0,4,4,0,unchanged
I00696,Healthcare,2022,AAA,AAA,0,0,0,0,7,7,0,unchanged
I00697,Financials,2022,A,A,0,0,0,0,5,5,0,unchanged
I00699,Energy,2022,BB,B,0,1,0,1,3,2,-1,downgrade
I00700,Real_Estate,2022,A,A,0,0,0,0,5,5,0,unchanged
I00701,Technology,2022,BB,BB,0,0,0,0,3,3,0,unchanged
I00702,Telecom,2022,A,A,0,0,0,0,5,5,0,unchanged
I00703,Healthcare,2022,A,A,0,0,0,0,5,5,0,unchanged
I00704,Technology,2022,A,A,0,0,0,0,5,5,0,unchanged
I00705,Retail,2022,BB,BBB,1,0,0,-1,3,4,1,upgrade
I00706,Industrials,2022,B,B,0,0,0,0,2,2,0,unchanged
I00707,Financials,2022,A,BBB,0,1,0,1,5,4,-1,downgrade
I00708,Financials,2022,BBB,BBB,0,0,0,0,4,4,0,unchanged
I00709,Consumer,2022,B,B,0,0,0,0,2,2,0,unchanged
I00710,Financials,2022,BBB,A,1,0,0,-1,4,5,1,upgrade
I00711,Telecom,2022,BBB,BB,0,1,0,1,4,3,-1,downgrade
I00712,Retail,2022,BB,BB,0,0,0,0,3,3,0,unchanged
I00714,Technology,2022,A,A,0,0,0,0,5,5,0,unchanged
I00715,Healthcare,2022,BB,BB,0,0,0,0,3,3,0,unchanged
I00716,Energy,2022,BB,BB,0,0,0,0,3,3,0,unchanged
I00717,Technology,2022,BB,BBB,1,0,0,-1,3,4,1,upgrade
I00718,Retail,2022,A,A,0,0,0,0,5,5,0,unchanged
I00719,Consumer,2022,A,A,0,0,0,0,5,5,0,unchanged
I00720,Telecom,2022,A,A,0,0,0,0,5,5,0,unchanged
I00722,Financials,2022,CCC,B,1,0,0,-1,1,2,1,upgrade
I00725,Healthcare,2022,BBB,BBB,0,0,0,0,4,4,0,unchanged
I00726,Healthcare,2022,BBB,BBB,0,0,0,0,4,4,0,unchanged
I00727,Consumer,2022,BB,BB,0,0,0,0,3,3,0,unchanged
I00728,Energy,2022,BBB,BBB,0,0,0,0,4,4,0,unchanged
I00729,Telecom,2022,BBB,BBB,0,0,0,0,4,4,0,unchanged
I00731,Utilities,2022,BBB,BBB,0,0,0,0,4,4,0,unchanged
I00732,Consumer,2022,BBB,BBB,0,0,0,0,4,4,0,unchanged
I00733,Energy,2022,A,A,0,0,0,0,5,5,0,unchanged
I00734,Utilities,2022,B,D,0,0,1,2,2,0,-2,default
I00735,Real_Estate,2022,BB,BB,0,0,0,0,3,3,0,unchanged
I00736,Healthcare,2022,BB,BB,0,0,0,0,3,3,0,unchanged
I00738,Healthcare,2022,BB,BB,0,0,0,0,3,3,0,unchanged
I00739,Telecom,2022,B,B,0,0,0,0,2,2,0,unchanged
I00740,Healthcare,2022,B,B,0,0,0,0,2,2,0,unchanged
I00741,Industrials,2022,BB,BBB,1,0,0,-1,3,4,1,upgrade
I00742,Consumer,2022,A,BBB,0,1,0,1,5,4,-1,downgrade
I00745,Energy,2022,BBB,BB,0,1,0,1,4,3,-1,downgrade
I00746,Financials,2022,B,B,0,0,0,0,2,2,0,unchanged
I00747,Energy,2022,B,B,0,0,0,0,2,2,0,unchanged
I00748,Utilities,2022,CCC,B,1,0,0,-1,1,2,1,upgrade
I00749,Telecom,2022,CCC,CCC,0,0,0,0,1,1,0,unchanged
I00750,Technology,2022,AA,AA,0,0,0,0,6,6,0,unchanged
I00751,Real_Estate,2022,A,A,0,0,0,0,5,5,0,unchanged
I00752,Retail,2022,BBB,BBB,0,0,0,0,4,4,0,unchanged
I00753,Industrials,2022,A,A,0,0,0,0,5,5,0,unchanged
I00754,Real_Estate,2022,A,A,0,0,0,0,5,5,0,unchanged
I00755,Retail,2022,A,A,0,0,0,0,5,5,0,unchanged
I00756,Financials,2022,B,B,0,0,0,0,2,2,0,unchanged
I00757,Industrials,2022,B,B,0,0,0,0,2,2,0,unchanged
I00758,Consumer,2022,B,B,0,0,0,0,2,2,0,unchanged
I00761,Telecom,2022,BBB,BBB,0,0,0,0,4,4,0,unchanged
I00762,Retail,2022,BB,BB,0,0,0,0,3,3,0,unchanged
I00763,Utilities,2022,BB,BBB,1,0,0,-1,3,4,1,upgrade
I00764,Technology,2022,BBB,BBB,0,0,0,0,4,4,0,unchanged
I00765,Industrials,2022,AA,AA,0,0,0,0,6,6,0,unchanged
I00766,Industrials,2022,A,A,0,0,0,0,5,5,0,unchanged
I00767,Telecom,2022,B,B,0,0,0,0,2,2,0,unchanged
I00768,Energy,2022,B,B,0,0,0,0,2,2,0,unchanged
I00769,Retail,2022,B,B,0,0,0,0,2,2,0,unchanged
I00770,Retail,2022,BBB,A,1,0,0,-1,4,5,1,upgrade
I00771,Financials,2022,A,A,0,0,0,0,5,5,0,unchanged
I00772,Technology,2022,BBB,A,1,0,0,-1,4,5,1,upgrade
I00773,Industrials,2022,AA,AA,0,0,0,0,6,6,0,unchanged
I00774,Financials,2022,A,A,0,0,0,0,5,5,0,unchanged
I00775,Financials,2022,BB,BB,0,0,0,0,3,3,0,unchanged
I00776,Consumer,2022,A,A,0,0,0,0,5,5,0,unchanged
I00777,Utilities,2022,B,B,0,0,0,0,2,2,0,unchanged
I00778,Financials,2022,BBB,BBB,0,0,0,0,4,4,0,unchanged
I00779,Financials,2022,A,A,0,0,0,0,5,5,0,unchanged
I00780,Consumer,2022,AA,AA,0,0,0,0,6,6,0,unchanged
I00781,Industrials,2022,BB,BB,0,0,0,0,3,3,0,unchanged
I00782,Telecom,2022,BBB,BBB,0,0,0,0,4,4,0,unchanged
I00783,Utilities,2022,BB,BB,0,0,0,0,3,3,0,unchanged
I00784,Financials,2022,CCC,CCC,0,0,0,0,1,1,0,unchanged
I00785,Consumer,2022,B,B,0,0,0,0,2,2,0,unchanged
I00786,Healthcare,2022,AAA,AAA,0,0,0,0,7,7,0,unchanged
I00787,Industrials,2022,A,A,0,0,0,0,5,5,0,unchanged
I00789,Utilities,2022,A,A,0,0,0,0,5,5,0,unchanged
I00790,Retail,2022,B,B,0,0,0,0,2,2,0,unchanged
I00791,Energy,2022,BB,BB,0,0,0,0,3,3,0,unchanged
I00792,Real_Estate,2022,A,A,0,0,0,0,5,5,0,unchanged
I00793,Consumer,2022,A,A,0,0,0,0,5,5,0,unchanged
I00794,Energy,2022,BB,BB,0,0,0,0,3,3,0,unchanged
I00795,Consumer,2022,A,A,0,0,0,0,5,5,0,unchanged
I00797,Telecom,2022,B,B,0,0,0,0,2,2,0,unchanged
I00798,Consumer,2022,BBB,BBB,0,0,0,0,4,4,0,unchanged
I00799,Industrials,2022,A,A,0,0,0,0,5,5,0,unchanged
I00800,Real_Estate,2022,CCC,CCC,0,0,0,0,1,1,0,unchanged
I00801,Telecom,2022,A,A,0,0,0,0,5,5,0,unchanged
I00802,Industrials,2022,BB,BBB,1,0,0,-1,3,4,1,upgrade
I00803,Retail,2022,A,A,0,0,0,0,5,5,0,unchanged
I00804,Healthcare,2022,A,A,0,0,0,0,5,5,0,unchanged
I00807,Consumer,2022,BB,BB,0,0,0,0,3,3,0,unchanged
I00808,Energy,2022,A,A,0,0,0,0,5,5,0,unchanged
I00809,Healthcare,2022,A,A,0,0,0,0,5,5,0,unchanged
I00811,Telecom,2022,BBB,BBB,0,0,0,0,4,4,0,unchanged
I00812,Utilities,2022,A,A,0,0,0,0,5,5,0,unchanged
I00813,Real_Estate,2022,A,A,0,0,0,0,5,5,0,unchanged
I00814,Financials,2022,BBB,BBB,0,0,0,0,4,4,0,unchanged
I00818,Real_Estate,2022,BB,BB,0,0,0,0,3,3,0,unchanged
I00819,Real_Estate,2022,BBB,BBB,0,0,0,0,4,4,0,unchanged
I00820,Real_Estate,2022,BB,BB,0,0,0,0,3,3,0,unchanged
I00821,Consumer,2022,BBB,BBB,0,0,0,0,4,4,0,unchanged
I00822,Consumer,2022,A,A,0,0,0,0,5,5,0,unchanged
I00823,Consumer,2022,AA,AA,0,0,0,0,6,6,0,unchanged
I00824,Consumer,2022,BB,BB,0,0,0,0,3,3,0,unchanged
I00826,Energy,2022,AA,AA,0,0,0,0,6,6,0,unchanged
I00828,Consumer,2022,A,A,0,0,0,0,5,5,0,unchanged
I00830,Financials,2022,B,B,0,0,0,0,2,2,0,unchanged
I00831,Consumer,2022,BBB,BBB,0,0,0,0,4,4,0,unchanged
I00832,Telecom,2022,BBB,BBB,0,0,0,0,4,4,0,unchanged
I00833,Real_Estate,2022,A,A,0,0,0,0,5,5,0,unchanged
I00834,Industrials,2022,AAA,AAA,0,0,0,0,7,7,0,unchanged
I00835,Telecom,2022,AA,AA,0,0,0,0,6,6,0,unchanged
I00836,Financials,2022,A,A,0,0,0,0,5,5,0,unchanged
I00837,Utilities,2022,BB,BB,0,0,0,0,3,3,0,unchanged
I00838,Financials,2022,AA,A,0,1,0,1,6,5,-1,downgrade
I00839,Energy,2022,A,A,0,0,0,0,5,5,0,unchanged
I00840,Industrials,2022,B,B,0,0,0,0,2,2,0,unchanged
I00841,Industrials,2022,B,B,0,0,0,0,2,2,0,unchanged
I00842,Retail,2022,AAA,AAA,0,0,0,0,7,7,0,unchanged
I00843,Industrials,2022,A,A,0,0,0,0,5,5,0,unchanged
I00844,Utilities,2022,B,B,0,0,0,0,2,2,0,unchanged
I00845,Industrials,2022,A,A,0,0,0,0,5,5,0,unchanged
I00847,Financials,2022,CCC,B,1,0,0,-1,1,2,1,upgrade
I00850,Utilities,2022,BBB,BBB,0,0,0,0,4,4,0,unchanged
I00851,Industrials,2022,BBB,BBB,0,0,0,0,4,4,0,unchanged
I00853,Retail,2022,A,A,0,0,0,0,5,5,0,unchanged
I00854,Financials,2022,BBB,BB,0,1,0,1,4,3,-1,downgrade
I00855,Financials,2022,AA,A,0,1,0,1,6,5,-1,downgrade
I00856,Technology,2022,B,B,0,0,0,0,2,2,0,unchanged
I00857,Consumer,2022,BBB,BBB,0,0,0,0,4,4,0,unchanged
I00858,Consumer,2022,BBB,BBB,0,0,0,0,4,4,0,unchanged
I00859,Technology,2022,BBB,BBB,0,0,0,0,4,4,0,unchanged
I00860,Real_Estate,2022,B,B,0,0,0,0,2,2,0,unchanged
I00863,Technology,2022,A,A,0,0,0,0,5,5,0,unchanged
I00864,Real_Estate,2022,BBB,BBB,0,0,0,0,4,4,0,unchanged
I00865,Consumer,2022,A,A,0,0,0,0,5,5,0,unchanged
I00866,Utilities,2022,A,A,0,0,0,0,5,5,0,unchanged
I00867,Energy,2022,BBB,BBB,0,0,0,0,4,4,0,unchanged
I00868,Retail,2022,AA,AA,0,0,0,0,6,6,0,unchanged
I00869,Retail,2022,B,B,0,0,0,0,2,2,0,unchanged
I00870,Energy,2022,B,CCC,0,1,0,1,2,1,-1,downgrade
I00871,Real_Estate,2022,BBB,BBB,0,0,0,0,4,4,0,unchanged
I00873,Financials,2022,A,A,0,0,0,0,5,5,0,unchanged
I00874,Financials,2022,B,B,0,0,0,0,2,2,0,unchanged
I00875,Industrials,2022,A,A,0,0,0,0,5,5,0,unchanged
I00876,Energy,2022,B,B,0,0,0,0,2,2,0,unchanged
I00877,Real_Estate,2022,B,B,0,0,0,0,2,2,0,unchanged
I00878,Financials,2022,A,A,0,0,0,0,5,5,0,unchanged
I00879,Industrials,2022,A,A,0,0,0,0,5,5,0,unchanged
I00880,Retail,2022,A,A,0,0,0,0,5,5,0,unchanged
I00881,Energy,2022,BB,BB,0,0,0,0,3,3,0,unchanged
I00883,Real_Estate,2022,CCC,CCC,0,0,0,0,1,1,0,unchanged
I00884,Telecom,2022,AA,AA,0,0,0,0,6,6,0,unchanged
I00885,Technology,2022,A,A,0,0,0,0,5,5,0,unchanged
I00887,Technology,2022,A,A,0,0,0,0,5,5,0,unchanged
I00888,Technology,2022,BBB,BBB,0,0,0,0,4,4,0,unchanged
I00889,Retail,2022,A,A,0,0,0,0,5,5,0,unchanged
I00890,Energy,2022,A,A,0,0,0,0,5,5,0,unchanged
I00891,Industrials,2022,BBB,B,0,1,0,2,4,2,-2,downgrade
I00892,Energy,2022,BBB,BBB,0,0,0,0,4,4,0,unchanged
I00893,Real_Estate,2022,BB,BB,0,0,0,0,3,3,0,unchanged
I00894,Energy,2022,A,A,0,0,0,0,5,5,0,unchanged
I00895,Real_Estate,2022,B,B,0,0,0,0,2,2,0,unchanged
I00896,Telecom,2022,B,B,0,0,0,0,2,2,0,unchanged
I00897,Real_Estate,2022,AA,AA,0,0,0,0,6,6,0,unchanged
I00898,Retail,2022,BBB,BBB,0,0,0,0,4,4,0,unchanged
I00899,Telecom,2022,B,B,0,0,0,0,2,2,0,unchanged
I00900,Industrials,2022,B,B,0,0,0,0,2,2,0,unchanged
I00902,Healthcare,2022,A,BBB,0,1,0,1,5,4,-1,downgrade
I00903,Consumer,2022,A,A,0,0,0,0,5,5,0,unchanged
I00906,Financials,2022,B,B,0,0,0,0,2,2,0,unchanged
I00907,Healthcare,2022,BBB,BBB,0,0,0,0,4,4,0,unchanged
I00908,Financials,2022,AA,A,0,1,0,1,6,5,-1,downgrade
I00909,Telecom,2022,BB,BB,0,0,0,0,3,3,0,unchanged
I00910,Energy,2022,B,B,0,0,0,0,2,2,0,unchanged
I00911,Retail,2022,AA,AA,0,0,0,0,6,6,0,unchanged
I00912,Real_Estate,2022,A,A,0,0,0,0,5,5,0,unchanged
I00913,Industrials,2022,BB,BB,0,0,0,0,3,3,0,unchanged
I00914,Telecom,2022,BB,BB,0,0,0,0,3,3,0,unchanged
I00915,Technology,2022,AA,AA,0,0,0,0,6,6,0,unchanged
I00916,Energy,2022,A,A,0,0,0,0,5,5,0,unchanged
I00917,Industrials,2022,A,A,0,0,0,0,5,5,0,unchanged
I00918,Energy,2022,BBB,BBB,0,0,0,0,4,4,0,unchanged
I00920,Energy,2022,BBB,BBB,0,0,0,0,4,4,0,unchanged
I00921,Financials,2022,A,A,0,0,0,0,5,5,0,unchanged
I00922,Telecom,2022,A,A,0,0,0,0,5,5,0,unchanged
I00923,Consumer,2022,B,B,0,0,0,0,2,2,0,unchanged
I00924,Healthcare,2022,BBB,BBB,0,0,0,0,4,4,0,unchanged
I00925,Utilities,2022,AA,AA,0,0,0,0,6,6,0,unchanged
I00926,Utilities,2022,CCC,CCC,0,0,0,0,1,1,0,unchanged
I00927,Energy,2022,BBB,BBB,0,0,0,0,4,4,0,unchanged
I00928,Consumer,2022,A,A,0,0,0,0,5,5,0,unchanged
I00929,Industrials,2022,BB,BB,0,0,0,0,3,3,0,unchanged
I00930,Real_Estate,2022,A,A,0,0,0,0,5,5,0,unchanged
I00931,Technology,2022,B,B,0,0,0,0,2,2,0,unchanged
I00932,Real_Estate,2022,AA,AA,0,0,0,0,6,6,0,unchanged
I00933,Telecom,2022,A,A,0,0,0,0,5,5,0,unchanged
I00934,Telecom,2022,A,A,0,0,0,0,5,5,0,unchanged
I00935,Technology,2022,B,B,0,0,0,0,2,2,0,unchanged
I00936,Energy,2022,BB,BB,0,0,0,0,3,3,0,unchanged
I00937,Industrials,2022,BBB,BBB,0,0,0,0,4,4,0,unchanged
I00938,Telecom,2022,B,B,0,0,0,0,2,2,0,unchanged
I00939,Technology,2022,A,A,0,0,0,0,5,5,0,unchanged
I00940,Financials,2022,AA,A,0,1,0,1,6,5,-1,downgrade
I00942,Technology,2022,BB,B,0,1,0,1,3,2,-1,downgrade
I00943,Real_Estate,2022,BB,BB,0,0,0,0,3,3,0,unchanged
I00944,Healthcare,2022,B,B,0,0,0,0,2,2,0,unchanged
I00945,Industrials,2022,A,A,0,0,0,0,5,5,0,unchanged
I00946,Utilities,2022,BBB,BBB,0,0,0,0,4,4,0,unchanged
I00947,Telecom,2022,BB,BB,0,0,0,0,3,3,0,unchanged
I00948,Technology,2022,BB,BB,0,0,0,0,3,3,0,unchanged
I00949,Financials,2022,BB,BB,0,0,0,0,3,3,0,unchanged
I00950,Telecom,2022,B,B,0,0,0,0,2,2,0,unchanged
I00951,Real_Estate,2022,A,A,0,0,0,0,5,5,0,unchanged
I00952,Technology,2022,BBB,BBB,0,0,0,0,4,4,0,unchanged
I00953,Real_Estate,2022,B,B,0,0,0,0,2,2,0,unchanged
I00954,Healthcare,2022,AA,AA,0,0,0,0,6,6,0,unchanged
I00955,Real_Estate,2022,BBB,BBB,0,0,0,0,4,4,0,unchanged
I00956,Consumer,2022,BB,BB,0,0,0,0,3,3,0,unchanged
I00957,Healthcare,2022,A,A,0,0,0,0,5,5,0,unchanged
I00958,Healthcare,2022,BBB,BBB,0,0,0,0,4,4,0,unchanged
I00959,Utilities,2022,AA,AA,0,0,0,0,6,6,0,unchanged
I00960,Industrials,2022,B,B,0,0,0,0,2,2,0,unchanged
I00961,Telecom,2022,BB,BBB,1,0,0,-1,3,4,1,upgrade
I00962,Healthcare,2022,AA,AA,0,0,0,0,6,6,0,unchanged
I00963,Utilities,2022,BBB,BBB,0,0,0,0,4,4,0,unchanged
I00964,Financials,2022,BBB,BBB,0,0,0,0,4,4,0,unchanged
I00965,Consumer,2022,BBB,BBB,0,0,0,0,4,4,0,unchanged
I00966,Healthcare,2022,CCC,CCC,0,0,0,0,1,1,0,unchanged
I00967,Retail,2022,B,CCC,0,1,0,1,2,1,-1,downgrade
I00968,Healthcare,2022,BBB,BBB,0,0,0,0,4,4,0,unchanged
I00970,Real_Estate,2022,A,A,0,0,0,0,5,5,0,unchanged
I00972,Utilities,2022,B,B,0,0,0,0,2,2,0,unchanged
I00973,Energy,2022,AA,AA,0,0,0,0,6,6,0,unchanged
I00974,Healthcare,2022,BBB,BBB,0,0,0,0,4,4,0,unchanged
I00975,Real_Estate,2022,BBB,BBB,0,0,0,0,4,4,0,unchanged
I00976,Consumer,2022,CCC,CCC,0,0,0,0,1,1,0,unchanged
I00977,Industrials,2022,AA,AA,0,0,0,0,6,6,0,unchanged
I00978,Utilities,2022,A,A,0,0,0,0,5,5,0,unchanged
I00979,Retail,2022,CCC,CCC,0,0,0,0,1,1,0,unchanged
I00980,Financials,2022,AA,AA,0,0,0,0,6,6,0,unchanged
I00981,Financials,2022,CCC,CCC,0,0,0,0,1,1,0,unchanged
I00982,Telecom,2022,BBB,BBB,0,0,0,0,4,4,0,unchanged
I00983,Industrials,2022,BBB,A,1,0,0,-1,4,5,1,upgrade
I00984,Consumer,2022,AA,AA,0,0,0,0,6,6,0,unchanged
I00985,Energy,2022,BBB,BBB,0,0,0,0,4,4,0,unchanged
I00986,Industrials,2022,BBB,BBB,0,0,0,0,4,4,0,unchanged
I00987,Healthcare,2022,BB,BB,0,0,0,0,3,3,0,unchanged
I00988,Real_Estate,2022,B,BB,1,0,0,-1,2,3,1,upgrade
I00990,Energy,2022,AA,AA,0,0,0,0,6,6,0,unchanged
I00993,Retail,2022,BBB,BBB,0,0,0,0,4,4,0,unchanged
I00995,Utilities,2022,B,D,0,0,1,2,2,0,-2,default
I00996,Real_Estate,2022,B,B,0,0,0,0,2,2,0,unchanged
I00997,Energy,2022,AAA,AAA,0,0,0,0,7,7,0,unchanged
I00998,Healthcare,2022,BBB,A,1,0,0,-1,4,5,1,upgrade
I01000,Retail,2022,B,B,0,0,0,0,2,2,0,unchanged
I01001,Telecom,2022,BB,BB,0,0,0,0,3,3,0,unchanged
I01004,Financials,2022,A,A,0,0,0,0,5,5,0,unchanged
I01007,Technology,2022,B,B,0,0,0,0,2,2,0,unchanged
I01008,Retail,2022,B,B,0,0,0,0,2,2,0,unchanged
I01009,Consumer,2022,A,A,0,0,0,0,5,5,0,unchanged
I01010,Energy,2022,A,A,0,0,0,0,5,5,0,unchanged
I01011,Energy,2022,A,A,0,0,0,0,5,5,0,unchanged
I01013,Technology,2022,A,A,0,0,0,0,5,5,0,unchanged
I01014,Healthcare,2022,BBB,A,1,0,0,-1,4,5,1,upgrade
I01015,Energy,2022,A,A,0,0,0,0,5,5,0,unchanged
I01016,Consumer,2022,AA,AA,0,0,0,0,6,6,0,unchanged
I01017,Retail,2022,BBB,BBB,0,0,0,0,4,4,0,unchanged
I01018,Healthcare,2022,AA,AA,0,0,0,0,6,6,0,unchanged
I01020,Financials,2022,A,A,0,0,0,0,5,5,0,unchanged
I01021,Utilities,2022,AA,AA,0,0,0,0,6,6,0,unchanged
I01022,Utilities,2022,CCC,D,0,0,1,1,1,0,-1,default
I01023,Healthcare,2022,BBB,BB,0,1,0,1,4,3,-1,downgrade
I01024,Technology,2022,A,A,0,0,0,0,5,5,0,unchanged
I01025,Utilities,2022,B,B,0,0,0,0,2,2,0,unchanged
I01027,Real_Estate,2022,AA,AA,0,0,0,0,6,6,0,unchanged
I01029,Utilities,2022,A,A,0,0,0,0,5,5,0,unchanged
I01030,Technology,2022,BB,BB,0,0,0,0,3,3,0,unchanged
I01032,Financials,2022,BBB,BBB,0,0,0,0,4,4,0,unchanged
I01034,Energy,2022,BB,BB,0,0,0,0,3,3,0,unchanged
I01035,Technology,2022,B,B,0,0,0,0,2,2,0,unchanged
I01036,Telecom,2022,BB,BB,0,0,0,0,3,3,0,unchanged
I01038,Real_Estate,2022,A,A,0,0,0,0,5,5,0,unchanged
I01039,Energy,2022,BBB,BBB,0,0,0,0,4,4,0,unchanged
I01040,Telecom,2022,AAA,AAA,0,0,0,0,7,7,0,unchanged
I01041,Telecom,2022,BBB,A,1,0,0,-1,4,5,1,upgrade
I01042,Utilities,2022,AA,A,0,1,0,1,6,5,-1,downgrade
I01043,Retail,2022,BBB,BBB,0,0,0,0,4,4,0,unchanged
I01044,Telecom,2022,A,A,0,0,0,0,5,5,0,unchanged
I01045,Technology,2022,CCC,D,0,0,1,1,1,0,-1,default
I01046,Financials,2022,CCC,CCC,0,0,0,0,1,1,0,unchanged
I01047,Consumer,2022,A,A,0,0,0,0,5,5,0,unchanged
I01048,Retail,2022,B,B,0,0,0,0,2,2,0,unchanged
I01049,Retail,2022,A,A,0,0,0,0,5,5,0,unchanged
I01050,Utilities,2022,A,A,0,0,0,0,5,5,0,unchanged
I01051,Retail,2022,BBB,BB,0,1,0,1,4,3,-1,downgrade
I01053,Retail,2022,BBB,BBB,0,0,0,0,4,4,0,unchanged
I01054,Energy,2022,AA,AA,0,0,0,0,6,6,0,unchanged
I01055,Energy,2022,AA,AA,0,0,0,0,6,6,0,unchanged
I01056,Telecom,2022,BB,BB,0,0,0,0,3,3,0,unchanged
I01057,Energy,2022,BB,B,0,1,0,1,3,2,-1,downgrade
I01058,Retail,2022,B,B,0,0,0,0,2,2,0,unchanged
I01059,Retail,2022,BBB,BBB,0,0,0,0,4,4,0,unchanged
I01060,Financials,2022,B,B,0,0,0,0,2,2,0,unchanged
I01061,Industrials,2022,BB,BB,0,0,0,0,3,3,0,unchanged
I01062,Energy,2022,BBB,BBB,0,0,0,0,4,4,0,unchanged
I01063,Consumer,2022,BB,BB,0,0,0,0,3,3,0,unchanged
I01066,Consumer,2022,A,A,0,0,0,0,5,5,0,unchanged
I01067,Healthcare,2022,BBB,BBB,0,0,0,0,4,4,0,unchanged
I01069,Telecom,2022,A,A,0,0,0,0,5,5,0,unchanged
I01070,Telecom,2022,A,A,0,0,0,0,5,5,0,unchanged
I01071,Retail,2022,BBB,BBB,0,0,0,0,4,4,0,unchanged
I01072,Technology,2022,BBB,BBB,0,0,0,0,4,4,0,unchanged
I01073,Real_Estate,2022,BBB,BBB,0,0,0,0,4,4,0,unchanged
I01074,Industrials,2022,AA,AA,0,0,0,0,6,6,0,unchanged
I01075,Energy,2022,B,B,0,0,0,0,2,2,0,unchanged
I01076,Industrials,2022,B,B,0,0,0,0,2,2,0,unchanged
I01077,Technology,2022,BB,BBB,1,0,0,-1,3,4,1,upgrade
I01079,Healthcare,2022,BB,BBB,1,0,0,-1,3,4,1,upgrade
I01080,Technology,2022,BB,BB,0,0,0,0,3,3,0,unchanged
I01081,Healthcare,2022,BBB,BBB,0,0,0,0,4,4,0,unchanged
I01082,Technology,2022,A,A,0,0,0,0,5,5,0,unchanged
I01083,Healthcare,2022,A,A,0,0,0,0,5,5,0,unchanged
I01084,Retail,2022,BBB,BBB,0,0,0,0,4,4,0,unchanged
I01085,Consumer,2022,BBB,BBB,0,0,0,0,4,4,0,unchanged
I01086,Industrials,2022,BB,BB,0,0,0,0,3,3,0,unchanged
I01087,Utilities,2022,B,B,0,0,0,0,2,2,0,unchanged
I01088,Real_Estate,2022,B,B,0,0,0,0,2,2,0,unchanged
I01089,Real_Estate,2022,B,B,0,0,0,0,2,2,0,unchanged
I01090,Financials,2022,BB,B,0,1,0,1,3,2,-1,downgrade
I01091,Consumer,2022,A,A,0,0,0,0,5,5,0,unchanged
I01092,Consumer,2022,BBB,BBB,0,0,0,0,4,4,0,unchanged
I01093,Real_Estate,2022,BBB,BBB,0,0,0,0,4,4,0,unchanged
I01094,Technology,2022,A,A,0,0,0,0,5,5,0,unchanged
I01095,Industrials,2022,AA,A,0,1,0,1,6,5,-1,downgrade
I01096,Real_Estate,2022,BBB,BBB,0,0,0,0,4,4,0,unchanged
I01097,Healthcare,2022,BB,BB,0,0,0,0,3,3,0,unchanged
I01098,Telecom,2022,BB,BBB,1,0,0,-1,3,4,1,upgrade
I01099,Telecom,2022,A,BBB,0,1,0,1,5,4,-1,downgrade
I01100,Retail,2022,A,A,0,0,0,0,5,5,0,unchanged
I01101,Industrials,2022,B,B,0,0,0,0,2,2,0,unchanged
I01102,Retail,2022,A,A,0,0,0,0,5,5,0,unchanged
I01103,Healthcare,2022,AA,AA,0,0,0,0,6,6,0,unchanged
I01105,Technology,2022,BBB,BBB,0,0,0,0,4,4,0,unchanged
I01106,Industrials,2022,BB,BB,0,0,0,0,3,3,0,unchanged
I01108,Real_Estate,2022,B,B,0,0,0,0,2,2,0,unchanged
I01109,Industrials,2022,BBB,BBB,0,0,0,0,4,4,0,unchanged
I01110,Energy,2022,A,A,0,0,0,0,5,5,0,unchanged
I01111,Financials,2022,B,B,0,0,0,0,2,2,0,unchanged
I01112,Technology,2022,A,A,0,0,0,0,5,5,0,unchanged
I01113,Healthcare,2022,CCC,CCC,0,0,0,0,1,1,0,unchanged
I01114,Industrials,2022,B,B,0,0,0,0,2,2,0,unchanged
I01115,Telecom,2022,BBB,BBB,0,0,0,0,4,4,0,unchanged
I01116,Real_Estate,2022,CCC,CCC,0,0,0,0,1,1,0,unchanged
I01117,Energy,2022,A,A,0,0,0,0,5,5,0,unchanged
I01118,Consumer,2022,BBB,BBB,0,0,0,0,4,4,0,unchanged
I01119,Retail,2022,B,B,0,0,0,0,2,2,0,unchanged
I01120,Real_Estate,2022,BBB,A,1,0,0,-1,4,5,1,upgrade
I01121,Energy,2022,A,A,0,0,0,0,5,5,0,unchanged
I01123,Technology,2022,B,D,0,0,1,2,2,0,-2,default
I01124,Energy,2022,BBB,BBB,0,0,0,0,4,4,0,unchanged
I01125,Financials,2022,BBB,BBB,0,0,0,0,4,4,0,unchanged
I01126,Financials,2022,BBB,BBB,0,0,0,0,4,4,0,unchanged
I01127,Industrials,2022,BB,BB,0,0,0,0,3,3,0,unchanged
I01128,Technology,2022,BBB,BBB,0,0,0,0,4,4,0,unchanged
I01129,Retail,2022,BBB,BBB,0,0,0,0,4,4,0,unchanged
I01130,Healthcare,2022,BBB,BBB,0,0,0,0,4,4,0,unchanged
I01133,Industrials,2022,BBB,BBB,0,0,0,0,4,4,0,unchanged
I01134,Energy,2022,A,A,0,0,0,0,5,5,0,unchanged
I01135,Energy,2022,BBB,BBB,0,0,0,0,4,4,0,unchanged
I01136,Energy,2022,B,B,0,0,0,0,2,2,0,unchanged
I01137,Telecom,2022,AA,AA,0,0,0,0,6,6,0,unchanged
I01138,Technology,2022,BB,BB,0,0,0,0,3,3,0,unchanged
I01140,Technology,2022,CCC,B,1,0,0,-1,1,2,1,upgrade
I01141,Financials,2022,BB,BBB,1,0,0,-1,3,4,1,upgrade
I01142,Financials,2022,BBB,BBB,0,0,0,0,4,4,0,unchanged
I01145,Retail,2022,B,B,0,0,0,0,2,2,0,unchanged
I01146,Utilities,2022,BBB,BBB,0,0,0,0,4,4,0,unchanged
I01147,Energy,2022,B,B,0,0,0,0,2,2,0,unchanged
I01149,Utilities,2022,B,B,0,0,0,0,2,2,0,unchanged
I01151,Energy,2022,BBB,BBB,0,0,0,0,4,4,0,unchanged
I01152,Consumer,2022,BBB,BBB,0,0,0,0,4,4,0,unchanged
I01153,Technology,2022,A,A,0,0,0,0,5,5,0,unchanged
I01154,Financials,2022,A,A,0,0,0,0,5,5,0,unchanged
I01155,Financials,2022,BBB,AA,1,0,0,-2,4,6,2,upgrade
I01156,Energy,2022,BBB,A,1,0,0,-1,4,5,1,upgrade
I01158,Energy,2022,B,B,0,0,0,0,2,2,0,unchanged
I01159,Energy,2022,A,A,0,0,0,0,5,5,0,unchanged
I01162,Industrials,2022,BBB,BBB,0,0,0,0,4,4,0,unchanged
I01163,Utilities,2022,B,B,0,0,0,0,2,2,0,unchanged
I01164,Retail,2022,AA,AA,0,0,0,0,6,6,0,unchanged
I01165,Real_Estate,2022,BBB,BBB,0,0,0,0,4,4,0,unchanged
I01166,Telecom,2022,BB,B,0,1,0,1,3,2,-1,downgrade
I01167,Retail,2022,A,A,0,0,0,0,5,5,0,unchanged
I01168,Energy,2022,AA,AA,0,0,0,0,6,6,0,unchanged
I01169,Energy,2022,B,B,0,0,0,0,2,2,0,unchanged
I01170,Utilities,2022,BB,BB,0,0,0,0,3,3,0,unchanged
I01171,Industrials,2022,AA,A,0,1,0,1,6,5,-1,downgrade
I01172,Industrials,2022,BBB,BBB,0,0,0,0,4,4,0,unchanged
I01174,Utilities,2022,AA,AA,0,0,0,0,6,6,0,unchanged
I01175,Consumer,2022,BBB,BBB,0,0,0,0,4,4,0,unchanged
I01176,Technology,2022,AA,A,0,1,0,1,6,5,-1,downgrade
I01177,Consumer,2022,BB,BB,0,0,0,0,3,3,0,unchanged
I01178,Financials,2022,A,A,0,0,0,0,5,5,0,unchanged
I01179,Financials,2022,AA,AA,0,0,0,0,6,6,0,unchanged
I01180,Financials,2022,BB,BB,0,0,0,0,3,3,0,unchanged
I01181,Real_Estate,2022,BB,BB,0,0,0,0,3,3,0,unchanged
I01182,Technology,2022,AA,A,0,1,0,1,6,5,-1,downgrade
I01183,Financials,2022,BB,BB,0,0,0,0,3,3,0,unchanged
I01184,Financials,2022,BBB,BBB,0,0,0,0,4,4,0,unchanged
I01185,Healthcare,2022,A,A,0,0,0,0,5,5,0,unchanged
I01186,Financials,2022,AA,AA,0,0,0,0,6,6,0,unchanged
I01188,Retail,2022,BB,BB,0,0,0,0,3,3,0,unchanged
I01189,Energy,2022,B,B,0,0,0,0,2,2,0,unchanged
I01190,Energy,2022,BB,BB,0,0,0,0,3,3,0,unchanged
I01191,Financials,2022,B,B,0,0,0,0,2,2,0,unchanged
I01193,Healthcare,2022,BB,BB,0,0,0,0,3,3,0,unchanged
I01194,Financials,2022,BB,BB,0,0,0,0,3,3,0,unchanged
I01196,Healthcare,2022,B,B,0,0,0,0,2,2,0,unchanged
I01197,Healthcare,2022,AAA,AAA,0,0,0,0,7,7,0,unchanged
I01198,Telecom,2022,B,B,0,0,0,0,2,2,0,unchanged
I01199,Healthcare,2022,A,A,0,0,0,0,5,5,0,unchanged
I01201,Real_Estate,2022,A,A,0,0,0,0,5,5,0,unchanged
I01202,Utilities,2022,B,B,0,0,0,0,2,2,0,unchanged
I01204,Utilities,2022,A,A,0,0,0,0,5,5,0,unchanged
I01206,Retail,2022,AA,AA,0,0,0,0,6,6,0,unchanged
I01207,Healthcare,2022,BBB,BBB,0,0,0,0,4,4,0,unchanged
I01208,Real_Estate,2022,BBB,BBB,0,0,0,0,4,4,0,unchanged
I01209,Industrials,2022,BBB,A,1,0,0,-1,4,5,1,upgrade
I01210,Energy,2022,BBB,BBB,0,0,0,0,4,4,0,unchanged
I01211,Financials,2022,A,A,0,0,0,0,5,5,0,unchanged
I01212,Technology,2022,BB,BB,0,0,0,0,3,3,0,unchanged
I01213,Healthcare,2022,BBB,BB,0,1,0,1,4,3,-1,downgrade
I01214,Consumer,2022,BBB,BBB,0,0,0,0,4,4,0,unchanged
I01215,Healthcare,2022,CCC,D,0,0,1,1,1,0,-1,default
I01217,Healthcare,2022,B,B,0,0,0,0,2,2,0,unchanged
I01218,Energy,2022,A,A,0,0,0,0,5,5,0,unchanged
I01219,Energy,2022,BB,BB,0,0,0,0,3,3,0,unchanged
I01220,Healthcare,2022,BBB,BBB,0,0,0,0,4,4,0,unchanged
I01222,Technology,2022,A,A,0,0,0,0,5,5,0,unchanged
I01224,Industrials,2022,AAA,AAA,0,0,0,0,7,7,0,unchanged
I01225,Healthcare,2022,AA,AA,0,0,0,0,6,6,0,unchanged
I01227,Financials,2022,A,A,0,0,0,0,5,5,0,unchanged
I01228,Financials,2022,AAA,AAA,0,0,0,0,7,7,0,unchanged
I01229,Technology,2022,BBB,BBB,0,0,0,0,4,4,0,unchanged
I01230,Healthcare,2022,A,A,0,0,0,0,5,5,0,unchanged
I01231,Energy,2022,BB,BB,0,0,0,0,3,3,0,unchanged
I01233,Utilities,2022,BBB,BBB,0,0,0,0,4,4,0,unchanged
I01235,Real_Estate,2022,B,B,0,0,0,0,2,2,0,unchanged
I01236,Telecom,2022,BBB,BBB,0,0,0,0,4,4,0,unchanged
I01238,Retail,2022,A,A,0,0,0,0,5,5,0,unchanged
I01239,Energy,2022,B,B,0,0,0,0,2,2,0,unchanged
I01240,Energy,2022,B,B,0,0,0,0,2,2,0,unchanged
I01241,Healthcare,2022,BBB,BBB,0,0,0,0,4,4,0,unchanged
I01243,Consumer,2022,A,A,0,0,0,0,5,5,0,unchanged
I01244,Telecom,2022,B,B,0,0,0,0,2,2,0,unchanged
I01245,Retail,2022,A,BBB,0,1,0,1,5,4,-1,downgrade
I01247,Retail,2022,AA,AA,0,0,0,0,6,6,0,unchanged
I01248,Healthcare,2022,A,A,0,0,0,0,5,5,0,unchanged
I01249,Energy,2022,CCC,CCC,0,0,0,0,1,1,0,unchanged
I01251,Utilities,2022,BBB,BBB,0,0,0,0,4,4,0,unchanged
I01252,Retail,2022,BBB,BBB,0,0,0,0,4,4,0,unchanged
I01254,Telecom,2022,BBB,BBB,0,0,0,0,4,4,0,unchanged
I01255,Real_Estate,2022,BBB,B,0,1,0,2,4,2,-2,downgrade
I01256,Retail,2022,BB,BB,0,0,0,0,3,3,0,unchanged
I01257,Energy,2022,A,A,0,0,0,0,5,5,0,unchanged
I01258,Industrials,2022,BBB,BBB,0,0,0,0,4,4,0,unchanged
I01259,Energy,2022,BBB,BB,0,1,0,1,4,3,-1,downgrade
I01260,Industrials,2022,AAA,AAA,0,0,0,0,7,7,0,unchanged
I01261,Telecom,2022,BB,BB,0,0,0,0,3,3,0,unchanged
I01262,Industrials,2022,AA,AA,0,0,0,0,6,6,0,unchanged
I01263,Consumer,2022,BB,BB,0,0,0,0,3,3,0,unchanged
I01264,Energy,2022,B,B,0,0,0,0,2,2,0,unchanged
I01265,Telecom,2022,AA,AA,0,0,0,0,6,6,0,unchanged
I01266,Utilities,2022,AAA,AA,0,1,0,1,7,6,-1,downgrade
I01268,Energy,2022,BB,BB,0,0,0,0,3,3,0,unchanged
I01269,Consumer,2022,B,B,0,0,0,0,2,2,0,unchanged
I01270,Energy,2022,A,A,0,0,0,0,5,5,0,unchanged
I01272,Telecom,2022,BBB,BBB,0,0,0,0,4,4,0,unchanged
I01273,Healthcare,2022,B,B,0,0,0,0,2,2,0,unchanged
I01274,Healthcare,2022,AA,AA,0,0,0,0,6,6,0,unchanged
I01275,Utilities,2022,AA,AA,0,0,0,0,6,6,0,unchanged
I01276,Utilities,2022,BB,BB,0,0,0,0,3,3,0,unchanged
I01277,Retail,2022,B,B,0,0,0,0,2,2,0,unchanged
I01278,Healthcare,2022,BBB,BBB,0,0,0,0,4,4,0,unchanged
I01279,Financials,2022,BBB,BBB,0,0,0,0,4,4,0,unchanged
I01281,Healthcare,2022,A,A,0,0,0,0,5,5,0,unchanged
I01282,Retail,2022,BB,BB,0,0,0,0,3,3,0,unchanged
I01283,Telecom,2022,BBB,BB,0,1,0,1,4,3,-1,downgrade
I01285,Retail,2022,B,B,0,0,0,0,2,2,0,unchanged
I01286,Telecom,2022,BBB,A,1,0,0,-1,4,5,1,upgrade
I01287,Financials,2022,A,A,0,0,0,0,5,5,0,unchanged
I01288,Financials,2022,A,A,0,0,0,0,5,5,0,unchanged
I01289,Industrials,2022,A,A,0,0,0,0,5,5,0,unchanged
I01291,Financials,2022,A,A,0,0,0,0,5,5,0,unchanged
I01294,Telecom,2022,B,B,0,0,0,0,2,2,0,unchanged
I01295,Healthcare,2022,A,A,0,0,0,0,5,5,0,unchanged
I01296,Telecom,2022,BBB,BBB,0,0,0,0,4,4,0,unchanged
I01297,Retail,2022,A,A,0,0,0,0,5,5,0,unchanged
I01298,Telecom,2022,A,A,0,0,0,0,5,5,0,unchanged
I01299,Healthcare,2022,AA,AA,0,0,0,0,6,6,0,unchanged
I01301,Telecom,2022,BB,BB,0,0,0,0,3,3,0,unchanged
I01303,Technology,2022,B,B,0,0,0,0,2,2,0,unchanged
I01304,Telecom,2022,BBB,BBB,0,0,0,0,4,4,0,unchanged
I01305,Retail,2022,CCC,CCC,0,0,0,0,1,1,0,unchanged
I01306,Industrials,2022,BB,BB,0,0,0,0,3,3,0,unchanged
I01307,Real_Estate,2022,AA,AA,0,0,0,0,6,6,0,unchanged
I01308,Financials,2022,BBB,BBB,0,0,0,0,4,4,0,unchanged
I01310,Industrials,2022,BBB,BBB,0,0,0,0,4,4,0,unchanged
I01311,Telecom,2022,BBB,BBB,0,0,0,0,4,4,0,unchanged
I01312,Consumer,2022,BBB,BBB,0,0,0,0,4,4,0,unchanged
I01313,Consumer,2022,A,A,0,0,0,0,5,5,0,unchanged
I01314,Industrials,2022,A,A,0,0,0,0,5,5,0,unchanged
I01315,Energy,2022,BBB,BBB,0,0,0,0,4,4,0,unchanged
I01316,Financials,2022,B,B,0,0,0,0,2,2,0,unchanged
I01317,Consumer,2022,B,B,0,0,0,0,2,2,0,unchanged
I01319,Retail,2022,B,B,0,0,0,0,2,2,0,unchanged
I01320,Healthcare,2022,BB,BB,0,0,0,0,3,3,0,unchanged
I01321,Healthcare,2022,A,A,0,0,0,0,5,5,0,unchanged
I01323,Consumer,2022,AA,AA,0,0,0,0,6,6,0,unchanged
I01324,Real_Estate,2022,A,BBB,0,1,0,1,5,4,-1,downgrade
I01326,Retail,2022,A,A,0,0,0,0,5,5,0,unchanged
I01327,Utilities,2022,BBB,BBB,0,0,0,0,4,4,0,unchanged
I01328,Technology,2022,A,A,0,0,0,0,5,5,0,unchanged
I01329,Industrials,2022,BB,BBB,1,0,0,-1,3,4,1,upgrade
I01330,Telecom,2022,A,A,0,0,0,0,5,5,0,unchanged
I01331,Healthcare,2022,A,BBB,0,1,0,1,5,4,-1,downgrade
I01333,Healthcare,2022,CCC,B,1,0,0,-1,1,2,1,upgrade
I01335,Telecom,2022,A,A,0,0,0,0,5,5,0,unchanged
I01336,Real_Estate,2022,B,B,0,0,0,0,2,2,0,unchanged
I01337,Telecom,2022,AAA,AAA,0,0,0,0,7,7,0,unchanged
I01339,Industrials,2022,A,A,0,0,0,0,5,5,0,unchanged
I01340,Energy,2022,BB,CCC,0,1,0,2,3,1,-2,downgrade
I01342,Energy,2022,A,A,0,0,0,0,5,5,0,unchanged
I01344,Telecom,2022,AAA,AAA,0,0,0,0,7,7,0,unchanged
I01345,Telecom,2022,B,B,0,0,0,0,2,2,0,unchanged
I01346,Consumer,2022,B,B,0,0,0,0,2,2,0,unchanged
I01347,Technology,2022,B,CCC,0,1,0,1,2,1,-1,downgrade
I01348,Energy,2022,AA,AA,0,0,0,0,6,6,0,unchanged
I01349,Technology,2022,BBB,BBB,0,0,0,0,4,4,0,unchanged
I01350,Industrials,2022,B,B,0,0,0,0,2,2,0,unchanged
I01351,Financials,2022,BBB,BBB,0,0,0,0,4,4,0,unchanged
I01352,Real_Estate,2022,BBB,BBB,0,0,0,0,4,4,0,unchanged
I01353,Healthcare,2022,A,A,0,0,0,0,5,5,0,unchanged
I01354,Telecom,2022,A,A,0,0,0,0,5,5,0,unchanged
I01356,Utilities,2022,BB,BB,0,0,0,0,3,3,0,unchanged
I01357,Financials,2022,BB,B,0,1,0,1,3,2,-1,downgrade
I01358,Technology,2022,BBB,BBB,0,0,0,0,4,4,0,unchanged
I01362,Energy,2022,A,A,0,0,0,0,5,5,0,unchanged
I01363,Financials,2022,BBB,A,1,0,0,-1,4,5,1,upgrade
I01364,Real_Estate,2022,A,A,0,0,0,0,5,5,0,unchanged
I01365,Financials,2022,BB,BB,0,0,0,0,3,3,0,unchanged
I01368,Retail,2022,BB,BB,0,0,0,0,3,3,0,unchanged
I01370,Energy,2022,B,BB,1,0,0,-1,2,3,1,upgrade
I01372,Utilities,2022,BBB,BBB,0,0,0,0,4,4,0,unchanged
I01374,Technology,2022,A,A,0,0,0,0,5,5,0,unchanged
I01375,Utilities,2022,BBB,BBB,0,0,0,0,4,4,0,unchanged
I01376,Real_Estate,2022,BB,BB,0,0,0,0,3,3,0,unchanged
I01377,Industrials,2022,AA,AA,0,0,0,0,6,6,0,unchanged
I01379,Retail,2022,BB,BB,0,0,0,0,3,3,0,unchanged
I01380,Energy,2022,CCC,CCC,0,0,0,0,1,1,0,unchanged
I01382,Industrials,2022,A,BBB,0,1,0,1,5,4,-1,downgrade
I01383,Consumer,2022,BBB,BBB,0,0,0,0,4,4,0,unchanged
I01384,Energy,2022,AA,A,0,1,0,1,6,5,-1,downgrade
I01385,Technology,2022,B,B,0,0,0,0,2,2,0,unchanged
I01386,Healthcare,2022,BBB,BBB,0,0,0,0,4,4,0,unchanged
I01387,Retail,2022,BBB,BBB,0,0,0,0,4,4,0,unchanged
I01388,Telecom,2022,A,A,0,0,0,0,5,5,0,unchanged
I01390,Real_Estate,2022,BBB,BBB,0,0,0,0,4,4,0,unchanged
I01391,Technology,2022,BB,BB,0,0,0,0,3,3,0,unchanged
I01392,Real_Estate,2022,AAA,AAA,0,0,0,0,7,7,0,unchanged
I01393,Industrials,2022,B,D,0,0,1,2,2,0,-2,default
I01394,Industrials,2022,BBB,BBB,0,0,0,0,4,4,0,unchanged
I01395,Telecom,2022,A,A,0,0,0,0,5,5,0,unchanged
I01396,Financials,2022,A,A,0,0,0,0,5,5,0,unchanged
I01397,Healthcare,2022,BB,BB,0,0,0,0,3,3,0,unchanged
I01398,Telecom,2022,B,B,0,0,0,0,2,2,0,unchanged
I01399,Real_Estate,2022,AA,AA,0,0,0,0,6,6,0,unchanged
I01400,Retail,2022,AAA,AAA,0,0,0,0,7,7,0,unchanged
I01401,Technology,2022,BBB,BB,0,1,0,1,4,3,-1,downgrade
I01402,Industrials,2022,AA,AA,0,0,0,0,6,6,0,unchanged
I01403,Telecom,2022,A,AA,1,0,0,-1,5,6,1,upgrade
I01404,Industrials,2022,A,A,0,0,0,0,5,5,0,unchanged
I01405,Utilities,2022,BB,B,0,1,0,1,3,2,-1,downgrade
I01406,Real_Estate,2022,B,CCC,0,1,0,1,2,1,-1,downgrade
I01407,Financials,2022,B,B,0,0,0,0,2,2,0,unchanged
I01409,Industrials,2022,BB,BBB,1,0,0,-1,3,4,1,upgrade
I01410,Technology,2022,A,BBB,0,1,0,1,5,4,-1,downgrade
I01411,Energy,2022,BBB,BBB,0,0,0,0,4,4,0,unchanged
I01412,Industrials,2022,BB,BB,0,0,0,0,3,3,0,unchanged
I01413,Real_Estate,2022,BBB,A,1,0,0,-1,4,5,1,upgrade
I01414,Consumer,2022,BB,BB,0,0,0,0,3,3,0,unchanged
I01415,Technology,2022,BBB,BBB,0,0,0,0,4,4,0,unchanged
I01416,Healthcare,2022,BBB,BBB,0,0,0,0,4,4,0,unchanged
I01417,Healthcare,2022,A,A,0,0,0,0,5,5,0,unchanged
I01418,Technology,2022,BB,BB,0,0,0,0,3,3,0,unchanged
I01419,Financials,2022,A,A,0,0,0,0,5,5,0,unchanged
I01420,Real_Estate,2022,B,B,0,0,0,0,2,2,0,unchanged
I01421,Utilities,2022,BBB,BBB,0,0,0,0,4,4,0,unchanged
I01423,Technology,2022,BB,BB,0,0,0,0,3,3,0,unchanged
I01424,Utilities,2022,AA,AA,0,0,0,0,6,6,0,unchanged
I01425,Telecom,2022,B,B,0,0,0,0,2,2,0,unchanged
I01426,Real_Estate,2022,BBB,A,1,0,0,-1,4,5,1,upgrade
I01427,Utilities,2022,AA,AA,0,0,0,0,6,6,0,unchanged
I01428,Financials,2022,AA,AA,0,0,0,0,6,6,0,unchanged
I01431,Energy,2022,BBB,BBB,0,0,0,0,4,4,0,unchanged
I01432,Consumer,2022,AA,AA,0,0,0,0,6,6,0,unchanged
I01434,Healthcare,2022,A,A,0,0,0,0,5,5,0,unchanged
I01435,Industrials,2022,B,B,0,0,0,0,2,2,0,unchanged
I01436,Industrials,2022,BBB,BBB,0,0,0,0,4,4,0,unchanged
I01437,Healthcare,2022,BB,B,0,1,0,1,3,2,-1,downgrade
I01438,Technology,2022,A,A,0,0,0,0,5,5,0,unchanged
I01439,Energy,2022,A,BBB,0,1,0,1,5,4,-1,downgrade
I01440,Telecom,2022,BBB,BBB,0,0,0,0,4,4,0,unchanged
I01441,Energy,2022,A,A,0,0,0,0,5,5,0,unchanged
I01442,Energy,2022,BB,BBB,1,0,0,-1,3,4,1,upgrade
I01443,Utilities,2022,A,A,0,0,0,0,5,5,0,unchanged
I01444,Real_Estate,2022,BBB,BBB,0,0,0,0,4,4,0,unchanged
I01446,Healthcare,2022,BB,BB,0,0,0,0,3,3,0,unchanged
I01447,Technology,2022,AA,AA,0,0,0,0,6,6,0,unchanged
I01448,Retail,2022,BB,BB,0,0,0,0,3,3,0,unchanged
I01450,Real_Estate,2022,B,B,0,0,0,0,2,2,0,unchanged
I01451,Telecom,2022,B,B,0,0,0,0,2,2,0,unchanged
I01452,Energy,2022,BB,BB,0,0,0,0,3,3,0,unchanged
I01453,Consumer,2022,A,A,0,0,0,0,5,5,0,unchanged
I01454,Real_Estate,2022,B,B,0,0,0,0,2,2,0,unchanged
I01455,Technology,2022,BBB,BBB,0,0,0,0,4,4,0,unchanged
I01456,Telecom,2022,BBB,BBB,0,0,0,0,4,4,0,unchanged
I01457,Industrials,2022,B,B,0,0,0,0,2,2,0,unchanged
I01458,Healthcare,2022,BBB,BBB,0,0,0,0,4,4,0,unchanged
I01459,Industrials,2022,A,A,0,0,0,0,5,5,0,unchanged
I01461,Retail,2022,A,A,0,0,0,0,5,5,0,unchanged
I01462,Consumer,2022,BBB,A,1,0,0,-1,4,5,1,upgrade
I01463,Real_Estate,2022,BB,BB,0,0,0,0,3,3,0,unchanged
I01464,Consumer,2022,BB,BB,0,0,0,0,3,3,0,unchanged
I01465,Consumer,2022,AA,AA,0,0,0,0,6,6,0,unchanged
I01466,Real_Estate,2022,BB,BB,0,0,0,0,3,3,0,unchanged
I01467,Retail,2022,BB,BB,0,0,0,0,3,3,0,unchanged
I01468,Retail,2022,B,B,0,0,0,0,2,2,0,unchanged
I01469,Utilities,2022,B,B,0,0,0,0,2,2,0,unchanged
I01470,Real_Estate,2022,A,A,0,0,0,0,5,5,0,unchanged
I01471,Energy,2022,BB,B,0,1,0,1,3,2,-1,downgrade
I01472,Telecom,2022,A,A,0,0,0,0,5,5,0,unchanged
I01473,Financials,2022,A,A,0,0,0,0,5,5,0,unchanged
I01474,Healthcare,2022,BB,BB,0,0,0,0,3,3,0,unchanged
I01475,Retail,2022,A,A,0,0,0,0,5,5,0,unchanged
I01476,Retail,2022,A,A,0,0,0,0,5,5,0,unchanged
I01479,Energy,2022,B,B,0,0,0,0,2,2,0,unchanged
I01480,Telecom,2022,A,BBB,0,1,0,1,5,4,-1,downgrade
I01482,Industrials,2022,BBB,BBB,0,0,0,0,4,4,0,unchanged
I01483,Technology,2022,BB,BB,0,0,0,0,3,3,0,unchanged
I01484,Telecom,2022,BBB,BBB,0,0,0,0,4,4,0,unchanged
I01485,Utilities,2022,B,B,0,0,0,0,2,2,0,unchanged
I01486,Industrials,2022,BB,BB,0,0,0,0,3,3,0,unchanged
I01487,Energy,2022,BBB,BB,0,1,0,1,4,3,-1,downgrade
I01488,Industrials,2022,B,B,0,0,0,0,2,2,0,unchanged
I01490,Energy,2022,BBB,BBB,0,0,0,0,4,4,0,unchanged
I01491,Real_Estate,2022,BBB,BBB,0,0,0,0,4,4,0,unchanged
I01492,Real_Estate,2022,CCC,CCC,0,0,0,0,1,1,0,unchanged
I01494,Financials,2022,BBB,BBB,0,0,0,0,4,4,0,unchanged
I01495,Financials,2022,AA,AA,0,0,0,0,6,6,0,unchanged
I01496,Healthcare,2022,BBB,BBB,0,0,0,0,4,4,0,unchanged
I01497,Healthcare,2022,A,A,0,0,0,0,5,5,0,unchanged
I01498,Real_Estate,2022,BBB,BBB,0,0,0,0,4,4,0,unchanged
I01499,Healthcare,2022,A,A,0,0,0,0,5,5,0,unchanged
I01500,Financials,2022,BBB,BBB,0,0,0,0,4,4,0,unchanged
I01501,Telecom,2022,A,A,0,0,0,0,5,5,0,unchanged
I01502,Retail,2022,BB,BBB,1,0,0,-1,3,4,1,upgrade
I01503,Healthcare,2022,A,A,0,0,0,0,5,5,0,unchanged
I01504,Healthcare,2022,B,B,0,0,0,0,2,2,0,unchanged
I01505,Real_Estate,2022,BBB,BBB,0,0,0,0,4,4,0,unchanged
I01506,Financials,2022,BBB,BBB,0,0,0,0,4,4,0,unchanged
I01507,Telecom,2022,A,A,0,0,0,0,5,5,0,unchanged
I01508,Consumer,2022,A,A,0,0,0,0,5,5,0,unchanged
I01509,Financials,2022,A,A,0,0,0,0,5,5,0,unchanged
I01510,Telecom,2022,A,A,0,0,0,0,5,5,0,unchanged
I01512,Utilities,2022,BBB,BB,0,1,0,1,4,3,-1,downgrade
I01513,Telecom,2022,A,A,0,0,0,0,5,5,0,unchanged
I01514,Industrials,2022,A,A,0,0,0,0,5,5,0,unchanged
I01515,Healthcare,2022,BBB,A,1,0,0,-1,4,5,1,upgrade
I01516,Industrials,2022,A,A,0,0,0,0,5,5,0,unchanged
I01517,Healthcare,2022,BB,BB,0,0,0,0,3,3,0,unchanged
I01518,Energy,2022,B,B,0,0,0,0,2,2,0,unchanged
I01519,Real_Estate,2022,BBB,BBB,0,0,0,0,4,4,0,unchanged
I01521,Technology,2022,A,A,0,0,0,0,5,5,0,unchanged
I01522,Technology,2022,BBB,BBB,0,0,0,0,4,4,0,unchanged
I01523,Industrials,2022,BB,BB,0,0,0,0,3,3,0,unchanged
I01524,Telecom,2022,A,A,0,0,0,0,5,5,0,unchanged
I01525,Utilities,2022,B,B,0,0,0,0,2,2,0,unchanged
I01526,Financials,2022,A,A,0,0,0,0,5,5,0,unchanged
I01527,Real_Estate,2022,A,A,0,0,0,0,5,5,0,unchanged
I01528,Utilities,2022,AA,AA,0,0,0,0,6,6,0,unchanged
I01529,Telecom,2022,BBB,BBB,0,0,0,0,4,4,0,unchanged
I01530,Healthcare,2022,A,A,0,0,0,0,5,5,0,unchanged
I01531,Telecom,2022,B,B,0,0,0,0,2,2,0,unchanged
I01533,Financials,2022,A,A,0,0,0,0,5,5,0,unchanged
I01534,Energy,2022,B,B,0,0,0,0,2,2,0,unchanged
I01535,Utilities,2022,B,B,0,0,0,0,2,2,0,unchanged
I01537,Healthcare,2022,A,A,0,0,0,0,5,5,0,unchanged
I01538,Energy,2022,A,A,0,0,0,0,5,5,0,unchanged
I01539,Consumer,2022,BB,BB,0,0,0,0,3,3,0,unchanged
I01540,Consumer,2022,BBB,BBB,0,0,0,0,4,4,0,unchanged
I01541,Consumer,2022,A,A,0,0,0,0,5,5,0,unchanged
I01542,Financials,2022,A,A,0,0,0,0,5,5,0,unchanged
I01543,Industrials,2022,BB,BB,0,0,0,0,3,3,0,unchanged
I01544,Consumer,2022,CCC,D,0,0,1,1,1,0,-1,default
I01545,Healthcare,2022,AA,A,0,1,0,1,6,5,-1,downgrade
I01547,Utilities,2022,BBB,A,1,0,0,-1,4,5,1,upgrade
I01548,Industrials,2022,B,B,0,0,0,0,2,2,0,unchanged
I01549,Consumer,2022,BBB,BBB,0,0,0,0,4,4,0,unchanged
I01551,Technology,2022,A,A,0,0,0,0,5,5,0,unchanged
I01552,Financials,2022,AA,AA,0,0,0,0,6,6,0,unchanged
I01553,Telecom,2022,BBB,BBB,0,0,0,0,4,4,0,unchanged
I01556,Healthcare,2022,BBB,BBB,0,0,0,0,4,4,0,unchanged
I01557,Real_Estate,2022,BB,BB,0,0,0,0,3,3,0,unchanged
I01558,Technology,2022,BB,BB,0,0,0,0,3,3,0,unchanged
I01559,Energy,2022,B,D,0,0,1,2,2,0,-2,default
I01561,Utilities,2022,B,B,0,0,0,0,2,2,0,unchanged
I01562,Industrials,2022,A,A,0,0,0,0,5,5,0,unchanged
I01563,Technology,2022,BB,BB,0,0,0,0,3,3,0,unchanged
I01564,Real_Estate,2022,B,B,0,0,0,0,2,2,0,unchanged
I01565,Retail,2022,A,A,0,0,0,0,5,5,0,unchanged
I01566,Financials,2022,B,D,0,0,1,2,2,0,-2,default
I01567,Energy,2022,BB,BB,0,0,0,0,3,3,0,unchanged
I01568,Technology,2022,BBB,A,1,0,0,-1,4,5,1,upgrade
I01569,Consumer,2022,AAA,AAA,0,0,0,0,7,7,0,unchanged
I01571,Consumer,2022,BBB,BBB,0,0,0,0,4,4,0,unchanged
I01572,Utilities,2022,A,A,0,0,0,0,5,5,0,unchanged
I01573,Retail,2022,BBB,A,1,0,0,-1,4,5,1,upgrade
I01575,Utilities,2022,A,A,0,0,0,0,5,5,0,unchanged
I01577,Financials,2022,B,B,0,0,0,0,2,2,0,unchanged
I01578,Industrials,2022,BBB,BBB,0,0,0,0,4,4,0,unchanged
I01579,Industrials,2022,AA,AA,0,0,0,0,6,6,0,unchanged
I01580,Financials,2022,A,A,0,0,0,0,5,5,0,unchanged
I01581,Financials,2022,A,BBB,0,1,0,1,5,4,-1,downgrade
I01582,Utilities,2022,AAA,AAA,0,0,0,0,7,7,0,unchanged
I01583,Industrials,2022,CCC,B,1,0,0,-1,1,2,1,upgrade
I01584,Technology,2022,BB,BB,0,0,0,0,3,3,0,unchanged
I01586,Utilities,2022,A,BBB,0,1,0,1,5,4,-1,downgrade
I01587,Healthcare,2022,BBB,BBB,0,0,0,0,4,4,0,unchanged
I01588,Real_Estate,2022,CCC,B,1,0,0,-1,1,2,1,upgrade
I01590,Telecom,2022,A,A,0,0,0,0,5,5,0,unchanged
I01591,Financials,2022,BB,BB,0,0,0,0,3,3,0,unchanged
I01592,Technology,2022,BBB,BBB,0,0,0,0,4,4,0,unchanged
I01593,Utilities,2022,CCC,CCC,0,0,0,0,1,1,0,unchanged
I01594,Real_Estate,2022,B,B,0,0,0,0,2,2,0,unchanged
I01595,Energy,2022,B,D,0,0,1,2,2,0,-2,default
I01596,Consumer,2022,BB,B,0,1,0,1,3,2,-1,downgrade
I01597,Retail,2022,A,A,0,0,0,0,5,5,0,unchanged
I01598,Consumer,2022,BBB,BBB,0,0,0,0,4,4,0,unchanged
I01599,Industrials,2022,AA,AA,0,0,0,0,6,6,0,unchanged
I01601,Financials,2022,B,B,0,0,0,0,2,2,0,unchanged
I01602,Healthcare,2022,AAA,AAA,0,0,0,0,7,7,0,unchanged
I01603,Healthcare,2022,AA,AA,0,0,0,0,6,6,0,unchanged
I01604,Industrials,2022,BB,BB,0,0,0,0,3,3,0,unchanged
I01605,Energy,2022,A,A,0,0,0,0,5,5,0,unchanged
I01606,Technology,2022,A,A,0,0,0,0,5,5,0,unchanged
I01607,Utilities,2022,A,A,0,0,0,0,5,5,0,unchanged
I01608,Energy,2022,A,A,0,0,0,0,5,5,0,unchanged
I01609,Real_Estate,2022,BB,BB,0,0,0,0,3,3,0,unchanged
I01610,Industrials,2022,BBB,BBB,0,0,0,0,4,4,0,unchanged
I01611,Consumer,2022,CCC,B,1,0,0,-1,1,2,1,upgrade
I01612,Industrials,2022,B,B,0,0,0,0,2,2,0,unchanged
I01613,Industrials,2022,B,B,0,0,0,0,2,2,0,unchanged
I01614,Technology,2022,B,B,0,0,0,0,2,2,0,unchanged
I01615,Consumer,2022,BBB,BBB,0,0,0,0,4,4,0,unchanged
I01616,Real_Estate,2022,BB,BB,0,0,0,0,3,3,0,unchanged
I01617,Industrials,2022,BBB,BBB,0,0,0,0,4,4,0,unchanged
I01619,Technology,2022,BBB,BBB,0,0,0,0,4,4,0,unchanged
I01620,Healthcare,2022,BBB,BBB,0,0,0,0,4,4,0,unchanged
I01621,Industrials,2022,BBB,BBB,0,0,0,0,4,4,0,unchanged
I01623,Energy,2022,A,A,0,0,0,0,5,5,0,unchanged
I01624,Energy,2022,BBB,BBB,0,0,0,0,4,4,0,unchanged
I01626,Energy,2022,B,B,0,0,0,0,2,2,0,unchanged
I01627,Financials,2022,AA,AA,0,0,0,0,6,6,0,unchanged
I01628,Real_Estate,2022,BBB,BBB,0,0,0,0,4,4,0,unchanged
I01629,Real_Estate,2022,AA,AA,0,0,0,0,6,6,0,unchanged
I01630,Telecom,2022,BBB,BBB,0,0,0,0,4,4,0,unchanged
I01631,Technology,2022,A,A,0,0,0,0,5,5,0,unchanged
I01632,Healthcare,2022,A,A,0,0,0,0,5,5,0,unchanged
I01633,Financials,2022,BB,B,0,1,0,1,3,2,-1,downgrade
I01634,Telecom,2022,A,A,0,0,0,0,5,5,0,unchanged
I01635,Telecom,2022,B,B,0,0,0,0,2,2,0,unchanged
I01636,Technology,2022,BB,BB,0,0,0,0,3,3,0,unchanged
I01637,Financials,2022,BBB,BBB,0,0,0,0,4,4,0,unchanged
I01638,Utilities,2022,BB,BB,0,0,0,0,3,3,0,unchanged
I01639,Energy,2022,BBB,BBB,0,0,0,0,4,4,0,unchanged
I01640,Technology,2022,BB,BB,0,0,0,0,3,3,0,unchanged
I01641,Industrials,2022,BBB,BBB,0,0,0,0,4,4,0,unchanged
I01642,Consumer,2022,BBB,BBB,0,0,0,0,4,4,0,unchanged
I01643,Utilities,2022,B,BBB,1,0,0,-2,2,4,2,upgrade
I01645,Industrials,2022,B,B,0,0,0,0,2,2,0,unchanged
I01646,Healthcare,2022,BB,BB,0,0,0,0,3,3,0,unchanged
I01648,Retail,2022,B,D,0,0,1,2,2,0,-2,default
I01649,Financials,2022,A,A,0,0,0,0,5,5,0,unchanged
I01650,Technology,2022,BBB,BBB,0,0,0,0,4,4,0,unchanged
I01651,Retail,2022,BB,BB,0,0,0,0,3,3,0,unchanged
I01652,Energy,2022,A,A,0,0,0,0,5,5,0,unchanged
I01653,Industrials,2022,BBB,BBB,0,0,0,0,4,4,0,unchanged
I01654,Retail,2022,B,B,0,0,0,0,2,2,0,unchanged
I01656,Healthcare,2022,BB,BB,0,0,0,0,3,3,0,unchanged
I01657,Retail,2022,BB,B,0,1,0,1,3,2,-1,downgrade
I01658,Energy,2022,BB,BB,0,0,0,0,3,3,0,unchanged
I01659,Technology,2022,BBB,BBB,0,0,0,0,4,4,0,unchanged
I01660,Industrials,2022,A,A,0,0,0,0,5,5,0,unchanged
I01661,Utilities,2022,BB,BB,0,0,0,0,3,3,0,unchanged
I01662,Industrials,2022,BBB,BBB,0,0,0,0,4,4,0,unchanged
I01663,Industrials,2022,B,B,0,0,0,0,2,2,0,unchanged
I01664,Telecom,2022,BBB,BBB,0,0,0,0,4,4,0,unchanged
I01665,Retail,2022,BBB,BBB,0,0,0,0,4,4,0,unchanged
I01666,Consumer,2022,BB,BB,0,0,0,0,3,3,0,unchanged
I01667,Healthcare,2022,A,A,0,0,0,0,5,5,0,unchanged
I01669,Real_Estate,2022,BBB,BBB,0,0,0,0,4,4,0,unchanged
I01670,Retail,2022,A,A,0,0,0,0,5,5,0,unchanged
I01672,Consumer,2022,A,A,0,0,0,0,5,5,0,unchanged
I01673,Real_Estate,2022,B,B,0,0,0,0,2,2,0,unchanged
I01674,Utilities,2022,AAA,AAA,0,0,0,0,7,7,0,unchanged
I01675,Retail,2022,BBB,BBB,0,0,0,0,4,4,0,unchanged
I01676,Telecom,2022,AA,A,0,1,0,1,6,5,-1,downgrade
I01677,Utilities,2022,BBB,BBB,0,0,0,0,4,4,0,unchanged
I01678,Real_Estate,2022,AAA,AAA,0,0,0,0,7,7,0,unchanged
I01679,Telecom,2022,BB,BB,0,0,0,0,3,3,0,unchanged
I01680,Financials,2022,BB,BB,0,0,0,0,3,3,0,unchanged
I01681,Healthcare,2022,AA,AA,0,0,0,0,6,6,0,unchanged
I01682,Real_Estate,2022,CCC,CCC,0,0,0,0,1,1,0,unchanged
I01683,Technology,2022,A,BBB,0,1,0,1,5,4,-1,downgrade
I01684,Healthcare,2022,B,B,0,0,0,0,2,2,0,unchanged
I01685,Telecom,2022,AA,AA,0,0,0,0,6,6,0,unchanged
I01686,Utilities,2022,AA,AA,0,0,0,0,6,6,0,unchanged
I01687,Real_Estate,2022,A,A,0,0,0,0,5,5,0,unchanged
I01688,Energy,2022,A,A,0,0,0,0,5,5,0,unchanged
I01691,Consumer,2022,A,A,0,0,0,0,5,5,0,unchanged
I01692,Energy,2022,A,A,0,0,0,0,5,5,0,unchanged
I01693,Healthcare,2022,A,A,0,0,0,0,5,5,0,unchanged
I01694,Consumer,2022,A,A,0,0,0,0,5,5,0,unchanged
I01695,Financials,2022,BB,AA,1,0,0,-3,3,6,3,upgrade
I01696,Technology,2022,A,A,0,0,0,0,5,5,0,unchanged
I01697,Telecom,2022,BBB,BBB,0,0,0,0,4,4,0,unchanged
I01698,Energy,2022,A,BB,0,1,0,2,5,3,-2,downgrade
I01699,Retail,2022,A,A,0,0,0,0,5,5,0,unchanged
I01700,Industrials,2022,A,A,0,0,0,0,5,5,0,unchanged
I01701,Industrials,2022,A,A,0,0,0,0,5,5,0,unchanged
I01702,Technology,2022,B,B,0,0,0,0,2,2,0,unchanged
I01703,Energy,2022,B,D,0,0,1,2,2,0,-2,default
I01704,Industrials,2022,A,BBB,0,1,0,1,5,4,-1,downgrade
I01705,Energy,2022,A,AA,1,0,0,-1,5,6,1,upgrade
I01706,Consumer,2022,BB,CCC,0,1,0,2,3,1,-2,downgrade
I01707,Retail,2022,A,A,0,0,0,0,5,5,0,unchanged
I01708,Consumer,2022,B,B,0,0,0,0,2,2,0,unchanged
I01709,Technology,2022,B,BB,1,0,0,-1,2,3,1,upgrade
I01710,Utilities,2022,BB,BB,0,0,0,0,3,3,0,unchanged
I01712,Utilities,2022,B,BB,1,0,0,-1,2,3,1,upgrade
I01713,Telecom,2022,AA,AA,0,0,0,0,6,6,0,unchanged
I01714,Financials,2022,BBB,A,1,0,0,-1,4,5,1,upgrade
I01715,Industrials,2022,BBB,BBB,0,0,0,0,4,4,0,unchanged
I01716,Industrials,2022,A,A,0,0,0,0,5,5,0,unchanged
I01717,Technology,2022,A,A,0,0,0,0,5,5,0,unchanged
I01718,Consumer,2022,BB,BB,0,0,0,0,3,3,0,unchanged
I01719,Healthcare,2022,BBB,BBB,0,0,0,0,4,4,0,unchanged
I01722,Technology,2022,B,CCC,0,1,0,1,2,1,-1,downgrade
I01724,Energy,2022,A,A,0,0,0,0,5,5,0,unchanged
I01726,Financials,2022,BBB,BBB,0,0,0,0,4,4,0,unchanged
I01727,Industrials,2022,BB,BB,0,0,0,0,3,3,0,unchanged
I01728,Healthcare,2022,A,A,0,0,0,0,5,5,0,unchanged
I01729,Financials,2022,BB,BB,0,0,0,0,3,3,0,unchanged
I01730,Technology,2022,A,A,0,0,0,0,5,5,0,unchanged
I01731,Technology,2022,BBB,BBB,0,0,0,0,4,4,0,unchanged
I01732,Industrials,2022,BBB,B,0,1,0,2,4,2,-2,downgrade
I01733,Energy,2022,BB,BB,0,0,0,0,3,3,0,unchanged
I01734,Consumer,2022,AA,AA,0,0,0,0,6,6,0,unchanged
I01735,Retail,2022,BBB,BBB,0,0,0,0,4,4,0,unchanged
I01736,Utilities,2022,A,A,0,0,0,0,5,5,0,unchanged
I01737,Industrials,2022,A,A,0,0,0,0,5,5,0,unchanged
I01738,Energy,2022,CCC,D,0,0,1,1,1,0,-1,default
I01739,Healthcare,2022,BBB,BBB,0,0,0,0,4,4,0,unchanged
I01740,Industrials,2022,AA,AA,0,0,0,0,6,6,0,unchanged
I01741,Financials,2022,A,A,0,0,0,0,5,5,0,unchanged
I01743,Utilities,2022,BBB,BBB,0,0,0,0,4,4,0,unchanged
I01744,Technology,2022,B,B,0,0,0,0,2,2,0,unchanged
I01746,Telecom,2022,A,A,0,0,0,0,5,5,0,unchanged
I01747,Retail,2022,B,B,0,0,0,0,2,2,0,unchanged
I01748,Telecom,2022,AA,AA,0,0,0,0,6,6,0,unchanged
I01749,Telecom,2022,BB,BBB,1,0,0,-1,3,4,1,upgrade
I01750,Utilities,2022,A,BBB,0,1,0,1,5,4,-1,downgrade
I01751,Utilities,2022,B,B,0,0,0,0,2,2,0,unchanged
I01752,Utilities,2022,B,B,0,0,0,0,2,2,0,unchanged
I01753,Real_Estate,2022,A,A,0,0,0,0,5,5,0,unchanged
I01754,Technology,2022,AA,AA,0,0,0,0,6,6,0,unchanged
I01755,Consumer,2022,B,B,0,0,0,0,2,2,0,unchanged
I01757,Financials,2022,BBB,BB,0,1,0,1,4,3,-1,downgrade
I01758,Retail,2022,BB,BB,0,0,0,0,3,3,0,unchanged
I01759,Financials,2022,A,A,0,0,0,0,5,5,0,unchanged
I01760,Energy,2022,BB,BBB,1,0,0,-1,3,4,1,upgrade
I01761,Financials,2022,BB,BB,0,0,0,0,3,3,0,unchanged
I01762,Industrials,2022,BBB,BBB,0,0,0,0,4,4,0,unchanged
I01763,Technology,2022,BBB,BBB,0,0,0,0,4,4,0,unchanged
I01764,Retail,2022,AA,AA,0,0,0,0,6,6,0,unchanged
I01765,Utilities,2022,B,B,0,0,0,0,2,2,0,unchanged
I01766,Telecom,2022,AA,AA,0,0,0,0,6,6,0,unchanged
I01767,Telecom,2022,CCC,CCC,0,0,0,0,1,1,0,unchanged
I01768,Financials,2022,A,A,0,0,0,0,5,5,0,unchanged
I01769,Healthcare,2022,B,B,0,0,0,0,2,2,0,unchanged
I01770,Utilities,2022,A,A,0,0,0,0,5,5,0,unchanged
I01771,Real_Estate,2022,A,A,0,0,0,0,5,5,0,unchanged
I01773,Retail,2022,BBB,BBB,0,0,0,0,4,4,0,unchanged
I01774,Telecom,2022,BB,BB,0,0,0,0,3,3,0,unchanged
I01775,Financials,2022,B,B,0,0,0,0,2,2,0,unchanged
I01776,Retail,2022,A,A,0,0,0,0,5,5,0,unchanged
I01777,Real_Estate,2022,B,B,0,0,0,0,2,2,0,unchanged
I01778,Retail,2022,B,B,0,0,0,0,2,2,0,unchanged
I01779,Utilities,2022,AA,A,0,1,0,1,6,5,-1,downgrade
I01780,Industrials,2022,AA,A,0,1,0,1,6,5,-1,downgrade
I01781,Real_Estate,2022,A,A,0,0,0,0,5,5,0,unchanged
I01782,Retail,2022,BB,BBB,1,0,0,-1,3,4,1,upgrade
I01784,Technology,2022,A,A,0,0,0,0,5,5,0,unchanged
I01785,Healthcare,2022,BBB,BBB,0,0,0,0,4,4,0,unchanged
I01786,Industrials,2022,B,B,0,0,0,0,2,2,0,unchanged
I01787,Healthcare,2022,BB,BB,0,0,0,0,3,3,0,unchanged
I01788,Retail,2022,BBB,BBB,0,0,0,0,4,4,0,unchanged
I01790,Real_Estate,2022,B,B,0,0,0,0,2,2,0,unchanged
I01791,Retail,2022,AA,AA,0,0,0,0,6,6,0,unchanged
I01792,Industrials,2022,BBB,BBB,0,0,0,0,4,4,0,unchanged
I01794,Healthcare,2022,BBB,BB,0,1,0,1,4,3,-1,downgrade
I01796,Telecom,2022,AA,AA,0,0,0,0,6,6,0,unchanged
I01797,Real_Estate,2022,AA,AA,0,0,0,0,6,6,0,unchanged
I01798,Technology,2022,A,A,0,0,0,0,5,5,0,unchanged
I01799,Utilities,2022,AAA,AAA,0,0,0,0,7,7,0,unchanged
I01800,Financials,2022,BBB,BBB,0,0,0,0,4,4,0,unchanged
I01801,Real_Estate,2022,A,A,0,0,0,0,5,5,0,unchanged
I01806,Healthcare,2022,A,A,0,0,0,0,5,5,0,unchanged
I01807,Energy,2022,BBB,A,1,0,0,-1,4,5,1,upgrade
I01808,Utilities,2022,CCC,CCC,0,0,0,0,1,1,0,unchanged
I01809,Consumer,2022,BBB,BBB,0,0,0,0,4,4,0,unchanged
I01811,Telecom,2022,BB,BB,0,0,0,0,3,3,0,unchanged
I01812,Technology,2022,BB,B,0,1,0,1,3,2,-1,downgrade
I01816,Technology,2022,BB,BB,0,0,0,0,3,3,0,unchanged
I01817,Utilities,2022,B,B,0,0,0,0,2,2,0,unchanged
I01818,Technology,2022,BBB,BBB,0,0,0,0,4,4,0,unchanged
I01819,Industrials,2022,BBB,BBB,0,0,0,0,4,4,0,unchanged
I01820,Financials,2022,BBB,BBB,0,0,0,0,4,4,0,unchanged
I01821,Technology,2022,BB,BB,0,0,0,0,3,3,0,unchanged
I01822,Consumer,2022,AA,AA,0,0,0,0,6,6,0,unchanged
I01823,Energy,2022,B,D,0,0,1,2,2,0,-2,default
I01824,Industrials,2022,B,B,0,0,0,0,2,2,0,unchanged
I01826,Technology,2022,BBB,BBB,0,0,0,0,4,4,0,unchanged
I01827,Healthcare,2022,A,A,0,0,0,0,5,5,0,unchanged
I01828,Consumer,2022,A,A,0,0,0,0,5,5,0,unchanged
I01829,Utilities,2022,BB,BB,0,0,0,0,3,3,0,unchanged
I01830,Industrials,2022,BBB,BBB,0,0,0,0,4,4,0,unchanged
I01831,Financials,2022,B,B,0,0,0,0,2,2,0,unchanged
I01833,Utilities,2022,BBB,A,1,0,0,-1,4,5,1,upgrade
I01834,Energy,2022,BBB,BBB,0,0,0,0,4,4,0,unchanged
I01835,Financials,2022,BBB,BBB,0,0,0,0,4,4,0,unchanged
I01836,Financials,2022,B,BB,1,0,0,-1,2,3,1,upgrade
I01837,Consumer,2022,A,A,0,0,0,0,5,5,0,unchanged
I01838,Industrials,2022,BB,D,0,0,1,3,3,0,-3,default
I01839,Healthcare,2022,BB,BB,0,0,0,0,3,3,0,unchanged
I01841,Retail,2022,AAA,AAA,0,0,0,0,7,7,0,unchanged
I01842,Retail,2022,AA,AA,0,0,0,0,6,6,0,unchanged
I01843,Industrials,2022,B,CCC,0,1,0,1,2,1,-1,downgrade
I01844,Retail,2022,BBB,BBB,0,0,0,0,4,4,0,unchanged
I01845,Telecom,2022,B,B,0,0,0,0,2,2,0,unchanged
I01846,Technology,2022,A,A,0,0,0,0,5,5,0,unchanged
I01847,Healthcare,2022,BBB,BBB,0,0,0,0,4,4,0,unchanged
I01848,Industrials,2022,CCC,CCC,0,0,0,0,1,1,0,unchanged
I01849,Industrials,2022,B,B,0,0,0,0,2,2,0,unchanged
I01850,Financials,2022,B,D,0,0,1,2,2,0,-2,default
I01851,Real_Estate,2022,BBB,BBB,0,0,0,0,4,4,0,unchanged
I01852,Utilities,2022,BBB,BBB,0,0,0,0,4,4,0,unchanged
I01853,Utilities,2022,BB,BB,0,0,0,0,3,3,0,unchanged
I01854,Utilities,2022,A,A,0,0,0,0,5,5,0,unchanged
I01855,Consumer,2022,BBB,BBB,0,0,0,0,4,4,0,unchanged
I01856,Consumer,2022,BBB,BBB,0,0,0,0,4,4,0,unchanged
I01857,Healthcare,2022,BBB,BBB,0,0,0,0,4,4,0,unchanged
I01858,Industrials,2022,B,B,0,0,0,0,2,2,0,unchanged
I01860,Telecom,2022,A,BBB,0,1,0,1,5,4,-1,downgrade
I01861,Telecom,2022,A,A,0,0,0,0,5,5,0,unchanged
I01862,Utilities,2022,BBB,BBB,0,0,0,0,4,4,0,unchanged
I01863,Telecom,2022,BB,BB,0,0,0,0,3,3,0,unchanged
I01864,Telecom,2022,CCC,BB,1,0,0,-2,1,3,2,upgrade
I01865,Retail,2022,A,A,0,0,0,0,5,5,0,unchanged
I01866,Technology,2022,B,B,0,0,0,0,2,2,0,unchanged
I01867,Telecom,2022,BBB,BBB,0,0,0,0,4,4,0,unchanged
I01868,Industrials,2022,A,A,0,0,0,0,5,5,0,unchanged
I01869,Utilities,2022,BBB,BBB,0,0,0,0,4,4,0,unchanged
I01870,Consumer,2022,AA,AA,0,0,0,0,6,6,0,unchanged
I01871,Technology,2022,AA,AA,0,0,0,0,6,6,0,unchanged
I01872,Industrials,2022,A,A,0,0,0,0,5,5,0,unchanged
I01873,Technology,2022,AA,AA,0,0,0,0,6,6,0,unchanged
I01875,Energy,2022,A,A,0,0,0,0,5,5,0,unchanged
I01876,Energy,2022,BB,BB,0,0,0,0,3,3,0,unchanged
I01877,Telecom,2022,A,A,0,0,0,0,5,5,0,unchanged
I01879,Telecom,2022,BB,BB,0,0,0,0,3,3,0,unchanged
I01880,Real_Estate,2022,B,BB,1,0,0,-1,2,3,1,upgrade
I01882,Industrials,2022,BB,B,0,1,0,1,3,2,-1,downgrade
I01883,Utilities,2022,B,D,0,0,1,2,2,0,-2,default
I01884,Retail,2022,AA,AA,0,0,0,0,6,6,0,unchanged
I01885,Energy,2022,BBB,BBB,0,0,0,0,4,4,0,unchanged
I01886,Financials,2022,B,B,0,0,0,0,2,2,0,unchanged
I01887,Utilities,2022,B,CCC,0,1,0,1,2,1,-1,downgrade
I01888,Financials,2022,BBB,BBB,0,0,0,0,4,4,0,unchanged
I01889,Industrials,2022,B,B,0,0,0,0,2,2,0,unchanged
I01890,Industrials,2022,A,A,0,0,0,0,5,5,0,unchanged
I01891,Real_Estate,2022,A,A,0,0,0,0,5,5,0,unchanged
I01892,Utilities,2022,B,B,0,0,0,0,2,2,0,unchanged
I01893,Real_Estate,2022,BB,BB,0,0,0,0,3,3,0,unchanged
I01894,Industrials,2022,BB,BB,0,0,0,0,3,3,0,unchanged
I01895,Consumer,2022,AA,AA,0,0,0,0,6,6,0,unchanged
I01896,Consumer,2022,B,B,0,0,0,0,2,2,0,unchanged
I01897,Financials,2022,B,BB,1,0,0,-1,2,3,1,upgrade
I01898,Telecom,2022,BBB,BBB,0,0,0,0,4,4,0,unchanged
I01899,Retail,2022,BB,BB,0,0,0,0,3,3,0,unchanged
I01901,Energy,2022,AA,AA,0,0,0,0,6,6,0,unchanged
I01902,Industrials,2022,B,B,0,0,0,0,2,2,0,unchanged
I01903,Utilities,2022,BB,BB,0,0,0,0,3,3,0,unchanged
I01904,Industrials,2022,A,BBB,0,1,0,1,5,4,-1,downgrade
I01905,Telecom,2022,BBB,BBB,0,0,0,0,4,4,0,unchanged
I01906,Healthcare,2022,BBB,BB,0,1,0,1,4,3,-1,downgrade
I01907,Technology,2022,B,B,0,0,0,0,2,2,0,unchanged
I01908,Healthcare,2022,AA,AA,0,0,0,0,6,6,0,unchanged
I01909,Retail,2022,BBB,BBB,0,0,0,0,4,4,0,unchanged
I01910,Retail,2022,CCC,CCC,0,0,0,0,1,1,0,unchanged
I01911,Telecom,2022,A,A,0,0,0,0,5,5,0,unchanged
I01913,Real_Estate,2022,BBB,BBB,0,0,0,0,4,4,0,unchanged
I01914,Consumer,2022,B,B,0,0,0,0,2,2,0,unchanged
I01915,Financials,2022,BBB,BBB,0,0,0,0,4,4,0,unchanged
I01916,Real_Estate,2022,CCC,CCC,0,0,0,0,1,1,0,unchanged
I01918,Retail,2022,AA,AA,0,0,0,0,6,6,0,unchanged
I01919,Telecom,2022,BB,BB,0,0,0,0,3,3,0,unchanged
I01921,Consumer,2022,BBB,BBB,0,0,0,0,4,4,0,unchanged
I01922,Healthcare,2022,BBB,A,1,0,0,-1,4,5,1,upgrade
I01923,Healthcare,2022,CCC,CCC,0,0,0,0,1,1,0,unchanged
I01924,Energy,2022,BB,BB,0,0,0,0,3,3,0,unchanged
I01926,Healthcare,2022,A,A,0,0,0,0,5,5,0,unchanged
I01927,Telecom,2022,BBB,BBB,0,0,0,0,4,4,0,unchanged
I01928,Consumer,2022,BB,BB,0,0,0,0,3,3,0,unchanged
I01929,Industrials,2022,BBB,BBB,0,0,0,0,4,4,0,unchanged
I01930,Financials,2022,BB,BBB,1,0,0,-1,3,4,1,upgrade
I01931,Telecom,2022,BB,BBB,1,0,0,-1,3,4,1,upgrade
I01933,Real_Estate,2022,B,B,0,0,0,0,2,2,0,unchanged
I01934,Consumer,2022,B,B,0,0,0,0,2,2,0,unchanged
I01935,Industrials,2022,A,A,0,0,0,0,5,5,0,unchanged
I01936,Retail,2022,B,B,0,0,0,0,2,2,0,unchanged
I01938,Energy,2022,B,B,0,0,0,0,2,2,0,unchanged
I01939,Financials,2022,BBB,BBB,0,0,0,0,4,4,0,unchanged
I01940,Technology,2022,B,B,0,0,0,0,2,2,0,unchanged
I01941,Technology,2022,BB,B,0,1,0,1,3,2,-1,downgrade
I01942,Financials,2022,A,A,0,0,0,0,5,5,0,unchanged
I01943,Healthcare,2022,AA,AA,0,0,0,0,6,6,0,unchanged
I01944,Financials,2022,BBB,BBB,0,0,0,0,4,4,0,unchanged
I01945,Financials,2022,A,A,0,0,0,0,5,5,0,unchanged
I01948,Financials,2022,BBB,BBB,0,0,0,0,4,4,0,unchanged
I01949,Real_Estate,2022,BBB,BBB,0,0,0,0,4,4,0,unchanged
I01950,Real_Estate,2022,A,A,0,0,0,0,5,5,0,unchanged
I01951,Utilities,2022,B,B,0,0,0,0,2,2,0,unchanged
I01953,Energy,2022,B,BBB,1,0,0,-2,2,4,2,upgrade
I01954,Industrials,2022,AAA,AAA,0,0,0,0,7,7,0,unchanged
I01955,Energy,2022,BB,BBB,1,0,0,-1,3,4,1,upgrade
I01956,Retail,2022,BBB,BBB,0,0,0,0,4,4,0,unchanged
I01957,Consumer,2022,B,CCC,0,1,0,1,2,1,-1,downgrade
I01960,Utilities,2022,B,B,0,0,0,0,2,2,0,unchanged
I01963,Energy,2022,BB,BB,0,0,0,0,3,3,0,unchanged
I01964,Retail,2022,BBB,BBB,0,0,0,0,4,4,0,unchanged
I01965,Consumer,2022,AA,AA,0,0,0,0,6,6,0,unchanged
I01966,Utilities,2022,A,A,0,0,0,0,5,5,0,unchanged
I01967,Industrials,2022,BBB,BBB,0,0,0,0,4,4,0,unchanged
I01968,Healthcare,2022,BBB,BBB,0,0,0,0,4,4,0,unchanged
I01969,Consumer,2022,BBB,BBB,0,0,0,0,4,4,0,unchanged
I01970,Consumer,2022,A,A,0,0,0,0,5,5,0,unchanged
I01971,Retail,2022,A,A,0,0,0,0,5,5,0,unchanged
I01973,Utilities,2022,BBB,BBB,0,0,0,0,4,4,0,unchanged
I01975,Utilities,2022,A,BBB,0,1,0,1,5,4,-1,downgrade
I01976,Technology,2022,BBB,BBB,0,0,0,0,4,4,0,unchanged
I01977,Healthcare,2022,BBB,BBB,0,0,0,0,4,4,0,unchanged
I01978,Telecom,2022,B,BB,1,0,0,-1,2,3,1,upgrade
I01979,Financials,2022,BBB,BBB,0,0,0,0,4,4,0,unchanged
I01980,Consumer,2022,A,A,0,0,0,0,5,5,0,unchanged
I01981,Retail,2022,AA,AA,0,0,0,0,6,6,0,unchanged
I01983,Technology,2022,B,B,0,0,0,0,2,2,0,unchanged
I01984,Industrials,2022,A,BBB,0,1,0,1,5,4,-1,downgrade
I01985,Technology,2022,A,A,0,0,0,0,5,5,0,unchanged
I01986,Consumer,2022,BBB,BBB,0,0,0,0,4,4,0,unchanged
I01987,Retail,2022,B,B,0,0,0,0,2,2,0,unchanged
I01988,Healthcare,2022,B,B,0,0,0,0,2,2,0,unchanged
I01989,Industrials,2022,BBB,BBB,0,0,0,0,4,4,0,unchanged
I01990,Financials,2022,BBB,BBB,0,0,0,0,4,4,0,unchanged
I01992,Utilities,2022,A,A,0,0,0,0,5,5,0,unchanged
I01993,Energy,2022,CCC,BB,1,0,0,-2,1,3,2,upgrade
I01994,Real_Estate,2022,B,B,0,0,0,0,2,2,0,unchanged
I01995,Real_Estate,2022,B,B,0,0,0,0,2,2,0,unchanged
I01996,Energy,2022,B,BB,1,0,0,-1,2,3,1,upgrade
I01997,Utilities,2022,BB,BB,0,0,0,0,3,3,0,unchanged
I01998,Telecom,2022,BB,B,0,1,0,1,3,2,-1,downgrade
I01999,Consumer,2022,BB,BB,0,0,0,0,3,3,0,unchanged
I02000,Financials,2022,AA,A,0,1,0,1,6,5,-1,downgrade
I00001,Consumer,2023,A,BBB,0,1,0,1,5,4,-1,downgrade
I00002,Industrials,2023,BBB,BBB,0,0,0,0,4,4,0,unchanged
I00003,Industrials,2023,B,B,0,0,0,0,2,2,0,unchanged
I00004,Industrials,2023,BBB,BBB,0,0,0,0,4,4,0,unchanged
I00005,Real_Estate,2023,A,A,0,0,0,0,5,5,0,unchanged
I00006,Financials,2023,B,B,0,0,0,0,2,2,0,unchanged
I00007,Utilities,2023,A,A,0,0,0,0,5,5,0,unchanged
I00008,Healthcare,2023,BB,B,0,1,0,1,3,2,-1,downgrade
I00009,Consumer,2023,CCC,CCC,0,0,0,0,1,1,0,unchanged
I00010,Real_Estate,2023,CCC,B,1,0,0,-1,1,2,1,upgrade
I00011,Healthcare,2023,BBB,BBB,0,0,0,0,4,4,0,unchanged
I00012,Retail,2023,B,B,0,0,0,0,2,2,0,unchanged
I00014,Telecom,2023,CCC,CCC,0,0,0,0,1,1,0,unchanged
I00018,Consumer,2023,B,D,0,0,1,2,2,0,-2,default
I00019,Utilities,2023,A,A,0,0,0,0,5,5,0,unchanged
I00020,Healthcare,2023,B,B,0,0,0,0,2,2,0,unchanged
I00021,Financials,2023,BB,BB,0,0,0,0,3,3,0,unchanged
I00025,Retail,2023,BBB,BBB,0,0,0,0,4,4,0,unchanged
I00028,Telecom,2023,A,BBB,0,1,0,1,5,4,-1,downgrade
I00029,Energy,2023,BB,BBB,1,0,0,-1,3,4,1,upgrade
I00030,Utilities,2023,B,BB,1,0,0,-1,2,3,1,upgrade
I00031,Utilities,2023,AA,AA,0,0,0,0,6,6,0,unchanged
I00032,Healthcare,2023,B,B,0,0,0,0,2,2,0,unchanged
I00033,Energy,2023,BBB,BBB,0,0,0,0,4,4,0,unchanged
I00036,Real_Estate,2023,A,A,0,0,0,0,5,5,0,unchanged
I00037,Retail,2023,BB,BBB,1,0,0,-1,3,4,1,upgrade
I00038,Telecom,2023,AA,AA,0,0,0,0,6,6,0,unchanged
I00039,Energy,2023,BB,BB,0,0,0,0,3,3,0,unchanged
I00040,Utilities,2023,A,A,0,0,0,0,5,5,0,unchanged
I00041,Energy,2023,B,B,0,0,0,0,2,2,0,unchanged
I00042,Financials,2023,BBB,BBB,0,0,0,0,4,4,0,unchanged
I00043,Healthcare,2023,BBB,B,0,1,0,2,4,2,-2,downgrade
I00044,Telecom,2023,B,B,0,0,0,0,2,2,0,unchanged
I00045,Technology,2023,A,A,0,0,0,0,5,5,0,unchanged
I00046,Energy,2023,B,B,0,0,0,0,2,2,0,unchanged
I00047,Energy,2023,A,A,0,0,0,0,5,5,0,unchanged
I00048,Healthcare,2023,BBB,BBB,0,0,0,0,4,4,0,unchanged
I00049,Telecom,2023,A,A,0,0,0,0,5,5,0,unchanged
I00050,Technology,2023,B,B,0,0,0,0,2,2,0,unchanged
I00051,Financials,2023,AAA,AAA,0,0,0,0,7,7,0,unchanged
I00053,Industrials,2023,B,B,0,0,0,0,2,2,0,unchanged
I00054,Industrials,2023,B,B,0,0,0,0,2,2,0,unchanged
I00055,Financials,2023,A,A,0,0,0,0,5,5,0,unchanged
I00056,Industrials,2023,BBB,A,1,0,0,-1,4,5,1,upgrade
I00057,Utilities,2023,BB,BB,0,0,0,0,3,3,0,unchanged
I00059,Consumer,2023,CCC,D,0,0,1,1,1,0,-1,default
I00060,Healthcare,2023,A,A,0,0,0,0,5,5,0,unchanged
I00061,Energy,2023,B,B,0,0,0,0,2,2,0,unchanged
I00064,Healthcare,2023,AA,AA,0,0,0,0,6,6,0,unchanged
I00066,Industrials,2023,B,B,0,0,0,0,2,2,0,unchanged
I00067,Consumer,2023,B,D,0,0,1,2,2,0,-2,default
I00068,Technology,2023,BBB,BBB,0,0,0,0,4,4,0,unchanged
I00069,Real_Estate,2023,B,BB,1,0,0,-1,2,3,1,upgrade
I00070,Utilities,2023,B,B,0,0,0,0,2,2,0,unchanged
I00071,Real_Estate,2023,BBB,BBB,0,0,0,0,4,4,0,unchanged
I00072,Financials,2023,A,A,0,0,0,0,5,5,0,unchanged
I00073,Energy,2023,BB,BB,0,0,0,0,3,3,0,unchanged
I00075,Retail,2023,BB,B,0,1,0,1,3,2,-1,downgrade
I00076,Energy,2023,BBB,BBB,0,0,0,0,4,4,0,unchanged
I00077,Consumer,2023,B,B,0,0,0,0,2,2,0,unchanged
I00078,Utilities,2023,AA,AA,0,0,0,0,6,6,0,unchanged
I00081,Utilities,2023,B,D,0,0,1,2,2,0,-2,default
I00082,Utilities,2023,A,A,0,0,0,0,5,5,0,unchanged
I00083,Industrials,2023,BBB,BBB,0,0,0,0,4,4,0,unchanged
I00084,Retail,2023,B,B,0,0,0,0,2,2,0,unchanged
I00085,Industrials,2023,A,A,0,0,0,0,5,5,0,unchanged
I00086,Consumer,2023,BBB,BBB,0,0,0,0,4,4,0,unchanged
I00088,Financials,2023,B,B,0,0,0,0,2,2,0,unchanged
I00090,Utilities,2023,A,A,0,0,0,0,5,5,0,unchanged
I00092,Financials,2023,AA,AA,0,0,0,0,6,6,0,unchanged
I00093,Energy,2023,B,BB,1,0,0,-1,2,3,1,upgrade
I00094,Retail,2023,AAA,AAA,0,0,0,0,7,7,0,unchanged
I00096,Industrials,2023,AA,AA,0,0,0,0,6,6,0,unchanged
I00097,Retail,2023,B,B,0,0,0,0,2,2,0,unchanged
I00098,Energy,2023,B,D,0,0,1,2,2,0,-2,default
I00099,Technology,2023,BB,BB,0,0,0,0,3,3,0,unchanged
I00100,Telecom,2023,BBB,BBB,0,0,0,0,4,4,0,unchanged
I00101,Retail,2023,A,A,0,0,0,0,5,5,0,unchanged
I00102,Utilities,2023,B,B,0,0,0,0,2,2,0,unchanged
I00103,Consumer,2023,AA,AA,0,0,0,0,6,6,0,unchanged
I00104,Consumer,2023,BBB,BBB,0,0,0,0,4,4,0,unchanged
I00105,Healthcare,2023,A,A,0,0,0,0,5,5,0,unchanged
I00106,Financials,2023,A,A,0,0,0,0,5,5,0,unchanged
I00107,Retail,2023,AA,AA,0,0,0,0,6,6,0,unchanged
I00108,Telecom,2023,BB,CCC,0,1,0,2,3,1,-2,downgrade
I00109,Retail,2023,B,B,0,0,0,0,2,2,0,unchanged
I00110,Utilities,2023,A,A,0,0,0,0,5,5,0,unchanged
I00112,Energy,2023,B,B,0,0,0,0,2,2,0,unchanged
I00113,Technology,2023,BB,BB,0,0,0,0,3,3,0,unchanged
I00114,Telecom,2023,A,A,0,0,0,0,5,5,0,unchanged
I00115,Technology,2023,B,D,0,0,1,2,2,0,-2,default
I00116,Real_Estate,2023,B,B,0,0,0,0,2,2,0,unchanged
I00117,Telecom,2023,BB,BBB,1,0,0,-1,3,4,1,upgrade
I00118,Industrials,2023,CCC,CCC,0,0,0,0,1,1,0,unchanged
I00119,Utilities,2023,BBB,BBB,0,0,0,0,4,4,0,unchanged
I00120,Utilities,2023,A,A,0,0,0,0,5,5,0,unchanged
I00121,Industrials,2023,BBB,A,1,0,0,-1,4,5,1,upgrade
I00122,Telecom,2023,B,B,0,0,0,0,2,2,0,unchanged
I00123,Healthcare,2023,A,A,0,0,0,0,5,5,0,unchanged
I00124,Industrials,2023,BBB,BBB,0,0,0,0,4,4,0,unchanged
I00125,Utilities,2023,BBB,BBB,0,0,0,0,4,4,0,unchanged
I00126,Technology,2023,BBB,BBB,0,0,0,0,4,4,0,unchanged
I00127,Utilities,2023,B,CCC,0,1,0,1,2,1,-1,downgrade
I00129,Telecom,2023,BB,BB,0,0,0,0,3,3,0,unchanged
I00130,Consumer,2023,BB,BBB,1,0,0,-1,3,4,1,upgrade
I00131,Real_Estate,2023,BB,BB,0,0,0,0,3,3,0,unchanged
I00132,Retail,2023,B,B,0,0,0,0,2,2,0,unchanged
I00134,Healthcare,2023,B,B,0,0,0,0,2,2,0,unchanged
I00135,Technology,2023,A,A,0,0,0,0,5,5,0,unchanged
I00136,Consumer,2023,CCC,CCC,0,0,0,0,1,1,0,unchanged
I00137,Financials,2023,AAA,AAA,0,0,0,0,7,7,0,unchanged
I00139,Telecom,2023,BBB,A,1,0,0,-1,4,5,1,upgrade
I00140,Consumer,2023,AAA,AAA,0,0,0,0,7,7,0,unchanged
I00141,Energy,2023,BBB,BBB,0,0,0,0,4,4,0,unchanged
I00142,Telecom,2023,CCC,CCC,0,0,0,0,1,1,0,unchanged
I00144,Financials,2023,A,A,0,0,0,0,5,5,0,unchanged
I00145,Financials,2023,AA,AA,0,0,0,0,6,6,0,unchanged
I00146,Technology,2023,AA,AA,0,0,0,0,6,6,0,unchanged
I00147,Real_Estate,2023,BBB,BBB,0,0,0,0,4,4,0,unchanged
I00148,Retail,2023,BBB,BB,0,1,0,1,4,3,-1,downgrade
I00149,Financials,2023,B,B,0,0,0,0,2,2,0,unchanged
I00150,Retail,2023,BB,BB,0,0,0,0,3,3,0,unchanged
I00151,Healthcare,2023,BB,B,0,1,0,1,3,2,-1,downgrade
I00152,Energy,2023,BBB,BBB,0,0,0,0,4,4,0,unchanged
I00153,Financials,2023,A,A,0,0,0,0,5,5,0,unchanged
I00154,Energy,2023,B,B,0,0,0,0,2,2,0,unchanged
I00155,Energy,2023,BB,BB,0,0,0,0,3,3,0,unchanged
I00156,Telecom,2023,BBB,BBB,0,0,0,0,4,4,0,unchanged
I00157,Retail,2023,A,A,0,0,0,0,5,5,0,unchanged
I00158,Financials,2023,A,A,0,0,0,0,5,5,0,unchanged
I00159,Consumer,2023,BBB,A,1,0,0,-1,4,5,1,upgrade
I00160,Consumer,2023,BBB,BBB,0,0,0,0,4,4,0,unchanged
I00161,Technology,2023,BBB,BBB,0,0,0,0,4,4,0,unchanged
I00162,Real_Estate,2023,BB,BB,0,0,0,0,3,3,0,unchanged
I00164,Consumer,2023,A,A,0,0,0,0,5,5,0,unchanged
I00165,Healthcare,2023,B,CCC,0,1,0,1,2,1,-1,downgrade
I00167,Utilities,2023,BBB,A,1,0,0,-1,4,5,1,upgrade
I00168,Utilities,2023,BB,B,0,1,0,1,3,2,-1,downgrade
I00169,Technology,2023,AA,AA,0,0,0,0,6,6,0,unchanged
I00171,Utilities,2023,A,A,0,0,0,0,5,5,0,unchanged
I00173,Healthcare,2023,B,B,0,0,0,0,2,2,0,unchanged
I00175,Technology,2023,BBB,BBB,0,0,0,0,4,4,0,unchanged
I00176,Consumer,2023,BB,B,0,1,0,1,3,2,-1,downgrade
I00177,Energy,2023,CCC,CCC,0,0,0,0,1,1,0,unchanged
I00179,Consumer,2023,AA,AA,0,0,0,0,6,6,0,unchanged
I00182,Consumer,2023,A,A,0,0,0,0,5,5,0,unchanged
I00183,Financials,2023,BB,BB,0,0,0,0,3,3,0,unchanged
I00184,Telecom,2023,B,B,0,0,0,0,2,2,0,unchanged
I00185,Retail,2023,BBB,BBB,0,0,0,0,4,4,0,unchanged
I00186,Energy,2023,BBB,BBB,0,0,0,0,4,4,0,unchanged
I00187,Utilities,2023,AA,AA,0,0,0,0,6,6,0,unchanged
I00188,Telecom,2023,B,B,0,0,0,0,2,2,0,unchanged
I00190,Industrials,2023,B,B,0,0,0,0,2,2,0,unchanged
I00191,Technology,2023,BBB,BBB,0,0,0,0,4,4,0,unchanged
I00193,Industrials,2023,B,B,0,0,0,0,2,2,0,unchanged
I00194,Industrials,2023,BB,B,0,1,0,1,3,2,-1,downgrade
I00195,Healthcare,2023,CCC,CCC,0,0,0,0,1,1,0,unchanged
I00197,Industrials,2023,BBB,BBB,0,0,0,0,4,4,0,unchanged
I00198,Healthcare,2023,BB,BB,0,0,0,0,3,3,0,unchanged
I00199,Healthcare,2023,B,B,0,0,0,0,2,2,0,unchanged
I00200,Retail,2023,BB,BB,0,0,0,0,3,3,0,unchanged
I00201,Telecom,2023,BB,BB,0,0,0,0,3,3,0,unchanged
I00202,Utilities,2023,BB,BB,0,0,0,0,3,3,0,unchanged
I00203,Financials,2023,A,AA,1,0,0,-1,5,6,1,upgrade
I00204,Energy,2023,CCC,CCC,0,0,0,0,1,1,0,unchanged
I00206,Industrials,2023,BBB,BBB,0,0,0,0,4,4,0,unchanged
I00207,Retail,2023,BBB,BBB,0,0,0,0,4,4,0,unchanged
I00208,Healthcare,2023,BBB,BBB,0,0,0,0,4,4,0,unchanged
I00210,Telecom,2023,A,A,0,0,0,0,5,5,0,unchanged
I00211,Healthcare,2023,CCC,CCC,0,0,0,0,1,1,0,unchanged
I00213,Retail,2023,AA,AA,0,0,0,0,6,6,0,unchanged
I00214,Energy,2023,A,A,0,0,0,0,5,5,0,unchanged
I00215,Energy,2023,A,A,0,0,0,0,5,5,0,unchanged
I00216,Technology,2023,BBB,BBB,0,0,0,0,4,4,0,unchanged
I00218,Telecom,2023,B,B,0,0,0,0,2,2,0,unchanged
I00219,Telecom,2023,A,A,0,0,0,0,5,5,0,unchanged
I00220,Utilities,2023,BB,BB,0,0,0,0,3,3,0,unchanged
I00224,Financials,2023,AA,AA,0,0,0,0,6,6,0,unchanged
I00225,Financials,2023,A,A,0,0,0,0,5,5,0,unchanged
I00227,Technology,2023,B,B,0,0,0,0,2,2,0,unchanged
I00229,Telecom,2023,B,B,0,0,0,0,2,2,0,unchanged
I00230,Industrials,2023,A,A,0,0,0,0,5,5,0,unchanged
I00231,Retail,2023,AA,AA,0,0,0,0,6,6,0,unchanged
I00233,Healthcare,2023,B,B,0,0,0,0,2,2,0,unchanged
I00234,Real_Estate,2023,A,A,0,0,0,0,5,5,0,unchanged
I00235,Healthcare,2023,BBB,BBB,0,0,0,0,4,4,0,unchanged
I00236,Healthcare,2023,A,A,0,0,0,0,5,5,0,unchanged
I00237,Financials,2023,AA,AA,0,0,0,0,6,6,0,unchanged
I00239,Industrials,2023,BBB,BB,0,1,0,1,4,3,-1,downgrade
I00240,Real_Estate,2023,A,A,0,0,0,0,5,5,0,unchanged
I00241,Healthcare,2023,A,A,0,0,0,0,5,5,0,unchanged
I00242,Telecom,2023,BBB,BBB,0,0,0,0,4,4,0,unchanged
I00243,Telecom,2023,B,B,0,0,0,0,2,2,0,unchanged
I00244,Real_Estate,2023,B,CCC,0,1,0,1,2,1,-1,downgrade
I00245,Telecom,2023,BBB,BBB,0,0,0,0,4,4,0,unchanged
I00246,Technology,2023,BBB,BBB,0,0,0,0,4,4,0,unchanged
I00247,Industrials,2023,BB,BB,0,0,0,0,3,3,0,unchanged
I00248,Telecom,2023,BBB,BBB,0,0,0,0,4,4,0,unchanged
I00250,Industrials,2023,AA,AA,0,0,0,0,6,6,0,unchanged
I00251,Consumer,2023,A,A,0,0,0,0,5,5,0,unchanged
I00252,Utilities,2023,A,A,0,0,0,0,5,5,0,unchanged
I00253,Telecom,2023,AA,AA,0,0,0,0,6,6,0,unchanged
I00254,Real_Estate,2023,BB,BB,0,0,0,0,3,3,0,unchanged
I00256,Telecom,2023,BB,BB,0,0,0,0,3,3,0,unchanged
I00257,Utilities,2023,BBB,BBB,0,0,0,0,4,4,0,unchanged
I00258,Real_Estate,2023,A,A,0,0,0,0,5,5,0,unchanged
I00259,Telecom,2023,B,B,0,0,0,0,2,2,0,unchanged
I00260,Healthcare,2023,BB,BB,0,0,0,0,3,3,0,unchanged
I00261,Utilities,2023,A,A,0,0,0,0,5,5,0,unchanged
I00262,Technology,2023,AAA,AAA,0,0,0,0,7,7,0,unchanged
I00263,Energy,2023,A,A,0,0,0,0,5,5,0,unchanged
I00264,Telecom,2023,BB,B,0,1,0,1,3,2,-1,downgrade
I00265,Real_Estate,2023,BBB,BBB,0,0,0,0,4,4,0,unchanged
I00267,Healthcare,2023,A,A,0,0,0,0,5,5,0,unchanged
I00268,Telecom,2023,A,A,0,0,0,0,5,5,0,unchanged
I00270,Utilities,2023,BB,BB,0,0,0,0,3,3,0,unchanged
I00271,Retail,2023,BB,BB,0,0,0,0,3,3,0,unchanged
I00272,Consumer,2023,B,B,0,0,0,0,2,2,0,unchanged
I00273,Energy,2023,A,A,0,0,0,0,5,5,0,unchanged
I00274,Consumer,2023,B,B,0,0,0,0,2,2,0,unchanged
I00275,Financials,2023,BB,BB,0,0,0,0,3,3,0,unchanged
I00276,Financials,2023,B,B,0,0,0,0,2,2,0,unchanged
I00277,Retail,2023,CCC,CCC,0,0,0,0,1,1,0,unchanged
I00279,Financials,2023,BB,BB,0,0,0,0,3,3,0,unchanged
I00280,Utilities,2023,AA,AA,0,0,0,0,6,6,0,unchanged
I00281,Utilities,2023,AAA,AAA,0,0,0,0,7,7,0,unchanged
I00283,Healthcare,2023,AA,AA,0,0,0,0,6,6,0,unchanged
I00284,Healthcare,2023,B,B,0,0,0,0,2,2,0,unchanged
I00285,Energy,2023,BB,BBB,1,0,0,-1,3,4,1,upgrade
I00287,Energy,2023,BBB,BBB,0,0,0,0,4,4,0,unchanged
I00288,Technology,2023,BBB,BBB,0,0,0,0,4,4,0,unchanged
I00290,Retail,2023,BBB,BBB,0,0,0,0,4,4,0,unchanged
I00291,Energy,2023,BBB,BBB,0,0,0,0,4,4,0,unchanged
I00292,Energy,2023,A,A,0,0,0,0,5,5,0,unchanged
I00293,Industrials,2023,A,AA,1,0,0,-1,5,6,1,upgrade
I00294,Financials,2023,BBB,BBB,0,0,0,0,4,4,0,unchanged
I00295,Financials,2023,BBB,BBB,0,0,0,0,4,4,0,unchanged
I00297,Telecom,2023,BB,BB,0,0,0,0,3,3,0,unchanged
I00298,Utilities,2023,BBB,BBB,0,0,0,0,4,4,0,unchanged
I00300,Real_Estate,2023,BB,BBB,1,0,0,-1,3,4,1,upgrade
I00301,Healthcare,2023,A,BB,0,1,0,2,5,3,-2,downgrade
I00302,Utilities,2023,BB,BB,0,0,0,0,3,3,0,unchanged
I00303,Financials,2023,AA,AA,0,0,0,0,6,6,0,unchanged
I00304,Financials,2023,BBB,BB,0,1,0,1,4,3,-1,downgrade
I00308,Real_Estate,2023,B,B,0,0,0,0,2,2,0,unchanged
I00309,Energy,2023,A,A,0,0,0,0,5,5,0,unchanged
I00310,Healthcare,2023,AA,AA,0,0,0,0,6,6,0,unchanged
I00311,Real_Estate,2023,CCC,BBB,1,0,0,-3,1,4,3,upgrade
I00312,Technology,2023,BBB,BBB,0,0,0,0,4,4,0,unchanged
I00313,Consumer,2023,A,A,0,0,0,0,5,5,0,unchanged
I00314,Industrials,2023,AA,A,0,1,0,1,6,5,-1,downgrade
I00315,Industrials,2023,BB,BB,0,0,0,0,3,3,0,unchanged
I00316,Technology,2023,A,A,0,0,0,0,5,5,0,unchanged
I00318,Energy,2023,BB,BB,0,0,0,0,3,3,0,unchanged
I00319,Financials,2023,A,A,0,0,0,0,5,5,0,unchanged
I00320,Consumer,2023,BBB,A,1,0,0,-1,4,5,1,upgrade
I00321,Healthcare,2023,A,A,0,0,0,0,5,5,0,unchanged
I00322,Technology,2023,BB,BB,0,0,0,0,3,3,0,unchanged
I00324,Financials,2023,B,B,0,0,0,0,2,2,0,unchanged
I00325,Retail,2023,A,A,0,0,0,0,5,5,0,unchanged
I00326,Telecom,2023,BBB,BBB,0,0,0,0,4,4,0,unchanged
I00327,Utilities,2023,BBB,BBB,0,0,0,0,4,4,0,unchanged
I00328,Real_Estate,2023,BB,BB,0,0,0,0,3,3,0,unchanged
I00329,Technology,2023,AA,AA,0,0,0,0,6,6,0,unchanged
I00332,Telecom,2023,BB,BB,0,0,0,0,3,3,0,unchanged
I00333,Consumer,2023,BB,BB,0,0,0,0,3,3,0,unchanged
I00334,Utilities,2023,A,A,0,0,0,0,5,5,0,unchanged
I00335,Utilities,2023,BBB,BBB,0,0,0,0,4,4,0,unchanged
I00336,Utilities,2023,B,B,0,0,0,0,2,2,0,unchanged
I00337,Financials,2023,AA,A,0,1,0,1,6,5,-1,downgrade
I00338,Financials,2023,BBB,BBB,0,0,0,0,4,4,0,unchanged
I00339,Retail,2023,B,B,0,0,0,0,2,2,0,unchanged
I00340,Real_Estate,2023,BB,BB,0,0,0,0,3,3,0,unchanged
I00341,Financials,2023,A,A,0,0,0,0,5,5,0,unchanged
I00342,Technology,2023,BBB,BBB,0,0,0,0,4,4,0,unchanged
I00343,Consumer,2023,BB,BB,0,0,0,0,3,3,0,unchanged
I00344,Energy,2023,AAA,AAA,0,0,0,0,7,7,0,unchanged
I00345,Utilities,2023,BB,BB,0,0,0,0,3,3,0,unchanged
I00346,Industrials,2023,B,B,0,0,0,0,2,2,0,unchanged
I00347,Financials,2023,B,B,0,0,0,0,2,2,0,unchanged
I00348,Retail,2023,BBB,BBB,0,0,0,0,4,4,0,unchanged
I00350,Healthcare,2023,B,D,0,0,1,2,2,0,-2,default
I00351,Technology,2023,AA,AA,0,0,0,0,6,6,0,unchanged
I00352,Utilities,2023,A,A,0,0,0,0,5,5,0,unchanged
I00353,Retail,2023,B,B,0,0,0,0,2,2,0,unchanged
I00354,Healthcare,2023,AAA,AAA,0,0,0,0,7,7,0,unchanged
I00355,Healthcare,2023,B,B,0,0,0,0,2,2,0,unchanged
I00356,Healthcare,2023,AA,AA,0,0,0,0,6,6,0,unchanged
I00357,Industrials,2023,BBB,BBB,0,0,0,0,4,4,0,unchanged
I00359,Consumer,2023,BB,BB,0,0,0,0,3,3,0,unchanged
I00360,Real_Estate,2023,BB,BB,0,0,0,0,3,3,0,unchanged
I00361,Healthcare,2023,B,B,0,0,0,0,2,2,0,unchanged
I00362,Industrials,2023,BB,A,1,0,0,-2,3,5,2,upgrade
I00363,Energy,2023,BBB,BBB,0,0,0,0,4,4,0,unchanged
I00366,Energy,2023,B,B,0,0,0,0,2,2,0,unchanged
I00367,Utilities,2023,BBB,BBB,0,0,0,0,4,4,0,unchanged
I00369,Healthcare,2023,BB,BBB,1,0,0,-1,3,4,1,upgrade
I00370,Utilities,2023,BBB,BBB,0,0,0,0,4,4,0,unchanged
I00371,Technology,2023,CCC,B,1,0,0,-1,1,2,1,upgrade
I00373,Energy,2023,BB,BB,0,0,0,0,3,3,0,unchanged
I00374,Utilities,2023,CCC,BBB,1,0,0,-3,1,4,3,upgrade
I00375,Retail,2023,A,A,0,0,0,0,5,5,0,unchanged
I00376,Industrials,2023,BB,BB,0,0,0,0,3,3,0,unchanged
I00377,Energy,2023,A,A,0,0,0,0,5,5,0,unchanged
I00378,Technology,2023,B,B,0,0,0,0,2,2,0,unchanged
I00379,Healthcare,2023,AA,AA,0,0,0,0,6,6,0,unchanged
I00380,Financials,2023,A,A,0,0,0,0,5,5,0,unchanged
I00381,Telecom,2023,A,A,0,0,0,0,5,5,0,unchanged
I00382,Energy,2023,BB,BB,0,0,0,0,3,3,0,unchanged
I00383,Financials,2023,B,B,0,0,0,0,2,2,0,unchanged
I00384,Healthcare,2023,CCC,D,0,0,1,1,1,0,-1,default
I00385,Industrials,2023,AA,AA,0,0,0,0,6,6,0,unchanged
I00387,Financials,2023,BBB,BBB,0,0,0,0,4,4,0,unchanged
I00388,Retail,2023,B,D,0,0,1,2,2,0,-2,default
I00389,Healthcare,2023,BB,BB,0,0,0,0,3,3,0,unchanged
I00390,Consumer,2023,BBB,BBB,0,0,0,0,4,4,0,unchanged
I00391,Technology,2023,A,A,0,0,0,0,5,5,0,unchanged
I00392,Healthcare,2023,BB,BBB,1,0,0,-1,3,4,1,upgrade
I00393,Industrials,2023,B,B,0,0,0,0,2,2,0,unchanged
I00394,Technology,2023,A,A,0,0,0,0,5,5,0,unchanged
I00395,Healthcare,2023,BB,BB,0,0,0,0,3,3,0,unchanged
I00396,Industrials,2023,A,A,0,0,0,0,5,5,0,unchanged
I00397,Energy,2023,AA,AA,0,0,0,0,6,6,0,unchanged
I00398,Retail,2023,AA,AA,0,0,0,0,6,6,0,unchanged
I00399,Technology,2023,BBB,BBB,0,0,0,0,4,4,0,unchanged
I00400,Industrials,2023,BBB,BBB,0,0,0,0,4,4,0,unchanged
I00401,Utilities,2023,B,B,0,0,0,0,2,2,0,unchanged
I00403,Energy,2023,B,B,0,0,0,0,2,2,0,unchanged
I00404,Industrials,2023,B,B,0,0,0,0,2,2,0,unchanged
I00405,Retail,2023,B,B,0,0,0,0,2,2,0,unchanged
I00406,Financials,2023,B,B,0,0,0,0,2,2,0,unchanged
I00407,Energy,2023,A,A,0,0,0,0,5,5,0,unchanged
I00408,Financials,2023,A,A,0,0,0,0,5,5,0,unchanged
I00409,Technology,2023,A,A,0,0,0,0,5,5,0,unchanged
I00410,Energy,2023,CCC,CCC,0,0,0,0,1,1,0,unchanged
I00411,Retail,2023,BB,BB,0,0,0,0,3,3,0,unchanged
I00412,Industrials,2023,A,A,0,0,0,0,5,5,0,unchanged
I00414,Real_Estate,2023,BB,BB,0,0,0,0,3,3,0,unchanged
I00416,Energy,2023,BBB,BBB,0,0,0,0,4,4,0,unchanged
I00419,Industrials,2023,A,A,0,0,0,0,5,5,0,unchanged
I00420,Telecom,2023,BBB,BBB,0,0,0,0,4,4,0,unchanged
I00421,Retail,2023,A,A,0,0,0,0,5,5,0,unchanged
I00422,Healthcare,2023,B,B,0,0,0,0,2,2,0,unchanged
I00424,Telecom,2023,A,A,0,0,0,0,5,5,0,unchanged
I00425,Healthcare,2023,BB,B,0,1,0,1,3,2,-1,downgrade
I00426,Telecom,2023,BB,BB,0,0,0,0,3,3,0,unchanged
I00427,Financials,2023,BB,A,1,0,0,-2,3,5,2,upgrade
I00428,Retail,2023,AA,AA,0,0,0,0,6,6,0,unchanged
I00429,Industrials,2023,A,A,0,0,0,0,5,5,0,unchanged
I00430,Financials,2023,A,A,0,0,0,0,5,5,0,unchanged
I00432,Financials,2023,B,B,0,0,0,0,2,2,0,unchanged
I00433,Real_Estate,2023,BB,BB,0,0,0,0,3,3,0,unchanged
I00434,Consumer,2023,B,BB,1,0,0,-1,2,3,1,upgrade
I00435,Retail,2023,B,B,0,0,0,0,2,2,0,unchanged
I00440,Energy,2023,AA,AA,0,0,0,0,6,6,0,unchanged
I00441,Industrials,2023,BBB,BBB,0,0,0,0,4,4,0,unchanged
I00442,Consumer,2023,BBB,BBB,0,0,0,0,4,4,0,unchanged
I00443,Retail,2023,BB,BB,0,0,0,0,3,3,0,unchanged
I00444,Financials,2023,BBB,BB,0,1,0,1,4,3,-1,downgrade
I00445,Industrials,2023,A,A,0,0,0,0,5,5,0,unchanged
I00447,Retail,2023,BBB,BBB,0,0,0,0,4,4,0,unchanged
I00450,Healthcare,2023,BB,BB,0,0,0,0,3,3,0,unchanged
I00451,Energy,2023,AAA,AA,0,1,0,1,7,6,-1,downgrade
I00453,Energy,2023,BBB,BBB,0,0,0,0,4,4,0,unchanged
I00454,Financials,2023,BB,B,0,1,0,1,3,2,-1,downgrade
I00455,Financials,2023,BB,BB,0,0,0,0,3,3,0,unchanged
I00458,Telecom,2023,BBB,BB,0,1,0,1,4,3,-1,downgrade
I00460,Telecom,2023,AAA,AAA,0,0,0,0,7,7,0,unchanged
I00461,Energy,2023,A,A,0,0,0,0,5,5,0,unchanged
I00462,Real_Estate,2023,A,A,0,0,0,0,5,5,0,unchanged
I00463,Financials,2023,A,A,0,0,0,0,5,5,0,unchanged
I00464,Healthcare,2023,A,A,0,0,0,0,5,5,0,unchanged
I00465,Energy,2023,AAA,AAA,0,0,0,0,7,7,0,unchanged
I00466,Energy,2023,A,A,0,0,0,0,5,5,0,unchanged
I00467,Financials,2023,A,A,0,0,0,0,5,5,0,unchanged
I00468,Technology,2023,A,A,0,0,0,0,5,5,0,unchanged
I00469,Real_Estate,2023,AA,AA,0,0,0,0,6,6,0,unchanged
I00470,Financials,2023,BBB,BBB,0,0,0,0,4,4,0,unchanged
I00471,Energy,2023,CCC,CCC,0,0,0,0,1,1,0,unchanged
I00472,Retail,2023,BB,BB,0,0,0,0,3,3,0,unchanged
I00474,Technology,2023,B,B,0,0,0,0,2,2,0,unchanged
I00475,Telecom,2023,BBB,BBB,0,0,0,0,4,4,0,unchanged
I00476,Utilities,2023,BB,BB,0,0,0,0,3,3,0,unchanged
I00477,Technology,2023,A,A,0,0,0,0,5,5,0,unchanged
I00478,Healthcare,2023,BB,BB,0,0,0,0,3,3,0,unchanged
I00479,Consumer,2023,BBB,BBB,0,0,0,0,4,4,0,unchanged
I00480,Industrials,2023,CCC,D,0,0,1,1,1,0,-1,default
I00482,Telecom,2023,BBB,BBB,0,0,0,0,4,4,0,unchanged
I00484,Real_Estate,2023,AA,AA,0,0,0,0,6,6,0,unchanged
I00485,Consumer,2023,BB,BB,0,0,0,0,3,3,0,unchanged
I00486,Utilities,2023,BB,BB,0,0,0,0,3,3,0,unchanged
I00487,Consumer,2023,BBB,BBB,0,0,0,0,4,4,0,unchanged
I00488,Utilities,2023,BBB,BBB,0,0,0,0,4,4,0,unchanged
I00489,Industrials,2023,BB,BBB,1,0,0,-1,3,4,1,upgrade
I00490,Utilities,2023,BBB,BBB,0,0,0,0,4,4,0,unchanged
I00491,Utilities,2023,BB,BB,0,0,0,0,3,3,0,unchanged
I00492,Financials,2023,BB,BB,0,0,0,0,3,3,0,unchanged
I00493,Industrials,2023,BB,BBB,1,0,0,-1,3,4,1,upgrade
I00494,Utilities,2023,BB,BB,0,0,0,0,3,3,0,unchanged
I00495,Financials,2023,AA,AA,0,0,0,0,6,6,0,unchanged
I00496,Energy,2023,BBB,BBB,0,0,0,0,4,4,0,unchanged
I00498,Utilities,2023,BB,BB,0,0,0,0,3,3,0,unchanged
I00502,Consumer,2023,A,A,0,0,0,0,5,5,0,unchanged
I00503,Telecom,2023,BBB,BBB,0,0,0,0,4,4,0,unchanged
I00504,Retail,2023,BB,BB,0,0,0,0,3,3,0,unchanged
I00505,Financials,2023,B,BB,1,0,0,-1,2,3,1,upgrade
I00506,Utilities,2023,BBB,BBB,0,0,0,0,4,4,0,unchanged
I00507,Real_Estate,2023,B,B,0,0,0,0,2,2,0,unchanged
I00508,Industrials,2023,BBB,BBB,0,0,0,0,4,4,0,unchanged
I00509,Real_Estate,2023,BB,BB,0,0,0,0,3,3,0,unchanged
I00510,Consumer,2023,BB,BB,0,0,0,0,3,3,0,unchanged
I00512,Financials,2023,B,B,0,0,0,0,2,2,0,unchanged
I00513,Financials,2023,AA,AA,0,0,0,0,6,6,0,unchanged
I00514,Technology,2023,B,B,0,0,0,0,2,2,0,unchanged
I00515,Retail,2023,B,B,0,0,0,0,2,2,0,unchanged
I00517,Retail,2023,A,A,0,0,0,0,5,5,0,unchanged
I00518,Industrials,2023,A,A,0,0,0,0,5,5,0,unchanged
I00519,Telecom,2023,A,A,0,0,0,0,5,5,0,unchanged
I00520,Telecom,2023,BBB,BBB,0,0,0,0,4,4,0,unchanged
I00521,Telecom,2023,B,B,0,0,0,0,2,2,0,unchanged
I00522,Utilities,2023,A,A,0,0,0,0,5,5,0,unchanged
I00523,Utilities,2023,BBB,BBB,0,0,0,0,4,4,0,unchanged
I00525,Industrials,2023,CCC,CCC,0,0,0,0,1,1,0,unchanged
I00526,Utilities,2023,CCC,CCC,0,0,0,0,1,1,0,unchanged
I00527,Real_Estate,2023,BB,BB,0,0,0,0,3,3,0,unchanged
I00528,Real_Estate,2023,A,A,0,0,0,0,5,5,0,unchanged
I00529,Telecom,2023,B,B,0,0,0,0,2,2,0,unchanged
I00531,Technology,2023,AA,AA,0,0,0,0,6,6,0,unchanged
I00532,Consumer,2023,A,A,0,0,0,0,5,5,0,unchanged
I00533,Financials,2023,B,B,0,0,0,0,2,2,0,unchanged
I00534,Utilities,2023,BBB,BBB,0,0,0,0,4,4,0,unchanged
I00535,Healthcare,2023,A,A,0,0,0,0,5,5,0,unchanged
I00536,Financials,2023,BBB,BB,0,1,0,1,4,3,-1,downgrade
I00538,Retail,2023,B,B,0,0,0,0,2,2,0,unchanged
I00539,Telecom,2023,BB,BB,0,0,0,0,3,3,0,unchanged
I00540,Retail,2023,AA,AA,0,0,0,0,6,6,0,unchanged
I00542,Financials,2023,AA,AA,0,0,0,0,6,6,0,unchanged
I00543,Energy,2023,BB,BB,0,0,0,0,3,3,0,unchanged
I00545,Utilities,2023,BBB,BBB,0,0,0,0,4,4,0,unchanged
I00547,Real_Estate,2023,A,BBB,0,1,0,1,5,4,-1,downgrade
I00548,Real_Estate,2023,AAA,AAA,0,0,0,0,7,7,0,unchanged
I00549,Financials,2023,BB,BB,0,0,0,0,3,3,0,unchanged
I00550,Consumer,2023,A,A,0,0,0,0,5,5,0,unchanged
I00551,Real_Estate,2023,BB,BBB,1,0,0,-1,3,4,1,upgrade
I00553,Healthcare,2023,AA,AA,0,0,0,0,6,6,0,unchanged
I00554,Consumer,2023,B,B,0,0,0,0,2,2,0,unchanged
I00556,Consumer,2023,BB,BB,0,0,0,0,3,3,0,unchanged
I00557,Financials,2023,A,AA,1,0,0,-1,5,6,1,upgrade
I00559,Telecom,2023,BBB,BBB,0,0,0,0,4,4,0,unchanged
I00560,Consumer,2023,A,A,0,0,0,0,5,5,0,unchanged
I00561,Financials,2023,A,A,0,0,0,0,5,5,0,unchanged
I00562,Financials,2023,B,B,0,0,0,0,2,2,0,unchanged
I00563,Telecom,2023,B,BB,1,0,0,-1,2,3,1,upgrade
I00564,Telecom,2023,BBB,BBB,0,0,0,0,4,4,0,unchanged
I00565,Technology,2023,BB,BB,0,0,0,0,3,3,0,unchanged
I00566,Healthcare,2023,A,A,0,0,0,0,5,5,0,unchanged
I00567,Industrials,2023,BB,BB,0,0,0,0,3,3,0,unchanged
I00568,Consumer,2023,A,A,0,0,0,0,5,5,0,unchanged
I00569,Healthcare,2023,AA,AA,0,0,0,0,6,6,0,unchanged
I00571,Real_Estate,2023,A,AA,1,0,0,-1,5,6,1,upgrade
I00572,Energy,2023,BBB,BBB,0,0,0,0,4,4,0,unchanged
I00573,Industrials,2023,A,A,0,0,0,0,5,5,0,unchanged
I00574,Industrials,2023,BBB,BBB,0,0,0,0,4,4,0,unchanged
I00575,Retail,2023,BB,BB,0,0,0,0,3,3,0,unchanged
I00576,Industrials,2023,B,BB,1,0,0,-1,2,3,1,upgrade
I00577,Industrials,2023,B,B,0,0,0,0,2,2,0,unchanged
I00578,Industrials,2023,A,D,0,0,1,5,5,0,-5,default
I00579,Energy,2023,A,A,0,0,0,0,5,5,0,unchanged
I00580,Industrials,2023,A,A,0,0,0,0,5,5,0,unchanged
I00581,Retail,2023,B,B,0,0,0,0,2,2,0,unchanged
I00582,Healthcare,2023,BBB,BBB,0,0,0,0,4,4,0,unchanged
I00583,Financials,2023,B,B,0,0,0,0,2,2,0,unchanged
I00584,Retail,2023,BBB,BBB,0,0,0,0,4,4,0,unchanged
I00585,Utilities,2023,A,A,0,0,0,0,5,5,0,unchanged
I00586,Healthcare,2023,AA,AA,0,0,0,0,6,6,0,unchanged
I00587,Consumer,2023,B,B,0,0,0,0,2,2,0,unchanged
I00588,Financials,2023,A,A,0,0,0,0,5,5,0,unchanged
I00589,Technology,2023,BB,BB,0,0,0,0,3,3,0,unchanged
I00590,Healthcare,2023,AA,AA,0,0,0,0,6,6,0,unchanged
I00591,Real_Estate,2023,AAA,AAA,0,0,0,0,7,7,0,unchanged
I00592,Healthcare,2023,AA,AA,0,0,0,0,6,6,0,unchanged
I00593,Energy,2023,A,A,0,0,0,0,5,5,0,unchanged
I00594,Healthcare,2023,BBB,BBB,0,0,0,0,4,4,0,unchanged
I00595,Utilities,2023,BB,BB,0,0,0,0,3,3,0,unchanged
I00596,Real_Estate,2023,A,A,0,0,0,0,5,5,0,unchanged
I00597,Utilities,2023,A,A,0,0,0,0,5,5,0,unchanged
I00598,Healthcare,2023,A,A,0,0,0,0,5,5,0,unchanged
I00599,Healthcare,2023,A,A,0,0,0,0,5,5,0,unchanged
I00600,Energy,2023,BBB,BBB,0,0,0,0,4,4,0,unchanged
I00601,Utilities,2023,BBB,BBB,0,0,0,0,4,4,0,unchanged
I00602,Consumer,2023,AA,AA,0,0,0,0,6,6,0,unchanged
I00603,Financials,2023,A,A,0,0,0,0,5,5,0,unchanged
I00605,Telecom,2023,A,A,0,0,0,0,5,5,0,unchanged
I00606,Real_Estate,2023,B,B,0,0,0,0,2,2,0,unchanged
I00607,Retail,2023,B,B,0,0,0,0,2,2,0,unchanged
I00608,Industrials,2023,BBB,BBB,0,0,0,0,4,4,0,unchanged
I00609,Utilities,2023,AAA,AAA,0,0,0,0,7,7,0,unchanged
I00610,Utilities,2023,BBB,BBB,0,0,0,0,4,4,0,unchanged
I00611,Consumer,2023,B,B,0,0,0,0,2,2,0,unchanged
I00612,Technology,2023,A,A,0,0,0,0,5,5,0,unchanged
I00613,Technology,2023,BB,BB,0,0,0,0,3,3,0,unchanged
I00614,Industrials,2023,B,BB,1,0,0,-1,2,3,1,upgrade
I00616,Telecom,2023,BBB,BBB,0,0,0,0,4,4,0,unchanged
I00618,Retail,2023,B,B,0,0,0,0,2,2,0,unchanged
I00619,Utilities,2023,A,BBB,0,1,0,1,5,4,-1,downgrade
I00620,Healthcare,2023,A,A,0,0,0,0,5,5,0,unchanged
I00621,Technology,2023,BBB,BBB,0,0,0,0,4,4,0,unchanged
I00622,Retail,2023,CCC,CCC,0,0,0,0,1,1,0,unchanged
I00625,Telecom,2023,CCC,D,0,0,1,1,1,0,-1,default
I00626,Utilities,2023,BB,B,0,1,0,1,3,2,-1,downgrade
I00627,Technology,2023,AA,AA,0,0,0,0,6,6,0,unchanged
I00628,Telecom,2023,BBB,BBB,0,0,0,0,4,4,0,unchanged
I00629,Industrials,2023,AA,AA,0,0,0,0,6,6,0,unchanged
I00630,Energy,2023,A,A,0,0,0,0,5,5,0,unchanged
I00631,Utilities,2023,BB,BB,0,0,0,0,3,3,0,unchanged
I00632,Industrials,2023,AA,AA,0,0,0,0,6,6,0,unchanged
I00633,Retail,2023,A,A,0,0,0,0,5,5,0,unchanged
I00635,Consumer,2023,BB,B,0,1,0,1,3,2,-1,downgrade
I00636,Consumer,2023,B,B,0,0,0,0,2,2,0,unchanged
I00637,Consumer,2023,A,A,0,0,0,0,5,5,0,unchanged
I00638,Technology,2023,BBB,BBB,0,0,0,0,4,4,0,unchanged
I00639,Telecom,2023,BB,BB,0,0,0,0,3,3,0,unchanged
I00640,Telecom,2023,BBB,BBB,0,0,0,0,4,4,0,unchanged
I00641,Consumer,2023,A,A,0,0,0,0,5,5,0,unchanged
I00642,Industrials,2023,A,A,0,0,0,0,5,5,0,unchanged
I00643,Industrials,2023,AA,AA,0,0,0,0,6,6,0,unchanged
I00644,Utilities,2023,BBB,A,1,0,0,-1,4,5,1,upgrade
I00646,Industrials,2023,BBB,BBB,0,0,0,0,4,4,0,unchanged
I00647,Real_Estate,2023,BB,BB,0,0,0,0,3,3,0,unchanged
I00648,Financials,2023,A,A,0,0,0,0,5,5,0,unchanged
I00649,Energy,2023,BB,BB,0,0,0,0,3,3,0,unchanged
I00650,Utilities,2023,B,B,0,0,0,0,2,2,0,unchanged
I00651,Utilities,2023,AA,AA,0,0,0,0,6,6,0,unchanged
I00652,Technology,2023,BBB,BBB,0,0,0,0,4,4,0,unchanged
I00653,Telecom,2023,BB,BB,0,0,0,0,3,3,0,unchanged
I00655,Healthcare,2023,BBB,BBB,0,0,0,0,4,4,0,unchanged
I00656,Financials,2023,BBB,BBB,0,0,0,0,4,4,0,unchanged
I00658,Telecom,2023,BB,BB,0,0,0,0,3,3,0,unchanged
I00659,Telecom,2023,BBB,BBB,0,0,0,0,4,4,0,unchanged
I00660,Industrials,2023,B,B,0,0,0,0,2,2,0,unchanged
I00661,Healthcare,2023,BBB,BBB,0,0,0,0,4,4,0,unchanged
I00662,Real_Estate,2023,B,B,0,0,0,0,2,2,0,unchanged
I00663,Technology,2023,A,A,0,0,0,0,5,5,0,unchanged
I00664,Healthcare,2023,A,A,0,0,0,0,5,5,0,unchanged
I00665,Financials,2023,BBB,BBB,0,0,0,0,4,4,0,unchanged
I00666,Telecom,2023,B,B,0,0,0,0,2,2,0,unchanged
I00667,Healthcare,2023,BBB,BBB,0,0,0,0,4,4,0,unchanged
I00668,Retail,2023,A,A,0,0,0,0,5,5,0,unchanged
I00669,Real_Estate,2023,A,A,0,0,0,0,5,5,0,unchanged
I00670,Healthcare,2023,A,A,0,0,0,0,5,5,0,unchanged
I00671,Retail,2023,A,A,0,0,0,0,5,5,0,unchanged
I00672,Retail,2023,CCC,CCC,0,0,0,0,1,1,0,unchanged
I00673,Healthcare,2023,A,A,0,0,0,0,5,5,0,unchanged
I00675,Telecom,2023,BB,BB,0,0,0,0,3,3,0,unchanged
I00677,Healthcare,2023,BB,BBB,1,0,0,-1,3,4,1,upgrade
I00678,Real_Estate,2023,BBB,BBB,0,0,0,0,4,4,0,unchanged
I00679,Consumer,2023,CCC,CCC,0,0,0,0,1,1,0,unchanged
I00680,Healthcare,2023,BBB,BBB,0,0,0,0,4,4,0,unchanged
I00681,Energy,2023,BBB,BBB,0,0,0,0,4,4,0,unchanged
I00682,Industrials,2023,BBB,B,0,1,0,2,4,2,-2,downgrade
I00683,Utilities,2023,BBB,BBB,0,0,0,0,4,4,0,unchanged
I00684,Real_Estate,2023,A,A,0,0,0,0,5,5,0,unchanged
I00685,Real_Estate,2023,BBB,BBB,0,0,0,0,4,4,0,unchanged
I00686,Utilities,2023,B,B,0,0,0,0,2,2,0,unchanged
I00687,Telecom,2023,AA,AA,0,0,0,0,6,6,0,unchanged
I00691,Healthcare,2023,BBB,BBB,0,0,0,0,4,4,0,unchanged
I00692,Retail,2023,BB,A,1,0,0,-2,3,5,2,upgrade
I00693,Financials,2023,A,A,0,0,0,0,5,5,0,unchanged
I00694,Financials,2023,BBB,BBB,0,0,0,0,4,4,0,unchanged
I00695,Real_Estate,2023,BBB,BBB,0,0,0,0,4,4,0,unchanged
I00696,Healthcare,2023,AAA,AA,0,1,0,1,7,6,-1,downgrade
I00697,Financials,2023,A,A,0,0,0,0,5,5,0,unchanged
I00699,Energy,2023,B,B,0,0,0,0,2,2,0,unchanged
I00700,Real_Estate,2023,A,A,0,0,0,0,5,5,0,unchanged
I00701,Technology,2023,BB,A,1,0,0,-2,3,5,2,upgrade
I00702,Telecom,2023,A,A,0,0,0,0,5,5,0,unchanged
I00703,Healthcare,2023,A,A,0,0,0,0,5,5,0,unchanged
I00704,Technology,2023,A,A,0,0,0,0,5,5,0,unchanged
I00705,Retail,2023,BBB,BBB,0,0,0,0,4,4,0,unchanged
I00706,Industrials,2023,B,B,0,0,0,0,2,2,0,unchanged
I00707,Financials,2023,BBB,BBB,0,0,0,0,4,4,0,unchanged
I00708,Financials,2023,BBB,A,1,0,0,-1,4,5,1,upgrade
I00709,Consumer,2023,B,BB,1,0,0,-1,2,3,1,upgrade
I00710,Financials,2023,A,A,0,0,0,0,5,5,0,unchanged
I00711,Telecom,2023,BB,BBB,1,0,0,-1,3,4,1,upgrade
I00712,Retail,2023,BB,BB,0,0,0,0,3,3,0,unchanged
I00714,Technology,2023,A,A,0,0,0,0,5,5,0,unchanged
I00715,Healthcare,2023,BB,BBB,1,0,0,-1,3,4,1,upgrade
I00716,Energy,2023,BB,BB,0,0,0,0,3,3,0,unchanged
I00717,Technology,2023,BBB,BBB,0,0,0,0,4,4,0,unchanged
I00718,Retail,2023,A,A,0,0,0,0,5,5,0,unchanged
I00719,Consumer,2023,A,A,0,0,0,0,5,5,0,unchanged
I00720,Telecom,2023,A,A,0,0,0,0,5,5,0,unchanged
I00722,Financials,2023,B,B,0,0,0,0,2,2,0,unchanged
I00725,Healthcare,2023,BBB,BBB,0,0,0,0,4,4,0,unchanged
I00726,Healthcare,2023,BBB,BBB,0,0,0,0,4,4,0,unchanged
I00727,Consumer,2023,BB,BB,0,0,0,0,3,3,0,unchanged
I00728,Energy,2023,BBB,BBB,0,0,0,0,4,4,0,unchanged
I00729,Telecom,2023,BBB,BBB,0,0,0,0,4,4,0,unchanged
I00731,Utilities,2023,BBB,BBB,0,0,0,0,4,4,0,unchanged
I00732,Consumer,2023,BBB,BBB,0,0,0,0,4,4,0,unchanged
I00733,Energy,2023,A,BBB,0,1,0,1,5,4,-1,downgrade
I00735,Real_Estate,2023,BB,BB,0,0,0,0,3,3,0,unchanged
I00736,Healthcare,2023,BB,BB,0,0,0,0,3,3,0,unchanged
I00738,Healthcare,2023,BB,BB,0,0,0,0,3,3,0,unchanged
I00739,Telecom,2023,B,B,0,0,0,0,2,2,0,unchanged
I00740,Healthcare,2023,B,B,0,0,0,0,2,2,0,unchanged
I00741,Industrials,2023,BBB,BBB,0,0,0,0,4,4,0,unchanged
I00742,Consumer,2023,BBB,BBB,0,0,0,0,4,4,0,unchanged
I00745,Energy,2023,BB,BB,0,0,0,0,3,3,0,unchanged
I00746,Financials,2023,B,B,0,0,0,0,2,2,0,unchanged
I00747,Energy,2023,B,B,0,0,0,0,2,2,0,unchanged
I00748,Utilities,2023,B,B,0,0,0,0,2,2,0,unchanged
I00749,Telecom,2023,CCC,CCC,0,0,0,0,1,1,0,unchanged
I00750,Technology,2023,AA,AA,0,0,0,0,6,6,0,unchanged
I00751,Real_Estate,2023,A,A,0,0,0,0,5,5,0,unchanged
I00752,Retail,2023,BBB,BBB,0,0,0,0,4,4,0,unchanged
I00753,Industrials,2023,A,A,0,0,0,0,5,5,0,unchanged
I00754,Real_Estate,2023,A,A,0,0,0,0,5,5,0,unchanged
I00755,Retail,2023,A,A,0,0,0,0,5,5,0,unchanged
I00756,Financials,2023,B,B,0,0,0,0,2,2,0,unchanged
I00757,Industrials,2023,B,B,0,0,0,0,2,2,0,unchanged
I00758,Consumer,2023,B,B,0,0,0,0,2,2,0,unchanged
I00761,Telecom,2023,BBB,BBB,0,0,0,0,4,4,0,unchanged
I00762,Retail,2023,BB,BB,0,0,0,0,3,3,0,unchanged
I00763,Utilities,2023,BBB,BBB,0,0,0,0,4,4,0,unchanged
I00764,Technology,2023,BBB,BBB,0,0,0,0,4,4,0,unchanged
I00765,Industrials,2023,AA,AA,0,0,0,0,6,6,0,unchanged
I00766,Industrials,2023,A,A,0,0,0,0,5,5,0,unchanged
I00767,Telecom,2023,B,B,0,0,0,0,2,2,0,unchanged
I00768,Energy,2023,B,BBB,1,0,0,-2,2,4,2,upgrade
I00769,Retail,2023,B,B,0,0,0,0,2,2,0,unchanged
I00770,Retail,2023,A,A,0,0,0,0,5,5,0,unchanged
I00771,Financials,2023,A,A,0,0,0,0,5,5,0,unchanged
I00772,Technology,2023,A,A,0,0,0,0,5,5,0,unchanged
I00773,Industrials,2023,AA,AA,0,0,0,0,6,6,0,unchanged
I00774,Financials,2023,A,A,0,0,0,0,5,5,0,unchanged
I00775,Financials,2023,BB,BB,0,0,0,0,3,3,0,unchanged
I00776,Consumer,2023,A,A,0,0,0,0,5,5,0,unchanged
I00777,Utilities,2023,B,B,0,0,0,0,2,2,0,unchanged
I00778,Financials,2023,BBB,BBB,0,0,0,0,4,4,0,unchanged
I00779,Financials,2023,A,A,0,0,0,0,5,5,0,unchanged
I00780,Consumer,2023,AA,AA,0,0,0,0,6,6,0,unchanged
I00781,Industrials,2023,BB,B,0,1,0,1,3,2,-1,downgrade
I00782,Telecom,2023,BBB,BBB,0,0,0,0,4,4,0,unchanged
I00783,Utilities,2023,BB,B,0,1,0,1,3,2,-1,downgrade
I00784,Financials,2023,CCC,CCC,0,0,0,0,1,1,0,unchanged
I00785,Consumer,2023,B,B,0,0,0,0,2,2,0,unchanged
I00786,Healthcare,2023,AAA,AAA,0,0,0,0,7,7,0,unchanged
I00787,Industrials,2023,A,A,0,0,0,0,5,5,0,unchanged
I00789,Utilities,2023,A,A,0,0,0,0,5,5,0,unchanged
I00790,Retail,2023,B,B,0,0,0,0,2,2,0,unchanged
I00791,Energy,2023,BB,BB,0,0,0,0,3,3,0,unchanged
I00792,Real_Estate,2023,A,A,0,0,0,0,5,5,0,unchanged
I00793,Consumer,2023,A,A,0,0,0,0,5,5,0,unchanged
I00794,Energy,2023,BB,B,0,1,0,1,3,2,-1,downgrade
I00795,Consumer,2023,A,A,0,0,0,0,5,5,0,unchanged
I00797,Telecom,2023,B,B,0,0,0,0,2,2,0,unchanged
I00798,Consumer,2023,BBB,BBB,0,0,0,0,4,4,0,unchanged
I00799,Industrials,2023,A,A,0,0,0,0,5,5,0,unchanged
I00800,Real_Estate,2023,CCC,CCC,0,0,0,0,1,1,0,unchanged
I00801,Telecom,2023,A,A,0,0,0,0,5,5,0,unchanged
I00802,Industrials,2023,BBB,BBB,0,0,0,0,4,4,0,unchanged
I00803,Retail,2023,A,A,0,0,0,0,5,5,0,unchanged
I00804,Healthcare,2023,A,A,0,0,0,0,5,5,0,unchanged
I00807,Consumer,2023,BB,BB,0,0,0,0,3,3,0,unchanged
I00808,Energy,2023,A,A,0,0,0,0,5,5,0,unchanged
I00809,Healthcare,2023,A,A,0,0,0,0,5,5,0,unchanged
I00811,Telecom,2023,BBB,BBB,0,0,0,0,4,4,0,unchanged
I00812,Utilities,2023,A,A,0,0,0,0,5,5,0,unchanged
I00813,Real_Estate,2023,A,A,0,0,0,0,5,5,0,unchanged
I00814,Financials,2023,BBB,BBB,0,0,0,0,4,4,0,unchanged
I00818,Real_Estate,2023,BB,BB,0,0,0,0,3,3,0,unchanged
I00819,Real_Estate,2023,BBB,BBB,0,0,0,0,4,4,0,unchanged
I00820,Real_Estate,2023,BB,BB,0,0,0,0,3,3,0,unchanged
I00821,Consumer,2023,BBB,BBB,0,0,0,0,4,4,0,unchanged
I00822,Consumer,2023,A,A,0,0,0,0,5,5,0,unchanged
I00823,Consumer,2023,AA,D,0,0,1,6,6,0,-6,default
I00824,Consumer,2023,BB,BB,0,0,0,0,3,3,0,unchanged
I00826,Energy,2023,AA,AA,0,0,0,0,6,6,0,unchanged
I00828,Consumer,2023,A,A,0,0,0,0,5,5,0,unchanged
I00830,Financials,2023,B,B,0,0,0,0,2,2,0,unchanged
I00831,Consumer,2023,BBB,BBB,0,0,0,0,4,4,0,unchanged
I00832,Telecom,2023,BBB,BBB,0,0,0,0,4,4,0,unchanged
I00833,Real_Estate,2023,A,A,0,0,0,0,5,5,0,unchanged
I00834,Industrials,2023,AAA,AAA,0,0,0,0,7,7,0,unchanged
I00835,Telecom,2023,AA,AA,0,0,0,0,6,6,0,unchanged
I00836,Financials,2023,A,A,0,0,0,0,5,5,0,unchanged
I00837,Utilities,2023,BB,BB,0,0,0,0,3,3,0,unchanged
I00838,Financials,2023,A,A,0,0,0,0,5,5,0,unchanged
I00839,Energy,2023,A,A,0,0,0,0,5,5,0,unchanged
I00840,Industrials,2023,B,B,0,0,0,0,2,2,0,unchanged
I00841,Industrials,2023,B,B,0,0,0,0,2,2,0,unchanged
I00842,Retail,2023,AAA,AAA,0,0,0,0,7,7,0,unchanged
I00843,Industrials,2023,A,A,0,0,0,0,5,5,0,unchanged
I00844,Utilities,2023,B,B,0,0,0,0,2,2,0,unchanged
I00845,Industrials,2023,A,A,0,0,0,0,5,5,0,unchanged
I00847,Financials,2023,B,B,0,0,0,0,2,2,0,unchanged
I00850,Utilities,2023,BBB,BB,0,1,0,1,4,3,-1,downgrade
I00851,Industrials,2023,BBB,BBB,0,0,0,0,4,4,0,unchanged
I00853,Retail,2023,A,AA,1,0,0,-1,5,6,1,upgrade
I00854,Financials,2023,BB,BB,0,0,0,0,3,3,0,unchanged
I00855,Financials,2023,A,BBB,0,1,0,1,5,4,-1,downgrade
I00856,Technology,2023,B,B,0,0,0,0,2,2,0,unchanged
I00857,Consumer,2023,BBB,A,1,0,0,-1,4,5,1,upgrade
I00858,Consumer,2023,BBB,BB,0,1,0,1,4,3,-1,downgrade
I00859,Technology,2023,BBB,BBB,0,0,0,0,4,4,0,unchanged
I00860,Real_Estate,2023,B,B,0,0,0,0,2,2,0,unchanged
I00863,Technology,2023,A,A,0,0,0,0,5,5,0,unchanged
I00864,Real_Estate,2023,BBB,BBB,0,0,0,0,4,4,0,unchanged
I00865,Consumer,2023,A,A,0,0,0,0,5,5,0,unchanged
I00866,Utilities,2023,A,A,0,0,0,0,5,5,0,unchanged
I00867,Energy,2023,BBB,BBB,0,0,0,0,4,4,0,unchanged
I00868,Retail,2023,AA,AA,0,0,0,0,6,6,0,unchanged
I00869,Retail,2023,B,D,0,0,1,2,2,0,-2,default
I00870,Energy,2023,CCC,CCC,0,0,0,0,1,1,0,unchanged
I00871,Real_Estate,2023,BBB,BBB,0,0,0,0,4,4,0,unchanged
I00873,Financials,2023,A,A,0,0,0,0,5,5,0,unchanged
I00874,Financials,2023,B,B,0,0,0,0,2,2,0,unchanged
I00875,Industrials,2023,A,A,0,0,0,0,5,5,0,unchanged
I00876,Energy,2023,B,B,0,0,0,0,2,2,0,unchanged
I00877,Real_Estate,2023,B,B,0,0,0,0,2,2,0,unchanged
I00878,Financials,2023,A,A,0,0,0,0,5,5,0,unchanged
I00879,Industrials,2023,A,A,0,0,0,0,5,5,0,unchanged
I00880,Retail,2023,A,A,0,0,0,0,5,5,0,unchanged
I00881,Energy,2023,BB,BB,0,0,0,0,3,3,0,unchanged
I00883,Real_Estate,2023,CCC,B,1,0,0,-1,1,2,1,upgrade
I00884,Telecom,2023,AA,AA,0,0,0,0,6,6,0,unchanged
I00885,Technology,2023,A,A,0,0,0,0,5,5,0,unchanged
I00887,Technology,2023,A,A,0,0,0,0,5,5,0,unchanged
I00888,Technology,2023,BBB,BBB,0,0,0,0,4,4,0,unchanged
I00889,Retail,2023,A,A,0,0,0,0,5,5,0,unchanged
I00890,Energy,2023,A,A,0,0,0,0,5,5,0,unchanged
I00891,Industrials,2023,B,B,0,0,0,0,2,2,0,unchanged
I00892,Energy,2023,BBB,BBB,0,0,0,0,4,4,0,unchanged
I00893,Real_Estate,2023,BB,BB,0,0,0,0,3,3,0,unchanged
I00894,Energy,2023,A,A,0,0,0,0,5,5,0,unchanged
I00895,Real_Estate,2023,B,B,0,0,0,0,2,2,0,unchanged
I00896,Telecom,2023,B,B,0,0,0,0,2,2,0,unchanged
I00897,Real_Estate,2023,AA,AA,0,0,0,0,6,6,0,unchanged
I00898,Retail,2023,BBB,BBB,0,0,0,0,4,4,0,unchanged
I00899,Telecom,2023,B,B,0,0,0,0,2,2,0,unchanged
I00900,Industrials,2023,B,B,0,0,0,0,2,2,0,unchanged
I00902,Healthcare,2023,BBB,BBB,0,0,0,0,4,4,0,unchanged
I00903,Consumer,2023,A,A,0,0,0,0,5,5,0,unchanged
I00906,Financials,2023,B,B,0,0,0,0,2,2,0,unchanged
I00907,Healthcare,2023,BBB,BBB,0,0,0,0,4,4,0,unchanged
I00908,Financials,2023,A,A,0,0,0,0,5,5,0,unchanged
I00909,Telecom,2023,BB,BB,0,0,0,0,3,3,0,unchanged
I00910,Energy,2023,B,B,0,0,0,0,2,2,0,unchanged
I00911,Retail,2023,AA,AA,0,0,0,0,6,6,0,unchanged
I00912,Real_Estate,2023,A,A,0,0,0,0,5,5,0,unchanged
I00913,Industrials,2023,BB,BB,0,0,0,0,3,3,0,unchanged
I00914,Telecom,2023,BB,B,0,1,0,1,3,2,-1,downgrade
I00915,Technology,2023,AA,AA,0,0,0,0,6,6,0,unchanged
I00916,Energy,2023,A,A,0,0,0,0,5,5,0,unchanged
I00917,Industrials,2023,A,A,0,0,0,0,5,5,0,unchanged
I00918,Energy,2023,BBB,BBB,0,0,0,0,4,4,0,unchanged
I00920,Energy,2023,BBB,BB,0,1,0,1,4,3,-1,downgrade
I00921,Financials,2023,A,A,0,0,0,0,5,5,0,unchanged
I00922,Telecom,2023,A,A,0,0,0,0,5,5,0,unchanged
I00923,Consumer,2023,B,B,0,0,0,0,2,2,0,unchanged
I00924,Healthcare,2023,BBB,BBB,0,0,0,0,4,4,0,unchanged
I00925,Utilities,2023,AA,AA,0,0,0,0,6,6,0,unchanged
I00926,Utilities,2023,CCC,BBB,1,0,0,-3,1,4,3,upgrade
I00927,Energy,2023,BBB,BBB,0,0,0,0,4,4,0,unchanged
I00928,Consumer,2023,A,B,0,1,0,3,5,2,-3,downgrade
I00929,Industrials,2023,BB,B,0,1,0,1,3,2,-1,downgrade
I00930,Real_Estate,2023,A,A,0,0,0,0,5,5,0,unchanged
I00931,Technology,2023,B,B,0,0,0,0,2,2,0,unchanged
I00932,Real_Estate,2023,AA,AA,0,0,0,0,6,6,0,unchanged
I00933,Telecom,2023,A,BBB,0,1,0,1,5,4,-1,downgrade
I00934,Telecom,2023,A,A,0,0,0,0,5,5,0,unchanged
I00935,Technology,2023,B,B,0,0,0,0,2,2,0,unchanged
I00936,Energy,2023,BB,BB,0,0,0,0,3,3,0,unchanged
I00937,Industrials,2023,BBB,BBB,0,0,0,0,4,4,0,unchanged
I00938,Telecom,2023,B,B,0,0,0,0,2,2,0,unchanged
I00939,Technology,2023,A,A,0,0,0,0,5,5,0,unchanged
I00940,Financials,2023,A,A,0,0,0,0,5,5,0,unchanged
I00942,Technology,2023,B,B,0,0,0,0,2,2,0,unchanged
I00943,Real_Estate,2023,BB,BB,0,0,0,0,3,3,0,unchanged
I00944,Healthcare,2023,B,B,0,0,0,0,2,2,0,unchanged
I00945,Industrials,2023,A,A,0,0,0,0,5,5,0,unchanged
I00946,Utilities,2023,BBB,BBB,0,0,0,0,4,4,0,unchanged
I00947,Telecom,2023,BB,BB,0,0,0,0,3,3,0,unchanged
I00948,Technology,2023,BB,BB,0,0,0,0,3,3,0,unchanged
I00949,Financials,2023,BB,BB,0,0,0,0,3,3,0,unchanged
I00950,Telecom,2023,B,B,0,0,0,0,2,2,0,unchanged
I00951,Real_Estate,2023,A,A,0,0,0,0,5,5,0,unchanged
I00952,Technology,2023,BBB,BBB,0,0,0,0,4,4,0,unchanged
I00953,Real_Estate,2023,B,D,0,0,1,2,2,0,-2,default
I00954,Healthcare,2023,AA,AA,0,0,0,0,6,6,0,unchanged
I00955,Real_Estate,2023,BBB,BBB,0,0,0,0,4,4,0,unchanged
I00956,Consumer,2023,BB,BB,0,0,0,0,3,3,0,unchanged
I00957,Healthcare,2023,A,A,0,0,0,0,5,5,0,unchanged
I00958,Healthcare,2023,BBB,A,1,0,0,-1,4,5,1,upgrade
I00959,Utilities,2023,AA,AA,0,0,0,0,6,6,0,unchanged
I00960,Industrials,2023,B,B,0,0,0,0,2,2,0,unchanged
I00961,Telecom,2023,BBB,BBB,0,0,0,0,4,4,0,unchanged
I00962,Healthcare,2023,AA,AA,0,0,0,0,6,6,0,unchanged
I00963,Utilities,2023,BBB,BBB,0,0,0,0,4,4,0,unchanged
I00964,Financials,2023,BBB,BBB,0,0,0,0,4,4,0,unchanged
I00965,Consumer,2023,BBB,BBB,0,0,0,0,4,4,0,unchanged
I00966,Healthcare,2023,CCC,CCC,0,0,0,0,1,1,0,unchanged
I00967,Retail,2023,CCC,CCC,0,0,0,0,1,1,0,unchanged
I00968,Healthcare,2023,BBB,BBB,0,0,0,0,4,4,0,unchanged
I00970,Real_Estate,2023,A,A,0,0,0,0,5,5,0,unchanged
I00972,Utilities,2023,B,B,0,0,0,0,2,2,0,unchanged
I00973,Energy,2023,AA,AA,0,0,0,0,6,6,0,unchanged
I00974,Healthcare,2023,BBB,BBB,0,0,0,0,4,4,0,unchanged
I00975,Real_Estate,2023,BBB,BBB,0,0,0,0,4,4,0,unchanged
I00976,Consumer,2023,CCC,CCC,0,0,0,0,1,1,0,unchanged
I00977,Industrials,2023,AA,AA,0,0,0,0,6,6,0,unchanged
I00978,Utilities,2023,A,A,0,0,0,0,5,5,0,unchanged
I00979,Retail,2023,CCC,CCC,0,0,0,0,1,1,0,unchanged
I00980,Financials,2023,AA,AA,0,0,0,0,6,6,0,unchanged
I00981,Financials,2023,CCC,CCC,0,0,0,0,1,1,0,unchanged
I00982,Telecom,2023,BBB,BBB,0,0,0,0,4,4,0,unchanged
I00983,Industrials,2023,A,A,0,0,0,0,5,5,0,unchanged
I00984,Consumer,2023,AA,AA,0,0,0,0,6,6,0,unchanged
I00985,Energy,2023,BBB,A,1,0,0,-1,4,5,1,upgrade
I00986,Industrials,2023,BBB,BBB,0,0,0,0,4,4,0,unchanged
I00987,Healthcare,2023,BB,BB,0,0,0,0,3,3,0,unchanged
I00988,Real_Estate,2023,BB,BB,0,0,0,0,3,3,0,unchanged
I00990,Energy,2023,AA,AA,0,0,0,0,6,6,0,unchanged
I00993,Retail,2023,BBB,BBB,0,0,0,0,4,4,0,unchanged
I00996,Real_Estate,2023,B,B,0,0,0,0,2,2,0,unchanged
I00997,Energy,2023,AAA,AAA,0,0,0,0,7,7,0,unchanged
I00998,Healthcare,2023,A,A,0,0,0,0,5,5,0,unchanged
I01000,Retail,2023,B,B,0,0,0,0,2,2,0,unchanged
I01001,Telecom,2023,BB,BB,0,0,0,0,3,3,0,unchanged
I01004,Financials,2023,A,A,0,0,0,0,5,5,0,unchanged
I01007,Technology,2023,B,D,0,0,1,2,2,0,-2,default
I01008,Retail,2023,B,B,0,0,0,0,2,2,0,unchanged
I01009,Consumer,2023,A,A,0,0,0,0,5,5,0,unchanged
I01010,Energy,2023,A,A,0,0,0,0,5,5,0,unchanged
I01011,Energy,2023,A,A,0,0,0,0,5,5,0,unchanged
I01013,Technology,2023,A,A,0,0,0,0,5,5,0,unchanged
I01014,Healthcare,2023,A,A,0,0,0,0,5,5,0,unchanged
I01015,Energy,2023,A,BB,0,1,0,2,5,3,-2,downgrade
I01016,Consumer,2023,AA,AA,0,0,0,0,6,6,0,unchanged
I01017,Retail,2023,BBB,BBB,0,0,0,0,4,4,0,unchanged
I01018,Healthcare,2023,AA,AA,0,0,0,0,6,6,0,unchanged
I01020,Financials,2023,A,A,0,0,0,0,5,5,0,unchanged
I01021,Utilities,2023,AA,AA,0,0,0,0,6,6,0,unchanged
I01023,Healthcare,2023,BB,B,0,1,0,1,3,2,-1,downgrade
I01024,Technology,2023,A,A,0,0,0,0,5,5,0,unchanged
I01025,Utilities,2023,B,B,0,0,0,0,2,2,0,unchanged
I01027,Real_Estate,2023,AA,AA,0,0,0,0,6,6,0,unchanged
I01029,Utilities,2023,A,A,0,0,0,0,5,5,0,unchanged
I01030,Technology,2023,BB,B,0,1,0,1,3,2,-1,downgrade
I01032,Financials,2023,BBB,BBB,0,0,0,0,4,4,0,unchanged
I01034,Energy,2023,BB,BB,0,0,0,0,3,3,0,unchanged
I01035,Technology,2023,B,B,0,0,0,0,2,2,0,unchanged
I01036,Telecom,2023,BB,BB,0,0,0,0,3,3,0,unchanged
I01038,Real_Estate,2023,A,BBB,0,1,0,1,5,4,-1,downgrade
I01039,Energy,2023,BBB,BBB,0,0,0,0,4,4,0,unchanged
I01040,Telecom,2023,AAA,AAA,0,0,0,0,7,7,0,unchanged
I01041,Telecom,2023,A,A,0,0,0,0,5,5,0,unchanged
I01042,Utilities,2023,A,A,0,0,0,0,5,5,0,unchanged
I01043,Retail,2023,BBB,BBB,0,0,0,0,4,4,0,unchanged
I01044,Telecom,2023,A,A,0,0,0,0,5,5,0,unchanged
I01046,Financials,2023,CCC,D,0,0,1,1,1,0,-1,default
I01047,Consumer,2023,A,A,0,0,0,0,5,5,0,unchanged
I01048,Retail,2023,B,B,0,0,0,0,2,2,0,unchanged
I01049,Retail,2023,A,A,0,0,0,0,5,5,0,unchanged
I01050,Utilities,2023,A,A,0,0,0,0,5,5,0,unchanged
I01051,Retail,2023,BB,BB,0,0,0,0,3,3,0,unchanged
I01053,Retail,2023,BBB,BBB,0,0,0,0,4,4,0,unchanged
I01054,Energy,2023,AA,AA,0,0,0,0,6,6,0,unchanged
I01055,Energy,2023,AA,AA,0,0,0,0,6,6,0,unchanged
I01056,Telecom,2023,BB,BB,0,0,0,0,3,3,0,unchanged
I01057,Energy,2023,B,B,0,0,0,0,2,2,0,unchanged
I01058,Retail,2023,B,B,0,0,0,0,2,2,0,unchanged
I01059,Retail,2023,BBB,BBB,0,0,0,0,4,4,0,unchanged
I01060,Financials,2023,B,B,0,0,0,0,2,2,0,unchanged
I01061,Industrials,2023,BB,BBB,1,0,0,-1,3,4,1,upgrade
I01062,Energy,2023,BBB,BBB,0,0,0,0,4,4,0,unchanged
I01063,Consumer,2023,BB,B,0,1,0,1,3,2,-1,downgrade
I01066,Consumer,2023,A,A,0,0,0,0,5,5,0,unchanged
I01067,Healthcare,2023,BBB,BBB,0,0,0,0,4,4,0,unchanged
I01069,Telecom,2023,A,A,0,0,0,0,5,5,0,unchanged
I01070,Telecom,2023,A,A,0,0,0,0,5,5,0,unchanged
I01071,Retail,2023,BBB,A,1,0,0,-1,4,5,1,upgrade
I01072,Technology,2023,BBB,BBB,0,0,0,0,4,4,0,unchanged
I01073,Real_Estate,2023,BBB,BBB,0,0,0,0,4,4,0,unchanged
I01074,Industrials,2023,AA,AA,0,0,0,0,6,6,0,unchanged
I01075,Energy,2023,B,B,0,0,0,0,2,2,0,unchanged
I01076,Industrials,2023,B,BB,1,0,0,-1,2,3,1,upgrade
I01077,Technology,2023,BBB,BBB,0,0,0,0,4,4,0,unchanged
I01079,Healthcare,2023,BBB,BBB,0,0,0,0,4,4,0,unchanged
I01080,Technology,2023,BB,BB,0,0,0,0,3,3,0,unchanged
I01081,Healthcare,2023,BBB,BBB,0,0,0,0,4,4,0,unchanged
I01082,Technology,2023,A,A,0,0,0,0,5,5,0,unchanged
I01083,Healthcare,2023,A,A,0,0,0,0,5,5,0,unchanged
I01084,Retail,2023,BBB,BBB,0,0,0,0,4,4,0,unchanged
I01085,Consumer,2023,BBB,BBB,0,0,0,0,4,4,0,unchanged
I01086,Industrials,2023,BB,BB,0,0,0,0,3,3,0,unchanged
I01087,Utilities,2023,B,B,0,0,0,0,2,2,0,unchanged
I01088,Real_Estate,2023,B,B,0,0,0,0,2,2,0,unchanged
I01089,Real_Estate,2023,B,B,0,0,0,0,2,2,0,unchanged
I01090,Financials,2023,B,B,0,0,0,0,2,2,0,unchanged
I01091,Consumer,2023,A,A,0,0,0,0,5,5,0,unchanged
I01092,Consumer,2023,BBB,BBB,0,0,0,0,4,4,0,unchanged
I01093,Real_Estate,2023,BBB,BBB,0,0,0,0,4,4,0,unchanged
I01094,Technology,2023,A,A,0,0,0,0,5,5,0,unchanged
I01095,Industrials,2023,A,A,0,0,0,0,5,5,0,unchanged
I01096,Real_Estate,2023,BBB,BBB,0,0,0,0,4,4,0,unchanged
I01097,Healthcare,2023,BB,BB,0,0,0,0,3,3,0,unchanged
I01098,Telecom,2023,BBB,BBB,0,0,0,0,4,4,0,unchanged
I01099,Telecom,2023,BBB,A,1,0,0,-1,4,5,1,upgrade
I01100,Retail,2023,A,A,0,0,0,0,5,5,0,unchanged
I01101,Industrials,2023,B,B,0,0,0,0,2,2,0,unchanged
I01102,Retail,2023,A,AA,1,0,0,-1,5,6,1,upgrade
I01103,Healthcare,2023,AA,A,0,1,0,1,6,5,-1,downgrade
I01105,Technology,2023,BBB,A,1,0,0,-1,4,5,1,upgrade
I01106,Industrials,2023,BB,BB,0,0,0,0,3,3,0,unchanged
I01108,Real_Estate,2023,B,B,0,0,0,0,2,2,0,unchanged
I01109,Industrials,2023,BBB,BBB,0,0,0,0,4,4,0,unchanged
I01110,Energy,2023,A,A,0,0,0,0,5,5,0,unchanged
I01111,Financials,2023,B,BB,1,0,0,-1,2,3,1,upgrade
I01112,Technology,2023,A,AA,1,0,0,-1,5,6,1,upgrade
I01113,Healthcare,2023,CCC,B,1,0,0,-1,1,2,1,upgrade
I01114,Industrials,2023,B,B,0,0,0,0,2,2,0,unchanged
I01115,Telecom,2023,BBB,BBB,0,0,0,0,4,4,0,unchanged
I01116,Real_Estate,2023,CCC,CCC,0,0,0,0,1,1,0,unchanged
I01117,Energy,2023,A,A,0,0,0,0,5,5,0,unchanged
I01118,Consumer,2023,BBB,BBB,0,0,0,0,4,4,0,unchanged
I01119,Retail,2023,B,B,0,0,0,0,2,2,0,unchanged
I01120,Real_Estate,2023,A,A,0,0,0,0,5,5,0,unchanged
I01121,Energy,2023,A,A,0,0,0,0,5,5,0,unchanged
I01124,Energy,2023,BBB,BBB,0,0,0,0,4,4,0,unchanged
I01125,Financials,2023,BBB,BBB,0,0,0,0,4,4,0,unchanged
I01126,Financials,2023,BBB,BBB,0,0,0,0,4,4,0,unchanged
I01127,Industrials,2023,BB,BB,0,0,0,0,3,3,0,unchanged
I01128,Technology,2023,BBB,BBB,0,0,0,0,4,4,0,unchanged
I01129,Retail,2023,BBB,A,1,0,0,-1,4,5,1,upgrade
I01130,Healthcare,2023,BBB,BB,0,1,0,1,4,3,-1,downgrade
I01133,Industrials,2023,BBB,BBB,0,0,0,0,4,4,0,unchanged
I01134,Energy,2023,A,A,0,0,0,0,5,5,0,unchanged
I01135,Energy,2023,BBB,BBB,0,0,0,0,4,4,0,unchanged
I01136,Energy,2023,B,B,0,0,0,0,2,2,0,unchanged
I01137,Telecom,2023,AA,AA,0,0,0,0,6,6,0,unchanged
I01138,Technology,2023,BB,BB,0,0,0,0,3,3,0,unchanged
I01140,Technology,2023,B,B,0,0,0,0,2,2,0,unchanged
I01141,Financials,2023,BBB,A,1,0,0,-1,4,5,1,upgrade
I01142,Financials,2023,BBB,BBB,0,0,0,0,4,4,0,unchanged
I01145,Retail,2023,B,BB,1,0,0,-1,2,3,1,upgrade
I01146,Utilities,2023,BBB,BBB,0,0,0,0,4,4,0,unchanged
I01147,Energy,2023,B,B,0,0,0,0,2,2,0,unchanged
I01149,Utilities,2023,B,B,0,0,0,0,2,2,0,unchanged
I01151,Energy,2023,BBB,BBB,0,0,0,0,4,4,0,unchanged
I01152,Consumer,2023,BBB,BB,0,1,0,1,4,3,-1,downgrade
I01153,Technology,2023,A,A,0,0,0,0,5,5,0,unchanged
I01154,Financials,2023,A,A,0,0,0,0,5,5,0,unchanged
I01155,Financials,2023,AA,AA,0,0,0,0,6,6,0,unchanged
I01156,Energy,2023,A,A,0,0,0,0,5,5,0,unchanged
I01158,Energy,2023,B,B,0,0,0,0,2,2,0,unchanged
I01159,Energy,2023,A,A,0,0,0,0,5,5,0,unchanged
I01162,Industrials,2023,BBB,BBB,0,0,0,0,4,4,0,unchanged
I01163,Utilities,2023,B,D,0,0,1,2,2,0,-2,default
I01164,Retail,2023,AA,AA,0,0,0,0,6,6,0,unchanged
I01165,Real_Estate,2023,BBB,BBB,0,0,0,0,4,4,0,unchanged
I01166,Telecom,2023,B,B,0,0,0,0,2,2,0,unchanged
I01167,Retail,2023,A,A,0,0,0,0,5,5,0,unchanged
I01168,Energy,2023,AA,AA,0,0,0,0,6,6,0,unchanged
I01169,Energy,2023,B,CCC,0,1,0,1,2,1,-1,downgrade
I01170,Utilities,2023,BB,BB,0,0,0,0,3,3,0,unchanged
I01171,Industrials,2023,A,A,0,0,0,0,5,5,0,unchanged
I01172,Industrials,2023,BBB,BBB,0,0,0,0,4,4,0,unchanged
I01174,Utilities,2023,AA,AA,0,0,0,0,6,6,0,unchanged
I01175,Consumer,2023,BBB,BBB,0,0,0,0,4,4,0,unchanged
I01176,Technology,2023,A,A,0,0,0,0,5,5,0,unchanged
I01177,Consumer,2023,BB,BB,0,0,0,0,3,3,0,unchanged
I01178,Financials,2023,A,A,0,0,0,0,5,5,0,unchanged
I01179,Financials,2023,AA,AA,0,0,0,0,6,6,0,unchanged
I01180,Financials,2023,BB,BB,0,0,0,0,3,3,0,unchanged
I01181,Real_Estate,2023,BB,BB,0,0,0,0,3,3,0,unchanged
I01182,Technology,2023,A,A,0,0,0,0,5,5,0,unchanged
I01183,Financials,2023,BB,D,0,0,1,3,3,0,-3,default
I01184,Financials,2023,BBB,BBB,0,0,0,0,4,4,0,unchanged
I01185,Healthcare,2023,A,BBB,0,1,0,1,5,4,-1,downgrade
I01186,Financials,2023,AA,AA,0,0,0,0,6,6,0,unchanged
I01188,Retail,2023,BB,BB,0,0,0,0,3,3,0,unchanged
I01189,Energy,2023,B,B,0,0,0,0,2,2,0,unchanged
I01190,Energy,2023,BB,BB,0,0,0,0,3,3,0,unchanged
I01191,Financials,2023,B,B,0,0,0,0,2,2,0,unchanged
I01193,Healthcare,2023,BB,BBB,1,0,0,-1,3,4,1,upgrade
I01194,Financials,2023,BB,BB,0,0,0,0,3,3,0,unchanged
I01196,Healthcare,2023,B,B,0,0,0,0,2,2,0,unchanged
I01197,Healthcare,2023,AAA,AAA,0,0,0,0,7,7,0,unchanged
I01198,Telecom,2023,B,CCC,0,1,0,1,2,1,-1,downgrade
I01199,Healthcare,2023,A,A,0,0,0,0,5,5,0,unchanged
I01201,Real_Estate,2023,A,A,0,0,0,0,5,5,0,unchanged
I01202,Utilities,2023,B,B,0,0,0,0,2,2,0,unchanged
I01204,Utilities,2023,A,B,0,1,0,3,5,2,-3,downgrade
I01206,Retail,2023,AA,AA,0,0,0,0,6,6,0,unchanged
I01207,Healthcare,2023,BBB,BBB,0,0,0,0,4,4,0,unchanged
I01208,Real_Estate,2023,BBB,BBB,0,0,0,0,4,4,0,unchanged
I01209,Industrials,2023,A,A,0,0,0,0,5,5,0,unchanged
I01210,Energy,2023,BBB,BBB,0,0,0,0,4,4,0,unchanged
I01211,Financials,2023,A,A,0,0,0,0,5,5,0,unchanged
I01212,Technology,2023,BB,BB,0,0,0,0,3,3,0,unchanged
I01213,Healthcare,2023,BB,BB,0,0,0,0,3,3,0,unchanged
I01214,Consumer,2023,BBB,BBB,0,0,0,0,4,4,0,unchanged
I01217,Healthcare,2023,B,B,0,0,0,0,2,2,0,unchanged
I01218,Energy,2023,A,AA,1,0,0,-1,5,6,1,upgrade
I01219,Energy,2023,BB,B,0,1,0,1,3,2,-1,downgrade
I01220,Healthcare,2023,BBB,BBB,0,0,0,0,4,4,0,unchanged
I01222,Technology,2023,A,A,0,0,0,0,5,5,0,unchanged
I01224,Industrials,2023,AAA,AAA,0,0,0,0,7,7,0,unchanged
I01225,Healthcare,2023,AA,AA,0,0,0,0,6,6,0,unchanged
I01227,Financials,2023,A,BBB,0,1,0,1,5,4,-1,downgrade
I01228,Financials,2023,AAA,AAA,0,0,0,0,7,7,0,unchanged
I01229,Technology,2023,BBB,BBB,0,0,0,0,4,4,0,unchanged
I01230,Healthcare,2023,A,A,0,0,0,0,5,5,0,unchanged
I01231,Energy,2023,BB,BB,0,0,0,0,3,3,0,unchanged
I01233,Utilities,2023,BBB,BBB,0,0,0,0,4,4,0,unchanged
I01235,Real_Estate,2023,B,B,0,0,0,0,2,2,0,unchanged
I01236,Telecom,2023,BBB,A,1,0,0,-1,4,5,1,upgrade
I01238,Retail,2023,A,A,0,0,0,0,5,5,0,unchanged
I01239,Energy,2023,B,B,0,0,0,0,2,2,0,unchanged
I01240,Energy,2023,B,CCC,0,1,0,1,2,1,-1,downgrade
I01241,Healthcare,2023,BBB,BBB,0,0,0,0,4,4,0,unchanged
I01243,Consumer,2023,A,A,0,0,0,0,5,5,0,unchanged
I01244,Telecom,2023,B,B,0,0,0,0,2,2,0,unchanged
I01245,Retail,2023,BBB,BBB,0,0,0,0,4,4,0,unchanged
I01247,Retail,2023,AA,AA,0,0,0,0,6,6,0,unchanged
I01248,Healthcare,2023,A,A,0,0,0,0,5,5,0,unchanged
I01249,Energy,2023,CCC,CCC,0,0,0,0,1,1,0,unchanged
I01251,Utilities,2023,BBB,BBB,0,0,0,0,4,4,0,unchanged
I01252,Retail,2023,BBB,BBB,0,0,0,0,4,4,0,unchanged
I01254,Telecom,2023,BBB,BBB,0,0,0,0,4,4,0,unchanged
I01255,Real_Estate,2023,B,B,0,0,0,0,2,2,0,unchanged
I01256,Retail,2023,BB,BB,0,0,0,0,3,3,0,unchanged
I01257,Energy,2023,A,A,0,0,0,0,5,5,0,unchanged
I01258,Industrials,2023,BBB,BB,0,1,0,1,4,3,-1,downgrade
I01259,Energy,2023,BB,BB,0,0,0,0,3,3,0,unchanged
I01260,Industrials,2023,AAA,AAA,0,0,0,0,7,7,0,unchanged
I01261,Telecom,2023,BB,BBB,1,0,0,-1,3,4,1,upgrade
I01262,Industrials,2023,AA,AA,0,0,0,0,6,6,0,unchanged
I01263,Consumer,2023,BB,AA,1,0,0,-3,3,6,3,upgrade
I01264,Energy,2023,B,B,0,0,0,0,2,2,0,unchanged
I01265,Telecom,2023,AA,A,0,1,0,1,6,5,-1,downgrade
I01266,Utilities,2023,AA,AA,0,0,0,0,6,6,0,unchanged
I01268,Energy,2023,BB,BB,0,0,0,0,3,3,0,unchanged
I01269,Consumer,2023,B,BB,1,0,0,-1,2,3,1,upgrade
I01270,Energy,2023,A,A,0,0,0,0,5,5,0,unchanged
I01272,Telecom,2023,BBB,A,1,0,0,-1,4,5,1,upgrade
I01273,Healthcare,2023,B,B,0,0,0,0,2,2,0,unchanged
I01274,Healthcare,2023,AA,AA,0,0,0,0,6,6,0,unchanged
I01275,Utilities,2023,AA,AA,0,0,0,0,6,6,0,unchanged
I01276,Utilities,2023,BB,BB,0,0,0,0,3,3,0,unchanged
I01277,Retail,2023,B,B,0,0,0,0,2,2,0,unchanged
I01278,Healthcare,2023,BBB,BBB,0,0,0,0,4,4,0,unchanged
I01279,Financials,2023,BBB,BBB,0,0,0,0,4,4,0,unchanged
I01281,Healthcare,2023,A,A,0,0,0,0,5,5,0,unchanged
I01282,Retail,2023,BB,BB,0,0,0,0,3,3,0,unchanged
I01283,Telecom,2023,BB,BB,0,0,0,0,3,3,0,unchanged
I01285,Retail,2023,B,B,0,0,0,0,2,2,0,unchanged
I01286,Telecom,2023,A,A,0,0,0,0,5,5,0,unchanged
I01287,Financials,2023,A,A,0,0,0,0,5,5,0,unchanged
I01288,Financials,2023,A,A,0,0,0,0,5,5,0,unchanged
I01289,Industrials,2023,A,A,0,0,0,0,5,5,0,unchanged
I01291,Financials,2023,A,AA,1,0,0,-1,5,6,1,upgrade
I01294,Telecom,2023,B,CCC,0,1,0,1,2,1,-1,downgrade
I01295,Healthcare,2023,A,A,0,0,0,0,5,5,0,unchanged
I01296,Telecom,2023,BBB,BBB,0,0,0,0,4,4,0,unchanged
I01297,Retail,2023,A,A,0,0,0,0,5,5,0,unchanged
I01298,Telecom,2023,A,A,0,0,0,0,5,5,0,unchanged
I01299,Healthcare,2023,AA,AA,0,0,0,0,6,6,0,unchanged
I01301,Telecom,2023,BB,B,0,1,0,1,3,2,-1,downgrade
I01303,Technology,2023,B,BB,1,0,0,-1,2,3,1,upgrade
I01304,Telecom,2023,BBB,BBB,0,0,0,0,4,4,0,unchanged
I01305,Retail,2023,CCC,CCC,0,0,0,0,1,1,0,unchanged
I01306,Industrials,2023,BB,BB,0,0,0,0,3,3,0,unchanged
I01307,Real_Estate,2023,AA,A,0,1,0,1,6,5,-1,downgrade
I01308,Financials,2023,BBB,BBB,0,0,0,0,4,4,0,unchanged
I01310,Industrials,2023,BBB,BBB,0,0,0,0,4,4,0,unchanged
I01311,Telecom,2023,BBB,BBB,0,0,0,0,4,4,0,unchanged
I01312,Consumer,2023,BBB,BBB,0,0,0,0,4,4,0,unchanged
I01313,Consumer,2023,A,A,0,0,0,0,5,5,0,unchanged
I01314,Industrials,2023,A,A,0,0,0,0,5,5,0,unchanged
I01315,Energy,2023,BBB,A,1,0,0,-1,4,5,1,upgrade
I01316,Financials,2023,B,D,0,0,1,2,2,0,-2,default
I01317,Consumer,2023,B,B,0,0,0,0,2,2,0,unchanged
I01319,Retail,2023,B,B,0,0,0,0,2,2,0,unchanged
I01320,Healthcare,2023,BB,BB,0,0,0,0,3,3,0,unchanged
I01321,Healthcare,2023,A,A,0,0,0,0,5,5,0,unchanged
I01323,Consumer,2023,AA,AA,0,0,0,0,6,6,0,unchanged
I01324,Real_Estate,2023,BBB,BBB,0,0,0,0,4,4,0,unchanged
I01326,Retail,2023,A,A,0,0,0,0,5,5,0,unchanged
I01327,Utilities,2023,BBB,BBB,0,0,0,0,4,4,0,unchanged
I01328,Technology,2023,A,A,0,0,0,0,5,5,0,unchanged
I01329,Industrials,2023,BBB,BBB,0,0,0,0,4,4,0,unchanged
I01330,Telecom,2023,A,A,0,0,0,0,5,5,0,unchanged
I01331,Healthcare,2023,BBB,BBB,0,0,0,0,4,4,0,unchanged
I01333,Healthcare,2023,B,B,0,0,0,0,2,2,0,unchanged
I01335,Telecom,2023,A,A,0,0,0,0,5,5,0,unchanged
I01336,Real_Estate,2023,B,B,0,0,0,0,2,2,0,unchanged
I01337,Telecom,2023,AAA,AAA,0,0,0,0,7,7,0,unchanged
I01339,Industrials,2023,A,A,0,0,0,0,5,5,0,unchanged
I01340,Energy,2023,CCC,CCC,0,0,0,0,1,1,0,unchanged
I01342,Energy,2023,A,A,0,0,0,0,5,5,0,unchanged
I01344,Telecom,2023,AAA,AAA,0,0,0,0,7,7,0,unchanged
I01345,Telecom,2023,B,B,0,0,0,0,2,2,0,unchanged
I01346,Consumer,2023,B,B,0,0,0,0,2,2,0,unchanged
I01347,Technology,2023,CCC,CCC,0,0,0,0,1,1,0,unchanged
I01348,Energy,2023,AA,AA,0,0,0,0,6,6,0,unchanged
I01349,Technology,2023,BBB,BBB,0,0,0,0,4,4,0,unchanged
I01350,Industrials,2023,B,B,0,0,0,0,2,2,0,unchanged
I01351,Financials,2023,BBB,BBB,0,0,0,0,4,4,0,unchanged
I01352,Real_Estate,2023,BBB,BBB,0,0,0,0,4,4,0,unchanged
I01353,Healthcare,2023,A,A,0,0,0,0,5,5,0,unchanged
I01354,Telecom,2023,A,A,0,0,0,0,5,5,0,unchanged
I01356,Utilities,2023,BB,BB,0,0,0,0,3,3,0,unchanged
I01357,Financials,2023,B,D,0,0,1,2,2,0,-2,default
I01358,Technology,2023,BBB,BBB,0,0,0,0,4,4,0,unchanged
I01362,Energy,2023,A,A,0,0,0,0,5,5,0,unchanged
I01363,Financials,2023,A,A,0,0,0,0,5,5,0,unchanged
I01364,Real_Estate,2023,A,A,0,0,0,0,5,5,0,unchanged
I01365,Financials,2023,BB,B,0,1,0,1,3,2,-1,downgrade
I01368,Retail,2023,BB,BB,0,0,0,0,3,3,0,unchanged
I01370,Energy,2023,BB,BBB,1,0,0,-1,3,4,1,upgrade
I01372,Utilities,2023,BBB,BBB,0,0,0,0,4,4,0,unchanged
I01374,Technology,2023,A,BB,0,1,0,2,5,3,-2,downgrade
I01375,Utilities,2023,BBB,BBB,0,0,0,0,4,4,0,unchanged
I01376,Real_Estate,2023,BB,BB,0,0,0,0,3,3,0,unchanged
I01377,Industrials,2023,AA,AA,0,0,0,0,6,6,0,unchanged
I01379,Retail,2023,BB,BB,0,0,0,0,3,3,0,unchanged
I01380,Energy,2023,CCC,CCC,0,0,0,0,1,1,0,unchanged
I01382,Industrials,2023,BBB,BBB,0,0,0,0,4,4,0,unchanged
I01383,Consumer,2023,BBB,BBB,0,0,0,0,4,4,0,unchanged
I01384,Energy,2023,A,A,0,0,0,0,5,5,0,unchanged
I01385,Technology,2023,B,B,0,0,0,0,2,2,0,unchanged
I01386,Healthcare,2023,BBB,BBB,0,0,0,0,4,4,0,unchanged
I01387,Retail,2023,BBB,BBB,0,0,0,0,4,4,0,unchanged
I01388,Telecom,2023,A,AA,1,0,0,-1,5,6,1,upgrade
I01390,Real_Estate,2023,BBB,BBB,0,0,0,0,4,4,0,unchanged
I01391,Technology,2023,BB,B,0,1,0,1,3,2,-1,downgrade
I01392,Real_Estate,2023,AAA,AAA,0,0,0,0,7,7,0,unchanged
I01394,Industrials,2023,BBB,BBB,0,0,0,0,4,4,0,unchanged
I01395,Telecom,2023,A,A,0,0,0,0,5,5,0,unchanged
I01396,Financials,2023,A,A,0,0,0,0,5,5,0,unchanged
I01397,Healthcare,2023,BB,BBB,1,0,0,-1,3,4,1,upgrade
I01398,Telecom,2023,B,BB,1,0,0,-1,2,3,1,upgrade
I01399,Real_Estate,2023,AA,AA,0,0,0,0,6,6,0,unchanged
I01400,Retail,2023,AAA,AAA,0,0,0,0,7,7,0,unchanged
I01401,Technology,2023,BB,BBB,1,0,0,-1,3,4,1,upgrade
I01402,Industrials,2023,AA,AA,0,0,0,0,6,6,0,unchanged
I01403,Telecom,2023,AA,AA,0,0,0,0,6,6,0,unchanged
I01404,Industrials,2023,A,A,0,0,0,0,5,5,0,unchanged
I01405,Utilities,2023,B,B,0,0,0,0,2,2,0,unchanged
I01406,Real_Estate,2023,CCC,D,0,0,1,1,1,0,-1,default
I01407,Financials,2023,B,B,0,0,0,0,2,2,0,unchanged
I01409,Industrials,2023,BBB,BBB,0,0,0,0,4,4,0,unchanged
I01410,Technology,2023,BBB,BBB,0,0,0,0,4,4,0,unchanged
I01411,Energy,2023,BBB,BBB,0,0,0,0,4,4,0,unchanged
I01412,Industrials,2023,BB,BB,0,0,0,0,3,3,0,unchanged
I01413,Real_Estate,2023,A,A,0,0,0,0,5,5,0,unchanged
I01414,Consumer,2023,BB,B,0,1,0,1,3,2,-1,downgrade
I01415,Technology,2023,BBB,BBB,0,0,0,0,4,4,0,unchanged
I01416,Healthcare,2023,BBB,BBB,0,0,0,0,4,4,0,unchanged
I01417,Healthcare,2023,A,A,0,0,0,0,5,5,0,unchanged
I01418,Technology,2023,BB,BB,0,0,0,0,3,3,0,unchanged
I01419,Financials,2023,A,A,0,0,0,0,5,5,0,unchanged
I01420,Real_Estate,2023,B,CCC,0,1,0,1,2,1,-1,downgrade
I01421,Utilities,2023,BBB,BB,0,1,0,1,4,3,-1,downgrade
I01423,Technology,2023,BB,BB,0,0,0,0,3,3,0,unchanged
I01424,Utilities,2023,AA,AAA,1,0,0,-1,6,7,1,upgrade
I01425,Telecom,2023,B,B,0,0,0,0,2,2,0,unchanged
I01426,Real_Estate,2023,A,AA,1,0,0,-1,5,6,1,upgrade
I01427,Utilities,2023,AA,AA,0,0,0,0,6,6,0,unchanged
I01428,Financials,2023,AA,AA,0,0,0,0,6,6,0,unchanged
I01431,Energy,2023,BBB,BBB,0,0,0,0,4,4,0,unchanged
I01432,Consumer,2023,AA,AA,0,0,0,0,6,6,0,unchanged
I01434,Healthcare,2023,A,A,0,0,0,0,5,5,0,unchanged
I01435,Industrials,2023,B,B,0,0,0,0,2,2,0,unchanged
I01436,Industrials,2023,BBB,BBB,0,0,0,0,4,4,0,unchanged
I01437,Healthcare,2023,B,B,0,0,0,0,2,2,0,unchanged
I01438,Technology,2023,A,A,0,0,0,0,5,5,0,unchanged
I01439,Energy,2023,BBB,BBB,0,0,0,0,4,4,0,unchanged
I01440,Telecom,2023,BBB,A,1,0,0,-1,4,5,1,upgrade
I01441,Energy,2023,A,A,0,0,0,0,5,5,0,unchanged
I01442,Energy,2023,BBB,BBB,0,0,0,0,4,4,0,unchanged
I01443,Utilities,2023,A,A,0,0,0,0,5,5,0,unchanged
I01444,Real_Estate,2023,BBB,BBB,0,0,0,0,4,4,0,unchanged
I01446,Healthcare,2023,BB,BB,0,0,0,0,3,3,0,unchanged
I01447,Technology,2023,AA,AA,0,0,0,0,6,6,0,unchanged
I01448,Retail,2023,BB,BB,0,0,0,0,3,3,0,unchanged
I01450,Real_Estate,2023,B,B,0,0,0,0,2,2,0,unchanged
I01451,Telecom,2023,B,B,0,0,0,0,2,2,0,unchanged
I01452,Energy,2023,BB,BB,0,0,0,0,3,3,0,unchanged
I01453,Consumer,2023,A,A,0,0,0,0,5,5,0,unchanged
I01454,Real_Estate,2023,B,B,0,0,0,0,2,2,0,unchanged
I01455,Technology,2023,BBB,BBB,0,0,0,0,4,4,0,unchanged
I01456,Telecom,2023,BBB,BBB,0,0,0,0,4,4,0,unchanged
I01457,Industrials,2023,B,B,0,0,0,0,2,2,0,unchanged
I01458,Healthcare,2023,BBB,BBB,0,0,0,0,4,4,0,unchanged
I01459,Industrials,2023,A,A,0,0,0,0,5,5,0,unchanged
I01461,Retail,2023,A,A,0,0,0,0,5,5,0,unchanged
I01462,Consumer,2023,A,A,0,0,0,0,5,5,0,unchanged
I01463,Real_Estate,2023,BB,BB,0,0,0,0,3,3,0,unchanged
I01464,Consumer,2023,BB,B,0,1,0,1,3,2,-1,downgrade
I01465,Consumer,2023,AA,AA,0,0,0,0,6,6,0,unchanged
I01466,Real_Estate,2023,BB,B,0,1,0,1,3,2,-1,downgrade
I01467,Retail,2023,BB,BB,0,0,0,0,3,3,0,unchanged
I01468,Retail,2023,B,B,0,0,0,0,2,2,0,unchanged
I01469,Utilities,2023,B,D,0,0,1,2,2,0,-2,default
I01470,Real_Estate,2023,A,A,0,0,0,0,5,5,0,unchanged
I01471,Energy,2023,B,B,0,0,0,0,2,2,0,unchanged
I01472,Telecom,2023,A,A,0,0,0,0,5,5,0,unchanged
I01473,Financials,2023,A,A,0,0,0,0,5,5,0,unchanged
I01474,Healthcare,2023,BB,BB,0,0,0,0,3,3,0,unchanged
I01475,Retail,2023,A,A,0,0,0,0,5,5,0,unchanged
I01476,Retail,2023,A,A,0,0,0,0,5,5,0,unchanged
I01479,Energy,2023,B,B,0,0,0,0,2,2,0,unchanged
I01480,Telecom,2023,BBB,BBB,0,0,0,0,4,4,0,unchanged
I01482,Industrials,2023,BBB,CCC,0,1,0,3,4,1,-3,downgrade
I01483,Technology,2023,BB,BB,0,0,0,0,3,3,0,unchanged
I01484,Telecom,2023,BBB,A,1,0,0,-1,4,5,1,upgrade
I01485,Utilities,2023,B,BB,1,0,0,-1,2,3,1,upgrade
I01486,Industrials,2023,BB,BB,0,0,0,0,3,3,0,unchanged
I01487,Energy,2023,BB,BB,0,0,0,0,3,3,0,unchanged
I01488,Industrials,2023,B,B,0,0,0,0,2,2,0,unchanged
I01490,Energy,2023,BBB,BBB,0,0,0,0,4,4,0,unchanged
I01491,Real_Estate,2023,BBB,BBB,0,0,0,0,4,4,0,unchanged
I01492,Real_Estate,2023,CCC,CCC,0,0,0,0,1,1,0,unchanged
I01494,Financials,2023,BBB,BBB,0,0,0,0,4,4,0,unchanged
I01495,Financials,2023,AA,AA,0,0,0,0,6,6,0,unchanged
I01496,Healthcare,2023,BBB,BB,0,1,0,1,4,3,-1,downgrade
I01497,Healthcare,2023,A,A,0,0,0,0,5,5,0,unchanged
I01498,Real_Estate,2023,BBB,BBB,0,0,0,0,4,4,0,unchanged
I01499,Healthcare,2023,A,A,0,0,0,0,5,5,0,unchanged
I01500,Financials,2023,BBB,BBB,0,0,0,0,4,4,0,unchanged
I01501,Telecom,2023,A,BBB,0,1,0,1,5,4,-1,downgrade
I01502,Retail,2023,BBB,BBB,0,0,0,0,4,4,0,unchanged
I01503,Healthcare,2023,A,A,0,0,0,0,5,5,0,unchanged
I01504,Healthcare,2023,B,B,0,0,0,0,2,2,0,unchanged
I01505,Real_Estate,2023,BBB,BBB,0,0,0,0,4,4,0,unchanged
I01506,Financials,2023,BBB,BBB,0,0,0,0,4,4,0,unchanged
I01507,Telecom,2023,A,A,0,0,0,0,5,5,0,unchanged
I01508,Consumer,2023,A,A,0,0,0,0,5,5,0,unchanged
I01509,Financials,2023,A,A,0,0,0,0,5,5,0,unchanged
I01510,Telecom,2023,A,A,0,0,0,0,5,5,0,unchanged
I01512,Utilities,2023,BB,BB,0,0,0,0,3,3,0,unchanged
I01513,Telecom,2023,A,A,0,0,0,0,5,5,0,unchanged
I01514,Industrials,2023,A,A,0,0,0,0,5,5,0,unchanged
I01515,Healthcare,2023,A,BBB,0,1,0,1,5,4,-1,downgrade
I01516,Industrials,2023,A,A,0,0,0,0,5,5,0,unchanged
I01517,Healthcare,2023,BB,B,0,1,0,1,3,2,-1,downgrade
I01518,Energy,2023,B,B,0,0,0,0,2,2,0,unchanged
I01519,Real_Estate,2023,BBB,BBB,0,0,0,0,4,4,0,unchanged
I01521,Technology,2023,A,A,0,0,0,0,5,5,0,unchanged
I01522,Technology,2023,BBB,BBB,0,0,0,0,4,4,0,unchanged
I01523,Industrials,2023,BB,BB,0,0,0,0,3,3,0,unchanged
I01524,Telecom,2023,A,A,0,0,0,0,5,5,0,unchanged
I01525,Utilities,2023,B,B,0,0,0,0,2,2,0,unchanged
I01526,Financials,2023,A,A,0,0,0,0,5,5,0,unchanged
I01527,Real_Estate,2023,A,A,0,0,0,0,5,5,0,unchanged
I01528,Utilities,2023,AA,AA,0,0,0,0,6,6,0,unchanged
I01529,Telecom,2023,BBB,BBB,0,0,0,0,4,4,0,unchanged
I01530,Healthcare,2023,A,A,0,0,0,0,5,5,0,unchanged
I01531,Telecom,2023,B,B,0,0,0,0,2,2,0,unchanged
I01533,Financials,2023,A,A,0,0,0,0,5,5,0,unchanged
I01534,Energy,2023,B,B,0,0,0,0,2,2,0,unchanged
I01535,Utilities,2023,B,B,0,0,0,0,2,2,0,unchanged
I01537,Healthcare,2023,A,A,0,0,0,0,5,5,0,unchanged
I01538,Energy,2023,A,A,0,0,0,0,5,5,0,unchanged
I01539,Consumer,2023,BB,BB,0,0,0,0,3,3,0,unchanged
I01540,Consumer,2023,BBB,BBB,0,0,0,0,4,4,0,unchanged
I01541,Consumer,2023,A,A,0,0,0,0,5,5,0,unchanged
I01542,Financials,2023,A,A,0,0,0,0,5,5,0,unchanged
I01543,Industrials,2023,BB,BB,0,0,0,0,3,3,0,unchanged
I01545,Healthcare,2023,A,A,0,0,0,0,5,5,0,unchanged
I01547,Utilities,2023,A,A,0,0,0,0,5,5,0,unchanged
I01548,Industrials,2023,B,B,0,0,0,0,2,2,0,unchanged
I01549,Consumer,2023,BBB,BBB,0,0,0,0,4,4,0,unchanged
I01551,Technology,2023,A,BBB,0,1,0,1,5,4,-1,downgrade
I01552,Financials,2023,AA,A,0,1,0,1,6,5,-1,downgrade
I01553,Telecom,2023,BBB,BB,0,1,0,1,4,3,-1,downgrade
I01556,Healthcare,2023,BBB,BBB,0,0,0,0,4,4,0,unchanged
I01557,Real_Estate,2023,BB,BB,0,0,0,0,3,3,0,unchanged
I01558,Technology,2023,BB,BBB,1,0,0,-1,3,4,1,upgrade
I01561,Utilities,2023,B,B,0,0,0,0,2,2,0,unchanged
I01562,Industrials,2023,A,A,0,0,0,0,5,5,0,unchanged
I01563,Technology,2023,BB,BB,0,0,0,0,3,3,0,unchanged
I01564,Real_Estate,2023,B,B,0,0,0,0,2,2,0,unchanged
I01565,Retail,2023,A,BBB,0,1,0,1,5,4,-1,downgrade
I01567,Energy,2023,BB,BB,0,0,0,0,3,3,0,unchanged
I01568,Technology,2023,A,A,0,0,0,0,5,5,0,unchanged
I01569,Consumer,2023,AAA,AAA,0,0,0,0,7,7,0,unchanged
I01571,Consumer,2023,BBB,BBB,0,0,0,0,4,4,0,unchanged
I01572,Utilities,2023,A,A,0,0,0,0,5,5,0,unchanged
I01573,Retail,2023,A,A,0,0,0,0,5,5,0,unchanged
I01575,Utilities,2023,A,A,0,0,0,0,5,5,0,unchanged
I01577,Financials,2023,B,B,0,0,0,0,2,2,0,unchanged
I01578,Industrials,2023,BBB,BBB,0,0,0,0,4,4,0,unchanged
I01579,Industrials,2023,AA,AA,0,0,0,0,6,6,0,unchanged
I01580,Financials,2023,A,BBB,0,1,0,1,5,4,-1,downgrade
I01581,Financials,2023,BBB,BBB,0,0,0,0,4,4,0,unchanged
I01582,Utilities,2023,AAA,AA,0,1,0,1,7,6,-1,downgrade
I01583,Industrials,2023,B,B,0,0,0,0,2,2,0,unchanged
I01584,Technology,2023,BB,BB,0,0,0,0,3,3,0,unchanged
I01586,Utilities,2023,BBB,BBB,0,0,0,0,4,4,0,unchanged
I01587,Healthcare,2023,BBB,BBB,0,0,0,0,4,4,0,unchanged
I01588,Real_Estate,2023,B,B,0,0,0,0,2,2,0,unchanged
I01590,Telecom,2023,A,A,0,0,0,0,5,5,0,unchanged
I01591,Financials,2023,BB,BB,0,0,0,0,3,3,0,unchanged
I01592,Technology,2023,BBB,BBB,0,0,0,0,4,4,0,unchanged
I01593,Utilities,2023,CCC,CCC,0,0,0,0,1,1,0,unchanged
I01594,Real_Estate,2023,B,B,0,0,0,0,2,2,0,unchanged
I01596,Consumer,2023,B,B,0,0,0,0,2,2,0,unchanged
I01597,Retail,2023,A,A,0,0,0,0,5,5,0,unchanged
I01598,Consumer,2023,BBB,BBB,0,0,0,0,4,4,0,unchanged
I01599,Industrials,2023,AA,AA,0,0,0,0,6,6,0,unchanged
I01601,Financials,2023,B,B,0,0,0,0,2,2,0,unchanged
I01602,Healthcare,2023,AAA,AAA,0,0,0,0,7,7,0,unchanged
I01603,Healthcare,2023,AA,AA,0,0,0,0,6,6,0,unchanged
I01604,Industrials,2023,BB,BB,0,0,0,0,3,3,0,unchanged
I01605,Energy,2023,A,A,0,0,0,0,5,5,0,unchanged
I01606,Technology,2023,A,A,0,0,0,0,5,5,0,unchanged
I01607,Utilities,2023,A,A,0,0,0,0,5,5,0,unchanged
I01608,Energy,2023,A,A,0,0,0,0,5,5,0,unchanged
I01609,Real_Estate,2023,BB,BB,0,0,0,0,3,3,0,unchanged
I01610,Industrials,2023,BBB,BBB,0,0,0,0,4,4,0,unchanged
I01611,Consumer,2023,B,B,0,0,0,0,2,2,0,unchanged
I01612,Industrials,2023,B,B,0,0,0,0,2,2,0,unchanged
I01613,Industrials,2023,B,CCC,0,1,0,1,2,1,-1,downgrade
I01614,Technology,2023,B,B,0,0,0,0,2,2,0,unchanged
I01615,Consumer,2023,BBB,A,1,0,0,-1,4,5,1,upgrade
I01616,Real_Estate,2023,BB,BB,0,0,0,0,3,3,0,unchanged
I01617,Industrials,2023,BBB,BBB,0,0,0,0,4,4,0,unchanged
I01619,Technology,2023,BBB,BBB,0,0,0,0,4,4,0,unchanged
I01620,Healthcare,2023,BBB,BBB,0,0,0,0,4,4,0,unchanged
I01621,Industrials,2023,BBB,BBB,0,0,0,0,4,4,0,unchanged
I01623,Energy,2023,A,A,0,0,0,0,5,5,0,unchanged
I01624,Energy,2023,BBB,BBB,0,0,0,0,4,4,0,unchanged
I01626,Energy,2023,B,D,0,0,1,2,2,0,-2,default
I01627,Financials,2023,AA,AA,0,0,0,0,6,6,0,unchanged
I01628,Real_Estate,2023,BBB,BBB,0,0,0,0,4,4,0,unchanged
I01629,Real_Estate,2023,AA,AA,0,0,0,0,6,6,0,unchanged
I01630,Telecom,2023,BBB,BB,0,1,0,1,4,3,-1,downgrade
I01631,Technology,2023,A,A,0,0,0,0,5,5,0,unchanged
I01632,Healthcare,2023,A,A,0,0,0,0,5,5,0,unchanged
I01633,Financials,2023,B,B,0,0,0,0,2,2,0,unchanged
I01634,Telecom,2023,A,A,0,0,0,0,5,5,0,unchanged
I01635,Telecom,2023,B,B,0,0,0,0,2,2,0,unchanged
I01636,Technology,2023,BB,BB,0,0,0,0,3,3,0,unchanged
I01637,Financials,2023,BBB,BBB,0,0,0,0,4,4,0,unchanged
I01638,Utilities,2023,BB,BB,0,0,0,0,3,3,0,unchanged
I01639,Energy,2023,BBB,BBB,0,0,0,0,4,4,0,unchanged
I01640,Technology,2023,BB,BBB,1,0,0,-1,3,4,1,upgrade
I01641,Industrials,2023,BBB,A,1,0,0,-1,4,5,1,upgrade
I01642,Consumer,2023,BBB,BBB,0,0,0,0,4,4,0,unchanged
I01643,Utilities,2023,BBB,BBB,0,0,0,0,4,4,0,unchanged
I01645,Industrials,2023,B,B,0,0,0,0,2,2,0,unchanged
I01646,Healthcare,2023,BB,BB,0,0,0,0,3,3,0,unchanged
I01649,Financials,2023,A,BBB,0,1,0,1,5,4,-1,downgrade
I01650,Technology,2023,BBB,BBB,0,0,0,0,4,4,0,unchanged
I01651,Retail,2023,BB,BB,0,0,0,0,3,3,0,unchanged
I01652,Energy,2023,A,A,0,0,0,0,5,5,0,unchanged
I01653,Industrials,2023,BBB,BBB,0,0,0,0,4,4,0,unchanged
I01654,Retail,2023,B,B,0,0,0,0,2,2,0,unchanged
I01656,Healthcare,2023,BB,BB,0,0,0,0,3,3,0,unchanged
I01657,Retail,2023,B,B,0,0,0,0,2,2,0,unchanged
I01658,Energy,2023,BB,BB,0,0,0,0,3,3,0,unchanged
I01659,Technology,2023,BBB,BBB,0,0,0,0,4,4,0,unchanged
I01660,Industrials,2023,A,A,0,0,0,0,5,5,0,unchanged
I01661,Utilities,2023,BB,BB,0,0,0,0,3,3,0,unchanged
I01662,Industrials,2023,BBB,BBB,0,0,0,0,4,4,0,unchanged
I01663,Industrials,2023,B,BB,1,0,0,-1,2,3,1,upgrade
I01664,Telecom,2023,BBB,BBB,0,0,0,0,4,4,0,unchanged
I01665,Retail,2023,BBB,BBB,0,0,0,0,4,4,0,unchanged
I01666,Consumer,2023,BB,BB,0,0,0,0,3,3,0,unchanged
I01667,Healthcare,2023,A,A,0,0,0,0,5,5,0,unchanged
I01669,Real_Estate,2023,BBB,BBB,0,0,0,0,4,4,0,unchanged
I01670,Retail,2023,A,A,0,0,0,0,5,5,0,unchanged
I01672,Consumer,2023,A,A,0,0,0,0,5,5,0,unchanged
I01673,Real_Estate,2023,B,B,0,0,0,0,2,2,0,unchanged
I01674,Utilities,2023,AAA,AAA,0,0,0,0,7,7,0,unchanged
I01675,Retail,2023,BBB,BBB,0,0,0,0,4,4,0,unchanged
I01676,Telecom,2023,A,A,0,0,0,0,5,5,0,unchanged
I01677,Utilities,2023,BBB,BB,0,1,0,1,4,3,-1,downgrade
I01678,Real_Estate,2023,AAA,AAA,0,0,0,0,7,7,0,unchanged
I01679,Telecom,2023,BB,BB,0,0,0,0,3,3,0,unchanged
I01680,Financials,2023,BB,BB,0,0,0,0,3,3,0,unchanged
I01681,Healthcare,2023,AA,AA,0,0,0,0,6,6,0,unchanged
I01682,Real_Estate,2023,CCC,CCC,0,0,0,0,1,1,0,unchanged
I01683,Technology,2023,BBB,BBB,0,0,0,0,4,4,0,unchanged
I01684,Healthcare,2023,B,B,0,0,0,0,2,2,0,unchanged
I01685,Telecom,2023,AA,AA,0,0,0,0,6,6,0,unchanged
I01686,Utilities,2023,AA,AA,0,0,0,0,6,6,0,unchanged
I01687,Real_Estate,2023,A,A,0,0,0,0,5,5,0,unchanged
I01688,Energy,2023,A,A,0,0,0,0,5,5,0,unchanged
I01691,Consumer,2023,A,A,0,0,0,0,5,5,0,unchanged
I01692,Energy,2023,A,A,0,0,0,0,5,5,0,unchanged
I01693,Healthcare,2023,A,A,0,0,0,0,5,5,0,unchanged
I01694,Consumer,2023,A,A,0,0,0,0,5,5,0,unchanged
I01695,Financials,2023,AA,AA,0,0,0,0,6,6,0,unchanged
I01696,Technology,2023,A,A,0,0,0,0,5,5,0,unchanged
I01697,Telecom,2023,BBB,BBB,0,0,0,0,4,4,0,unchanged
I01698,Energy,2023,BB,BB,0,0,0,0,3,3,0,unchanged
I01699,Retail,2023,A,A,0,0,0,0,5,5,0,unchanged
I01700,Industrials,2023,A,A,0,0,0,0,5,5,0,unchanged
I01701,Industrials,2023,A,A,0,0,0,0,5,5,0,unchanged
I01702,Technology,2023,B,B,0,0,0,0,2,2,0,unchanged
I01704,Industrials,2023,BBB,BBB,0,0,0,0,4,4,0,unchanged
I01705,Energy,2023,AA,AA,0,0,0,0,6,6,0,unchanged
I01706,Consumer,2023,CCC,B,1,0,0,-1,1,2,1,upgrade
I01707,Retail,2023,A,A,0,0,0,0,5,5,0,unchanged
I01708,Consumer,2023,B,B,0,0,0,0,2,2,0,unchanged
I01709,Technology,2023,BB,BB,0,0,0,0,3,3,0,unchanged
I01710,Utilities,2023,BB,BB,0,0,0,0,3,3,0,unchanged
I01712,Utilities,2023,BB,BB,0,0,0,0,3,3,0,unchanged
I01713,Telecom,2023,AA,AA,0,0,0,0,6,6,0,unchanged
I01714,Financials,2023,A,A,0,0,0,0,5,5,0,unchanged
I01715,Industrials,2023,BBB,BBB,0,0,0,0,4,4,0,unchanged
I01716,Industrials,2023,A,A,0,0,0,0,5,5,0,unchanged
I01717,Technology,2023,A,A,0,0,0,0,5,5,0,unchanged
I01718,Consumer,2023,BB,BB,0,0,0,0,3,3,0,unchanged
I01719,Healthcare,2023,BBB,BBB,0,0,0,0,4,4,0,unchanged
I01722,Technology,2023,CCC,CCC,0,0,0,0,1,1,0,unchanged
I01724,Energy,2023,A,A,0,0,0,0,5,5,0,unchanged
I01726,Financials,2023,BBB,BBB,0,0,0,0,4,4,0,unchanged
I01727,Industrials,2023,BB,BB,0,0,0,0,3,3,0,unchanged
I01728,Healthcare,2023,A,A,0,0,0,0,5,5,0,unchanged
I01729,Financials,2023,BB,BBB,1,0,0,-1,3,4,1,upgrade
I01730,Technology,2023,A,A,0,0,0,0,5,5,0,unchanged
I01731,Technology,2023,BBB,BB,0,1,0,1,4,3,-1,downgrade
I01732,Industrials,2023,B,B,0,0,0,0,2,2,0,unchanged
I01733,Energy,2023,BB,BB,0,0,0,0,3,3,0,unchanged
I01734,Consumer,2023,AA,AA,0,0,0,0,6,6,0,unchanged
I01735,Retail,2023,BBB,BBB,0,0,0,0,4,4,0,unchanged
I01736,Utilities,2023,A,A,0,0,0,0,5,5,0,unchanged
I01737,Industrials,2023,A,A,0,0,0,0,5,5,0,unchanged
I01739,Healthcare,2023,BBB,BBB,0,0,0,0,4,4,0,unchanged
I01740,Industrials,2023,AA,AA,0,0,0,0,6,6,0,unchanged
I01741,Financials,2023,A,A,0,0,0,0,5,5,0,unchanged
I01743,Utilities,2023,BBB,BBB,0,0,0,0,4,4,0,unchanged
I01744,Technology,2023,B,B,0,0,0,0,2,2,0,unchanged
I01746,Telecom,2023,A,A,0,0,0,0,5,5,0,unchanged
I01747,Retail,2023,B,B,0,0,0,0,2,2,0,unchanged
I01748,Telecom,2023,AA,AA,0,0,0,0,6,6,0,unchanged
I01749,Telecom,2023,BBB,BBB,0,0,0,0,4,4,0,unchanged
I01750,Utilities,2023,BBB,A,1,0,0,-1,4,5,1,upgrade
I01751,Utilities,2023,B,B,0,0,0,0,2,2,0,unchanged
I01752,Utilities,2023,B,BB,1,0,0,-1,2,3,1,upgrade
I01753,Real_Estate,2023,A,A,0,0,0,0,5,5,0,unchanged
I01754,Technology,2023,AA,AA,0,0,0,0,6,6,0,unchanged
I01755,Consumer,2023,B,B,0,0,0,0,2,2,0,unchanged
I01757,Financials,2023,BB,BB,0,0,0,0,3,3,0,unchanged
I01758,Retail,2023,BB,BB,0,0,0,0,3,3,0,unchanged
I01759,Financials,2023,A,A,0,0,0,0,5,5,0,unchanged
I01760,Energy,2023,BBB,BBB,0,0,0,0,4,4,0,unchanged
I01761,Financials,2023,BB,BB,0,0,0,0,3,3,0,unchanged
I01762,Industrials,2023,BBB,BBB,0,0,0,0,4,4,0,unchanged
I01763,Technology,2023,BBB,BBB,0,0,0,0,4,4,0,unchanged
I01764,Retail,2023,AA,AA,0,0,0,0,6,6,0,unchanged
I01765,Utilities,2023,B,B,0,0,0,0,2,2,0,unchanged
I01766,Telecom,2023,AA,AA,0,0,0,0,6,6,0,unchanged
I01767,Telecom,2023,CCC,B,1,0,0,-1,1,2,1,upgrade
I01768,Financials,2023,A,A,0,0,0,0,5,5,0,unchanged
I01769,Healthcare,2023,B,B,0,0,0,0,2,2,0,unchanged
I01770,Utilities,2023,A,A,0,0,0,0,5,5,0,unchanged
I01771,Real_Estate,2023,A,A,0,0,0,0,5,5,0,unchanged
I01773,Retail,2023,BBB,BBB,0,0,0,0,4,4,0,unchanged
I01774,Telecom,2023,BB,BB,0,0,0,0,3,3,0,unchanged
I01775,Financials,2023,B,B,0,0,0,0,2,2,0,unchanged
I01776,Retail,2023,A,A,0,0,0,0,5,5,0,unchanged
I01777,Real_Estate,2023,B,B,0,0,0,0,2,2,0,unchanged
I01778,Retail,2023,B,B,0,0,0,0,2,2,0,unchanged
I01779,Utilities,2023,A,A,0,0,0,0,5,5,0,unchanged
I01780,Industrials,2023,A,A,0,0,0,0,5,5,0,unchanged
I01781,Real_Estate,2023,A,A,0,0,0,0,5,5,0,unchanged
I01782,Retail,2023,BBB,BBB,0,0,0,0,4,4,0,unchanged
I01784,Technology,2023,A,A,0,0,0,0,5,5,0,unchanged
I01785,Healthcare,2023,BBB,BBB,0,0,0,0,4,4,0,unchanged
I01786,Industrials,2023,B,B,0,0,0,0,2,2,0,unchanged
I01787,Healthcare,2023,BB,BB,0,0,0,0,3,3,0,unchanged
I01788,Retail,2023,BBB,BBB,0,0,0,0,4,4,0,unchanged
I01790,Real_Estate,2023,B,B,0,0,0,0,2,2,0,unchanged
I01791,Retail,2023,AA,AA,0,0,0,0,6,6,0,unchanged
I01792,Industrials,2023,BBB,BBB,0,0,0,0,4,4,0,unchanged
I01794,Healthcare,2023,BB,BB,0,0,0,0,3,3,0,unchanged
I01796,Telecom,2023,AA,AA,0,0,0,0,6,6,0,unchanged
I01797,Real_Estate,2023,AA,AA,0,0,0,0,6,6,0,unchanged
I01798,Technology,2023,A,A,0,0,0,0,5,5,0,unchanged
I01799,Utilities,2023,AAA,AAA,0,0,0,0,7,7,0,unchanged
I01800,Financials,2023,BBB,BBB,0,0,0,0,4,4,0,unchanged
I01801,Real_Estate,2023,A,A,0,0,0,0,5,5,0,unchanged
I01806,Healthcare,2023,A,A,0,0,0,0,5,5,0,unchanged
I01807,Energy,2023,A,AA,1,0,0,-1,5,6,1,upgrade
I01808,Utilities,2023,CCC,CCC,0,0,0,0,1,1,0,unchanged
I01809,Consumer,2023,BBB,BBB,0,0,0,0,4,4,0,unchanged
I01811,Telecom,2023,BB,BB,0,0,0,0,3,3,0,unchanged
I01812,Technology,2023,B,D,0,0,1,2,2,0,-2,default
I01816,Technology,2023,BB,BB,0,0,0,0,3,3,0,unchanged
I01817,Utilities,2023,B,B,0,0,0,0,2,2,0,unchanged
I01818,Technology,2023,BBB,A,1,0,0,-1,4,5,1,upgrade
I01819,Industrials,2023,BBB,BBB,0,0,0,0,4,4,0,unchanged
I01820,Financials,2023,BBB,A,1,0,0,-1,4,5,1,upgrade
I01821,Technology,2023,BB,BB,0,0,0,0,3,3,0,unchanged
I01822,Consumer,2023,AA,A,0,1,0,1,6,5,-1,downgrade
I01824,Industrials,2023,B,B,0,0,0,0,2,2,0,unchanged
I01826,Technology,2023,BBB,BBB,0,0,0,0,4,4,0,unchanged
I01827,Healthcare,2023,A,A,0,0,0,0,5,5,0,unchanged
I01828,Consumer,2023,A,A,0,0,0,0,5,5,0,unchanged
I01829,Utilities,2023,BB,BB,0,0,0,0,3,3,0,unchanged
I01830,Industrials,2023,BBB,BBB,0,0,0,0,4,4,0,unchanged
I01831,Financials,2023,B,B,0,0,0,0,2,2,0,unchanged
I01833,Utilities,2023,A,A,0,0,0,0,5,5,0,unchanged
I01834,Energy,2023,BBB,BBB,0,0,0,0,4,4,0,unchanged
I01835,Financials,2023,BBB,BBB,0,0,0,0,4,4,0,unchanged
I01836,Financials,2023,BB,B,0,1,0,1,3,2,-1,downgrade
I01837,Consumer,2023,A,A,0,0,0,0,5,5,0,unchanged
I01839,Healthcare,2023,BB,BB,0,0,0,0,3,3,0,unchanged
I01841,Retail,2023,AAA,AAA,0,0,0,0,7,7,0,unchanged
I01842,Retail,2023,AA,AA,0,0,0,0,6,6,0,unchanged
I01843,Industrials,2023,CCC,CCC,0,0,0,0,1,1,0,unchanged
I01844,Retail,2023,BBB,A,1,0,0,-1,4,5,1,upgrade
I01845,Telecom,2023,B,B,0,0,0,0,2,2,0,unchanged
I01846,Technology,2023,A,A,0,0,0,0,5,5,0,unchanged
I01847,Healthcare,2023,BBB,BBB,0,0,0,0,4,4,0,unchanged
I01848,Industrials,2023,CCC,B,1,0,0,-1,1,2,1,upgrade
I01849,Industrials,2023,B,CCC,0,1,0,1,2,1,-1,downgrade
I01851,Real_Estate,2023,BBB,BBB,0,0,0,0,4,4,0,unchanged
I01852,Utilities,2023,BBB,BBB,0,0,0,0,4,4,0,unchanged
I01853,Utilities,2023,BB,BB,0,0,0,0,3,3,0,unchanged
I01854,Utilities,2023,A,A,0,0,0,0,5,5,0,unchanged
I01855,Consumer,2023,BBB,BBB,0,0,0,0,4,4,0,unchanged
I01856,Consumer,2023,BBB,BBB,0,0,0,0,4,4,0,unchanged
I01857,Healthcare,2023,BBB,BBB,0,0,0,0,4,4,0,unchanged
I01858,Industrials,2023,B,B,0,0,0,0,2,2,0,unchanged
I01860,Telecom,2023,BBB,BBB,0,0,0,0,4,4,0,unchanged
I01861,Telecom,2023,A,A,0,0,0,0,5,5,0,unchanged
I01862,Utilities,2023,BBB,BBB,0,0,0,0,4,4,0,unchanged
I01863,Telecom,2023,BB,BB,0,0,0,0,3,3,0,unchanged
I01864,Telecom,2023,BB,BB,0,0,0,0,3,3,0,unchanged
I01865,Retail,2023,A,A,0,0,0,0,5,5,0,unchanged
I01866,Technology,2023,B,B,0,0,0,0,2,2,0,unchanged
I01867,Telecom,2023,BBB,BBB,0,0,0,0,4,4,0,unchanged
I01868,Industrials,2023,A,A,0,0,0,0,5,5,0,unchanged
I01869,Utilities,2023,BBB,BBB,0,0,0,0,4,4,0,unchanged
I01870,Consumer,2023,AA,AA,0,0,0,0,6,6,0,unchanged
I01871,Technology,2023,AA,AA,0,0,0,0,6,6,0,unchanged
I01872,Industrials,2023,A,A,0,0,0,0,5,5,0,unchanged
I01873,Technology,2023,AA,AA,0,0,0,0,6,6,0,unchanged
I01875,Energy,2023,A,A,0,0,0,0,5,5,0,unchanged
I01876,Energy,2023,BB,D,0,0,1,3,3,0,-3,default
I01877,Telecom,2023,A,A,0,0,0,0,5,5,0,unchanged
I01879,Telecom,2023,BB,BBB,1,0,0,-1,3,4,1,upgrade
I01880,Real_Estate,2023,BB,BB,0,0,0,0,3,3,0,unchanged
I01882,Industrials,2023,B,B,0,0,0,0,2,2,0,unchanged
I01884,Retail,2023,AA,AA,0,0,0,0,6,6,0,unchanged
I01885,Energy,2023,BBB,BBB,0,0,0,0,4,4,0,unchanged
I01886,Financials,2023,B,BB,1,0,0,-1,2,3,1,upgrade
I01887,Utilities,2023,CCC,CCC,0,0,0,0,1,1,0,unchanged
I01888,Financials,2023,BBB,BBB,0,0,0,0,4,4,0,unchanged
I01889,Industrials,2023,B,B,0,0,0,0,2,2,0,unchanged
I01890,Industrials,2023,A,AA,1,0,0,-1,5,6,1,upgrade
I01891,Real_Estate,2023,A,A,0,0,0,0,5,5,0,unchanged
I01892,Utilities,2023,B,B,0,0,0,0,2,2,0,unchanged
I01893,Real_Estate,2023,BB,BB,0,0,0,0,3,3,0,unchanged
I01894,Industrials,2023,BB,BB,0,0,0,0,3,3,0,unchanged
I01895,Consumer,2023,AA,A,0,1,0,1,6,5,-1,downgrade
I01896,Consumer,2023,B,B,0,0,0,0,2,2,0,unchanged
I01897,Financials,2023,BB,BB,0,0,0,0,3,3,0,unchanged
I01898,Telecom,2023,BBB,B,0,1,0,2,4,2,-2,downgrade
I01899,Retail,2023,BB,BB,0,0,0,0,3,3,0,unchanged
I01901,Energy,2023,AA,AA,0,0,0,0,6,6,0,unchanged
I01902,Industrials,2023,B,B,0,0,0,0,2,2,0,unchanged
I01903,Utilities,2023,BB,BB,0,0,0,0,3,3,0,unchanged
I01904,Industrials,2023,BBB,BBB,0,0,0,0,4,4,0,unchanged
I01905,Telecom,2023,BBB,BBB,0,0,0,0,4,4,0,unchanged
I01906,Healthcare,2023,BB,BB,0,0,0,0,3,3,0,unchanged
I01907,Technology,2023,B,D,0,0,1,2,2,0,-2,default
I01908,Healthcare,2023,AA,A,0,1,0,1,6,5,-1,downgrade
I01909,Retail,2023,BBB,BBB,0,0,0,0,4,4,0,unchanged
I01910,Retail,2023,CCC,D,0,0,1,1,1,0,-1,default
I01911,Telecom,2023,A,CCC,0,1,0,4,5,1,-4,downgrade
I01913,Real_Estate,2023,BBB,BBB,0,0,0,0,4,4,0,unchanged
I01914,Consumer,2023,B,B,0,0,0,0,2,2,0,unchanged
I01915,Financials,2023,BBB,BBB,0,0,0,0,4,4,0,unchanged
I01916,Real_Estate,2023,CCC,D,0,0,1,1,1,0,-1,default
I01918,Retail,2023,AA,AA,0,0,0,0,6,6,0,unchanged
I01919,Telecom,2023,BB,BB,0,0,0,0,3,3,0,unchanged
I01921,Consumer,2023,BBB,BBB,0,0,0,0,4,4,0,unchanged
I01922,Healthcare,2023,A,A,0,0,0,0,5,5,0,unchanged
I01923,Healthcare,2023,CCC,B,1,0,0,-1,1,2,1,upgrade
I01924,Energy,2023,BB,BB,0,0,0,0,3,3,0,unchanged
I01926,Healthcare,2023,A,A,0,0,0,0,5,5,0,unchanged
I01927,Telecom,2023,BBB,BBB,0,0,0,0,4,4,0,unchanged
I01928,Consumer,2023,BB,BBB,1,0,0,-1,3,4,1,upgrade
I01929,Industrials,2023,BBB,BBB,0,0,0,0,4,4,0,unchanged
I01930,Financials,2023,BBB,BBB,0,0,0,0,4,4,0,unchanged
I01931,Telecom,2023,BBB,BBB,0,0,0,0,4,4,0,unchanged
I01933,Real_Estate,2023,B,B,0,0,0,0,2,2,0,unchanged
I01934,Consumer,2023,B,B,0,0,0,0,2,2,0,unchanged
I01935,Industrials,2023,A,A,0,0,0,0,5,5,0,unchanged
I01936,Retail,2023,B,B,0,0,0,0,2,2,0,unchanged
I01938,Energy,2023,B,B,0,0,0,0,2,2,0,unchanged
I01939,Financials,2023,BBB,BBB,0,0,0,0,4,4,0,unchanged
I01940,Technology,2023,B,B,0,0,0,0,2,2,0,unchanged
I01941,Technology,2023,B,B,0,0,0,0,2,2,0,unchanged
I01942,Financials,2023,A,A,0,0,0,0,5,5,0,unchanged
I01943,Healthcare,2023,AA,AA,0,0,0,0,6,6,0,unchanged
I01944,Financials,2023,BBB,BBB,0,0,0,0,4,4,0,unchanged
I01945,Financials,2023,A,A,0,0,0,0,5,5,0,unchanged
I01948,Financials,2023,BBB,BBB,0,0,0,0,4,4,0,unchanged
I01949,Real_Estate,2023,BBB,BBB,0,0,0,0,4,4,0,unchanged
I01950,Real_Estate,2023,A,A,0,0,0,0,5,5,0,unchanged
I01951,Utilities,2023,B,B,0,0,0,0,2,2,0,unchanged
I01953,Energy,2023,BBB,BBB,0,0,0,0,4,4,0,unchanged
I01954,Industrials,2023,AAA,AAA,0,0,0,0,7,7,0,unchanged
I01955,Energy,2023,BBB,BBB,0,0,0,0,4,4,0,unchanged
I01956,Retail,2023,BBB,BBB,0,0,0,0,4,4,0,unchanged
I01957,Consumer,2023,CCC,CCC,0,0,0,0,1,1,0,unchanged
I01960,Utilities,2023,B,B,0,0,0,0,2,2,0,unchanged
I01963,Energy,2023,BB,BBB,1,0,0,-1,3,4,1,upgrade
I01964,Retail,2023,BBB,BBB,0,0,0,0,4,4,0,unchanged
I01965,Consumer,2023,AA,AA,0,0,0,0,6,6,0,unchanged
I01966,Utilities,2023,A,A,0,0,0,0,5,5,0,unchanged
I01967,Industrials,2023,BBB,BBB,0,0,0,0,4,4,0,unchanged
I01968,Healthcare,2023,BBB,BBB,0,0,0,0,4,4,0,unchanged
I01969,Consumer,2023,BBB,BBB,0,0,0,0,4,4,0,unchanged
I01970,Consumer,2023,A,A,0,0,0,0,5,5,0,unchanged
I01971,Retail,2023,A,A,0,0,0,0,5,5,0,unchanged
I01973,Utilities,2023,BBB,BBB,0,0,0,0,4,4,0,unchanged
I01975,Utilities,2023,BBB,BBB,0,0,0,0,4,4,0,unchanged
I01976,Technology,2023,BBB,BBB,0,0,0,0,4,4,0,unchanged
I01977,Healthcare,2023,BBB,BBB,0,0,0,0,4,4,0,unchanged
I01978,Telecom,2023,BB,BB,0,0,0,0,3,3,0,unchanged
I01979,Financials,2023,BBB,BBB,0,0,0,0,4,4,0,unchanged
I01980,Consumer,2023,A,A,0,0,0,0,5,5,0,unchanged
I01981,Retail,2023,AA,AA,0,0,0,0,6,6,0,unchanged
I01983,Technology,2023,B,B,0,0,0,0,2,2,0,unchanged
I01984,Industrials,2023,BBB,BBB,0,0,0,0,4,4,0,unchanged
I01985,Technology,2023,A,A,0,0,0,0,5,5,0,unchanged
I01986,Consumer,2023,BBB,BB,0,1,0,1,4,3,-1,downgrade
I01987,Retail,2023,B,B,0,0,0,0,2,2,0,unchanged
I01988,Healthcare,2023,B,B,0,0,0,0,2,2,0,unchanged
I01989,Industrials,2023,BBB,BBB,0,0,0,0,4,4,0,unchanged
I01990,Financials,2023,BBB,BBB,0,0,0,0,4,4,0,unchanged
I01992,Utilities,2023,A,A,0,0,0,0,5,5,0,unchanged
I01993,Energy,2023,BB,BB,0,0,0,0,3,3,0,unchanged
I01994,Real_Estate,2023,B,B,0,0,0,0,2,2,0,unchanged
I01995,Real_Estate,2023,B,B,0,0,0,0,2,2,0,unchanged
I01996,Energy,2023,BB,BB,0,0,0,0,3,3,0,unchanged
I01997,Utilities,2023,BB,BB,0,0,0,0,3,3,0,unchanged
I01998,Telecom,2023,B,D,0,0,1,2,2,0,-2,default
I01999,Consumer,2023,BB,D,0,0,1,3,3,0,-3,default
I02000,Financials,2023,A,A,0,0,0,0,5,5,0,unchanged
I00001,Consumer,2024,BBB,BBB,0,0,0,0,4,4,0,unchanged
I00002,Industrials,2024,BBB,BBB,0,0,0,0,4,4,0,unchanged
I00003,Industrials,2024,B,B,0,0,0,0,2,2,0,unchanged
I00004,Industrials,2024,BBB,BBB,0,0,0,0,4,4,0,unchanged
I00005,Real_Estate,2024,A,A,0,0,0,0,5,5,0,unchanged
I00006,Financials,2024,B,B,0,0,0,0,2,2,0,unchanged
I00007,Utilities,2024,A,A,0,0,0,0,5,5,0,unchanged
I00008,Healthcare,2024,B,B,0,0,0,0,2,2,0,unchanged
I00009,Consumer,2024,CCC,BBB,1,0,0,-3,1,4,3,upgrade
I00010,Real_Estate,2024,B,B,0,0,0,0,2,2,0,unchanged
I00011,Healthcare,2024,BBB,BBB,0,0,0,0,4,4,0,unchanged
I00012,Retail,2024,B,B,0,0,0,0,2,2,0,unchanged
I00014,Telecom,2024,CCC,CCC,0,0,0,0,1,1,0,unchanged
I00019,Utilities,2024,A,A,0,0,0,0,5,5,0,unchanged
I00020,Healthcare,2024,B,B,0,0,0,0,2,2,0,unchanged
I00021,Financials,2024,BB,B,0,1,0,1,3,2,-1,downgrade
I00025,Retail,2024,BBB,BBB,0,0,0,0,4,4,0,unchanged
I00028,Telecom,2024,BBB,BBB,0,0,0,0,4,4,0,unchanged
I00029,Energy,2024,BBB,BBB,0,0,0,0,4,4,0,unchanged
I00030,Utilities,2024,BB,BB,0,0,0,0,3,3,0,unchanged
I00031,Utilities,2024,AA,AA,0,0,0,0,6,6,0,unchanged
I00032,Healthcare,2024,B,B,0,0,0,0,2,2,0,unchanged
I00033,Energy,2024,BBB,BB,0,1,0,1,4,3,-1,downgrade
I00036,Real_Estate,2024,A,A,0,0,0,0,5,5,0,unchanged
I00037,Retail,2024,BBB,BBB,0,0,0,0,4,4,0,unchanged
I00038,Telecom,2024,AA,AA,0,0,0,0,6,6,0,unchanged
I00039,Energy,2024,BB,BB,0,0,0,0,3,3,0,unchanged
I00040,Utilities,2024,A,A,0,0,0,0,5,5,0,unchanged
I00041,Energy,2024,B,B,0,0,0,0,2,2,0,unchanged
I00042,Financials,2024,BBB,BBB,0,0,0,0,4,4,0,unchanged
I00043,Healthcare,2024,B,B,0,0,0,0,2,2,0,unchanged
I00044,Telecom,2024,B,BB,1,0,0,-1,2,3,1,upgrade
I00045,Technology,2024,A,A,0,0,0,0,5,5,0,unchanged
I00046,Energy,2024,B,B,0,0,0,0,2,2,0,unchanged
I00047,Energy,2024,A,A,0,0,0,0,5,5,0,unchanged
I00048,Healthcare,2024,BBB,BBB,0,0,0,0,4,4,0,unchanged
I00049,Telecom,2024,A,A,0,0,0,0,5,5,0,unchanged
I00050,Technology,2024,B,B,0,0,0,0,2,2,0,unchanged
I00051,Financials,2024,AAA,AAA,0,0,0,0,7,7,0,unchanged
I00053,Industrials,2024,B,B,0,0,0,0,2,2,0,unchanged
I00054,Industrials,2024,B,B,0,0,0,0,2,2,0,unchanged
I00055,Financials,2024,A,A,0,0,0,0,5,5,0,unchanged
I00056,Industrials,2024,A,A,0,0,0,0,5,5,0,unchanged
I00057,Utilities,2024,BB,BB,0,0,0,0,3,3,0,unchanged
I00060,Healthcare,2024,A,AA,1,0,0,-1,5,6,1,upgrade
I00061,Energy,2024,B,B,0,0,0,0,2,2,0,unchanged
I00064,Healthcare,2024,AA,AA,0,0,0,0,6,6,0,unchanged
I00066,Industrials,2024,B,B,0,0,0,0,2,2,0,unchanged
I00068,Technology,2024,BBB,BBB,0,0,0,0,4,4,0,unchanged
I00069,Real_Estate,2024,BB,BB,0,0,0,0,3,3,0,unchanged
I00070,Utilities,2024,B,B,0,0,0,0,2,2,0,unchanged
I00071,Real_Estate,2024,BBB,BB,0,1,0,1,4,3,-1,downgrade
I00072,Financials,2024,A,BBB,0,1,0,1,5,4,-1,downgrade
I00073,Energy,2024,BB,BB,0,0,0,0,3,3,0,unchanged
I00075,Retail,2024,B,B,0,0,0,0,2,2,0,unchanged
I00076,Energy,2024,BBB,A,1,0,0,-1,4,5,1,upgrade
I00077,Consumer,2024,B,B,0,0,0,0,2,2,0,unchanged
I00078,Utilities,2024,AA,AA,0,0,0,0,6,6,0,unchanged
I00082,Utilities,2024,A,AA,1,0,0,-1,5,6,1,upgrade
I00083,Industrials,2024,BBB,BBB,0,0,0,0,4,4,0,unchanged
I00084,Retail,2024,B,D,0,0,1,2,2,0,-2,default
I00085,Industrials,2024,A,A,0,0,0,0,5,5,0,unchanged
I00086,Consumer,2024,BBB,BBB,0,0,0,0,4,4,0,unchanged
I00088,Financials,2024,B,CCC,0,1,0,1,2,1,-1,downgrade
I00090,Utilities,2024,A,A,0,0,0,0,5,5,0,unchanged
I00092,Financials,2024,AA,AA,0,0,0,0,6,6,0,unchanged
I00093,Energy,2024,BB,B,0,1,0,1,3,2,-1,downgrade
I00094,Retail,2024,AAA,AAA,0,0,0,0,7,7,0,unchanged
I00096,Industrials,2024,AA,AA,0,0,0,0,6,6,0,unchanged
I00097,Retail,2024,B,CCC,0,1,0,1,2,1,-1,downgrade
I00099,Technology,2024,BB,BB,0,0,0,0,3,3,0,unchanged
I00100,Telecom,2024,BBB,BBB,0,0,0,0,4,4,0,unchanged
I00101,Retail,2024,A,A,0,0,0,0,5,5,0,unchanged
I00102,Utilities,2024,B,B,0,0,0,0,2,2,0,unchanged
I00103,Consumer,2024,AA,AA,0,0,0,0,6,6,0,unchanged
I00104,Consumer,2024,BBB,BBB,0,0,0,0,4,4,0,unchanged
I00105,Healthcare,2024,A,A,0,0,0,0,5,5,0,unchanged
I00106,Financials,2024,A,A,0,0,0,0,5,5,0,unchanged
I00107,Retail,2024,AA,AA,0,0,0,0,6,6,0,unchanged
I00108,Telecom,2024,CCC,CCC,0,0,0,0,1,1,0,unchanged
I00109,Retail,2024,B,B,0,0,0,0,2,2,0,unchanged
I00110,Utilities,2024,A,A,0,0,0,0,5,5,0,unchanged
I00112,Energy,2024,B,B,0,0,0,0,2,2,0,unchanged
I00113,Technology,2024,BB,BB,0,0,0,0,3,3,0,unchanged
I00114,Telecom,2024,A,A,0,0,0,0,5,5,0,unchanged
I00116,Real_Estate,2024,B,B,0,0,0,0,2,2,0,unchanged
I00117,Telecom,2024,BBB,BBB,0,0,0,0,4,4,0,unchanged
I00118,Industrials,2024,CCC,CCC,0,0,0,0,1,1,0,unchanged
I00119,Utilities,2024,BBB,BBB,0,0,0,0,4,4,0,unchanged
I00120,Utilities,2024,A,A,0,0,0,0,5,5,0,unchanged
I00121,Industrials,2024,A,A,0,0,0,0,5,5,0,unchanged
I00122,Telecom,2024,B,B,0,0,0,0,2,2,0,unchanged
I00123,Healthcare,2024,A,A,0,0,0,0,5,5,0,unchanged
I00124,Industrials,2024,BBB,BBB,0,0,0,0,4,4,0,unchanged
I00125,Utilities,2024,BBB,BBB,0,0,0,0,4,4,0,unchanged
I00126,Technology,2024,BBB,BBB,0,0,0,0,4,4,0,unchanged
I00127,Utilities,2024,CCC,CCC,0,0,0,0,1,1,0,unchanged
I00129,Telecom,2024,BB,B,0,1,0,1,3,2,-1,downgrade
I00130,Consumer,2024,BBB,BBB,0,0,0,0,4,4,0,unchanged
I00131,Real_Estate,2024,BB,BB,0,0,0,0,3,3,0,unchanged
I00132,Retail,2024,B,B,0,0,0,0,2,2,0,unchanged
I00134,Healthcare,2024,B,B,0,0,0,0,2,2,0,unchanged
I00135,Technology,2024,A,A,0,0,0,0,5,5,0,unchanged
I00136,Consumer,2024,CCC,CCC,0,0,0,0,1,1,0,unchanged
I00137,Financials,2024,AAA,AAA,0,0,0,0,7,7,0,unchanged
I00139,Telecom,2024,A,A,0,0,0,0,5,5,0,unchanged
I00140,Consumer,2024,AAA,AAA,0,0,0,0,7,7,0,unchanged
I00141,Energy,2024,BBB,BBB,0,0,0,0,4,4,0,unchanged
I00142,Telecom,2024,CCC,D,0,0,1,1,1,0,-1,default
I00144,Financials,2024,A,A,0,0,0,0,5,5,0,unchanged
I00145,Financials,2024,AA,AA,0,0,0,0,6,6,0,unchanged
I00146,Technology,2024,AA,A,0,1,0,1,6,5,-1,downgrade
I00147,Real_Estate,2024,BBB,BBB,0,0,0,0,4,4,0,unchanged
I00148,Retail,2024,BB,BB,0,0,0,0,3,3,0,unchanged
I00149,Financials,2024,B,B,0,0,0,0,2,2,0,unchanged
I00150,Retail,2024,BB,BB,0,0,0,0,3,3,0,unchanged
I00151,Healthcare,2024,B,CCC,0,1,0,1,2,1,-1,downgrade
I00152,Energy,2024,BBB,BBB,0,0,0,0,4,4,0,unchanged
I00153,Financials,2024,A,A,0,0,0,0,5,5,0,unchanged
I00154,Energy,2024,B,B,0,0,0,0,2,2,0,unchanged
I00155,Energy,2024,BB,BB,0,0,0,0,3,3,0,unchanged
I00156,Telecom,2024,BBB,BBB,0,0,0,0,4,4,0,unchanged
I00157,Retail,2024,A,A,0,0,0,0,5,5,0,unchanged
I00158,Financials,2024,A,A,0,0,0,0,5,5,0,unchanged
I00159,Consumer,2024,A,A,0,0,0,0,5,5,0,unchanged
I00160,Consumer,2024,BBB,BB,0,1,0,1,4,3,-1,downgrade
I00161,Technology,2024,BBB,BBB,0,0,0,0,4,4,0,unchanged
I00162,Real_Estate,2024,BB,BB,0,0,0,0,3,3,0,unchanged
I00164,Consumer,2024,A,A,0,0,0,0,5,5,0,unchanged
I00165,Healthcare,2024,CCC,D,0,0,1,1,1,0,-1,default
I00167,Utilities,2024,A,BBB,0,1,0,1,5,4,-1,downgrade
I00168,Utilities,2024,B,B,0,0,0,0,2,2,0,unchanged
I00169,Technology,2024,AA,AA,0,0,0,0,6,6,0,unchanged
I00171,Utilities,2024,A,A,0,0,0,0,5,5,0,unchanged
I00173,Healthcare,2024,B,B,0,0,0,0,2,2,0,unchanged
I00175,Technology,2024,BBB,BBB,0,0,0,0,4,4,0,unchanged
I00176,Consumer,2024,B,B,0,0,0,0,2,2,0,unchanged
I00177,Energy,2024,CCC,D,0,0,1,1,1,0,-1,default
I00179,Consumer,2024,AA,AA,0,0,0,0,6,6,0,unchanged
I00182,Consumer,2024,A,A,0,0,0,0,5,5,0,unchanged
I00183,Financials,2024,BB,BB,0,0,0,0,3,3,0,unchanged
I00184,Telecom,2024,B,D,0,0,1,2,2,0,-2,default
I00185,Retail,2024,BBB,BBB,0,0,0,0,4,4,0,unchanged
I00186,Energy,2024,BBB,BBB,0,0,0,0,4,4,0,unchanged
I00187,Utilities,2024,AA,AA,0,0,0,0,6,6,0,unchanged
I00188,Telecom,2024,B,B,0,0,0,0,2,2,0,unchanged
I00190,Industrials,2024,B,B,0,0,0,0,2,2,0,unchanged
I00191,Technology,2024,BBB,BBB,0,0,0,0,4,4,0,unchanged
I00193,Industrials,2024,B,B,0,0,0,0,2,2,0,unchanged
I00194,Industrials,2024,B,B,0,0,0,0,2,2,0,unchanged
I00195,Healthcare,2024,CCC,D,0,0,1,1,1,0,-1,default
I00197,Industrials,2024,BBB,AA,1,0,0,-2,4,6,2,upgrade
I00198,Healthcare,2024,BB,BB,0,0,0,0,3,3,0,unchanged
I00199,Healthcare,2024,B,B,0,0,0,0,2,2,0,unchanged
I00200,Retail,2024,BB,B,0,1,0,1,3,2,-1,downgrade
I00201,Telecom,2024,BB,BB,0,0,0,0,3,3,0,unchanged
I00202,Utilities,2024,BB,BB,0,0,0,0,3,3,0,unchanged
I00203,Financials,2024,AA,AA,0,0,0,0,6,6,0,unchanged
I00204,Energy,2024,CCC,CCC,0,0,0,0,1,1,0,unchanged
I00206,Industrials,2024,BBB,BBB,0,0,0,0,4,4,0,unchanged
I00207,Retail,2024,BBB,BBB,0,0,0,0,4,4,0,unchanged
I00208,Healthcare,2024,BBB,BB,0,1,0,1,4,3,-1,downgrade
I00210,Telecom,2024,A,A,0,0,0,0,5,5,0,unchanged
I00211,Healthcare,2024,CCC,CCC,0,0,0,0,1,1,0,unchanged
I00213,Retail,2024,AA,AA,0,0,0,0,6,6,0,unchanged
I00214,Energy,2024,A,A,0,0,0,0,5,5,0,unchanged
I00215,Energy,2024,A,A,0,0,0,0,5,5,0,unchanged
I00216,Technology,2024,BBB,BBB,0,0,0,0,4,4,0,unchanged
I00218,Telecom,2024,B,B,0,0,0,0,2,2,0,unchanged
I00219,Telecom,2024,A,BBB,0,1,0,1,5,4,-1,downgrade
I00220,Utilities,2024,BB,BB,0,0,0,0,3,3,0,unchanged
I00224,Financials,2024,AA,AA,0,0,0,0,6,6,0,unchanged
I00225,Financials,2024,A,B,0,1,0,3,5,2,-3,downgrade
I00227,Technology,2024,B,B,0,0,0,0,2,2,0,unchanged
I00229,Telecom,2024,B,B,0,0,0,0,2,2,0,unchanged
I00230,Industrials,2024,A,A,0,0,0,0,5,5,0,unchanged
I00231,Retail,2024,AA,AA,0,0,0,0,6,6,0,unchanged
I00233,Healthcare,2024,B,B,0,0,0,0,2,2,0,unchanged
I00234,Real_Estate,2024,A,A,0,0,0,0,5,5,0,unchanged
I00235,Healthcare,2024,BBB,BBB,0,0,0,0,4,4,0,unchanged
I00236,Healthcare,2024,A,A,0,0,0,0,5,5,0,unchanged
I00237,Financials,2024,AA,AA,0,0,0,0,6,6,0,unchanged
I00239,Industrials,2024,BB,BB,0,0,0,0,3,3,0,unchanged
I00240,Real_Estate,2024,A,A,0,0,0,0,5,5,0,unchanged
I00241,Healthcare,2024,A,A,0,0,0,0,5,5,0,unchanged
I00242,Telecom,2024,BBB,A,1,0,0,-1,4,5,1,upgrade
I00243,Telecom,2024,B,B,0,0,0,0,2,2,0,unchanged
I00244,Real_Estate,2024,CCC,BB,1,0,0,-2,1,3,2,upgrade
I00245,Telecom,2024,BBB,A,1,0,0,-1,4,5,1,upgrade
I00246,Technology,2024,BBB,BBB,0,0,0,0,4,4,0,unchanged
I00247,Industrials,2024,BB,BB,0,0,0,0,3,3,0,unchanged
I00248,Telecom,2024,BBB,BBB,0,0,0,0,4,4,0,unchanged
I00250,Industrials,2024,AA,AA,0,0,0,0,6,6,0,unchanged
I00251,Consumer,2024,A,A,0,0,0,0,5,5,0,unchanged
I00252,Utilities,2024,A,A,0,0,0,0,5,5,0,unchanged
I00253,Telecom,2024,AA,AA,0,0,0,0,6,6,0,unchanged
I00254,Real_Estate,2024,BB,B,0,1,0,1,3,2,-1,downgrade
I00256,Telecom,2024,BB,BB,0,0,0,0,3,3,0,unchanged
I00257,Utilities,2024,BBB,BBB,0,0,0,0,4,4,0,unchanged
I00258,Real_Estate,2024,A,A,0,0,0,0,5,5,0,unchanged
I00259,Telecom,2024,B,B,0,0,0,0,2,2,0,unchanged
I00260,Healthcare,2024,BB,BB,0,0,0,0,3,3,0,unchanged
I00261,Utilities,2024,A,A,0,0,0,0,5,5,0,unchanged
I00262,Technology,2024,AAA,AAA,0,0,0,0,7,7,0,unchanged
I00263,Energy,2024,A,A,0,0,0,0,5,5,0,unchanged
I00264,Telecom,2024,B,B,0,0,0,0,2,2,0,unchanged
I00265,Real_Estate,2024,BBB,BBB,0,0,0,0,4,4,0,unchanged
I00267,Healthcare,2024,A,A,0,0,0,0,5,5,0,unchanged
I00268,Telecom,2024,A,A,0,0,0,0,5,5,0,unchanged
I00270,Utilities,2024,BB,BBB,1,0,0,-1,3,4,1,upgrade
I00271,Retail,2024,BB,BB,0,0,0,0,3,3,0,unchanged
I00272,Consumer,2024,B,B,0,0,0,0,2,2,0,unchanged
I00273,Energy,2024,A,BBB,0,1,0,1,5,4,-1,downgrade
I00274,Consumer,2024,B,B,0,0,0,0,2,2,0,unchanged
I00275,Financials,2024,BB,BB,0,0,0,0,3,3,0,unchanged
I00276,Financials,2024,B,B,0,0,0,0,2,2,0,unchanged
I00277,Retail,2024,CCC,D,0,0,1,1,1,0,-1,default
I00279,Financials,2024,BB,BB,0,0,0,0,3,3,0,unchanged
I00280,Utilities,2024,AA,AA,0,0,0,0,6,6,0,unchanged
I00281,Utilities,2024,AAA,AA,0,1,0,1,7,6,-1,downgrade
I00283,Healthcare,2024,AA,AA,0,0,0,0,6,6,0,unchanged
I00284,Healthcare,2024,B,CCC,0,1,0,1,2,1,-1,downgrade
I00285,Energy,2024,BBB,BBB,0,0,0,0,4,4,0,unchanged
I00287,Energy,2024,BBB,A,1,0,0,-1,4,5,1,upgrade
I00288,Technology,2024,BBB,BBB,0,0,0,0,4,4,0,unchanged
I00290,Retail,2024,BBB,BBB,0,0,0,0,4,4,0,unchanged
I00291,Energy,2024,BBB,B,0,1,0,2,4,2,-2,downgrade
I00292,Energy,2024,A,A,0,0,0,0,5,5,0,unchanged
I00293,Industrials,2024,AA,AA,0,0,0,0,6,6,0,unchanged
I00294,Financials,2024,BBB,BB,0,1,0,1,4,3,-1,downgrade
I00295,Financials,2024,BBB,BBB,0,0,0,0,4,4,0,unchanged
I00297,Telecom,2024,BB,BB,0,0,0,0,3,3,0,unchanged
I00298,Utilities,2024,BBB,BB,0,1,0,1,4,3,-1,downgrade
I00300,Real_Estate,2024,BBB,BB,0,1,0,1,4,3,-1,downgrade
I00301,Healthcare,2024,BB,BB,0,0,0,0,3,3,0,unchanged
I00302,Utilities,2024,BB,BB,0,0,0,0,3,3,0,unchanged
I00303,Financials,2024,AA,AA,0,0,0,0,6,6,0,unchanged
I00304,Financials,2024,BB,BB,0,0,0,0,3,3,0,unchanged
I00308,Real_Estate,2024,B,B,0,0,0,0,2,2,0,unchanged
I00309,Energy,2024,A,A,0,0,0,0,5,5,0,unchanged
I00310,Healthcare,2024,AA,AA,0,0,0,0,6,6,0,unchanged
I00311,Real_Estate,2024,BBB,BBB,0,0,0,0,4,4,0,unchanged
I00312,Technology,2024,BBB,BBB,0,0,0,0,4,4,0,unchanged
I00313,Consumer,2024,A,A,0,0,0,0,5,5,0,unchanged
I00314,Industrials,2024,A,A,0,0,0,0,5,5,0,unchanged
I00315,Industrials,2024,BB,BB,0,0,0,0,3,3,0,unchanged
I00316,Technology,2024,A,A,0,0,0,0,5,5,0,unchanged
I00318,Energy,2024,BB,BB,0,0,0,0,3,3,0,unchanged
I00319,Financials,2024,A,A,0,0,0,0,5,5,0,unchanged
I00320,Consumer,2024,A,A,0,0,0,0,5,5,0,unchanged
I00321,Healthcare,2024,A,A,0,0,0,0,5,5,0,unchanged
I00322,Technology,2024,BB,CCC,0,1,0,2,3,1,-2,downgrade
I00324,Financials,2024,B,BBB,1,0,0,-2,2,4,2,upgrade
I00325,Retail,2024,A,A,0,0,0,0,5,5,0,unchanged
I00326,Telecom,2024,BBB,BBB,0,0,0,0,4,4,0,unchanged
I00327,Utilities,2024,BBB,BBB,0,0,0,0,4,4,0,unchanged
I00328,Real_Estate,2024,BB,BB,0,0,0,0,3,3,0,unchanged
I00329,Technology,2024,AA,AA,0,0,0,0,6,6,0,unchanged
I00332,Telecom,2024,BB,B,0,1,0,1,3,2,-1,downgrade
I00333,Consumer,2024,BB,BB,0,0,0,0,3,3,0,unchanged
I00334,Utilities,2024,A,A,0,0,0,0,5,5,0,unchanged
I00335,Utilities,2024,BBB,BBB,0,0,0,0,4,4,0,unchanged
I00336,Utilities,2024,B,D,0,0,1,2,2,0,-2,default
I00337,Financials,2024,A,A,0,0,0,0,5,5,0,unchanged
I00338,Financials,2024,BBB,BBB,0,0,0,0,4,4,0,unchanged
I00339,Retail,2024,B,B,0,0,0,0,2,2,0,unchanged
I00340,Real_Estate,2024,BB,BB,0,0,0,0,3,3,0,unchanged
I00341,Financials,2024,A,A,0,0,0,0,5,5,0,unchanged
I00342,Technology,2024,BBB,BBB,0,0,0,0,4,4,0,unchanged
I00343,Consumer,2024,BB,BB,0,0,0,0,3,3,0,unchanged
I00344,Energy,2024,AAA,AAA,0,0,0,0,7,7,0,unchanged
I00345,Utilities,2024,BB,BB,0,0,0,0,3,3,0,unchanged
I00346,Industrials,2024,B,B,0,0,0,0,2,2,0,unchanged
I00347,Financials,2024,B,B,0,0,0,0,2,2,0,unchanged
I00348,Retail,2024,BBB,BBB,0,0,0,0,4,4,0,unchanged
I00351,Technology,2024,AA,A,0,1,0,1,6,5,-1,downgrade
I00352,Utilities,2024,A,A,0,0,0,0,5,5,0,unchanged
I00353,Retail,2024,B,B,0,0,0,0,2,2,0,unchanged
I00354,Healthcare,2024,AAA,AA,0,1,0,1,7,6,-1,downgrade
I00355,Healthcare,2024,B,B,0,0,0,0,2,2,0,unchanged
I00356,Healthcare,2024,AA,AA,0,0,0,0,6,6,0,unchanged
I00357,Industrials,2024,BBB,BBB,0,0,0,0,4,4,0,unchanged
I00359,Consumer,2024,BB,BB,0,0,0,0,3,3,0,unchanged
I00360,Real_Estate,2024,BB,BB,0,0,0,0,3,3,0,unchanged
I00361,Healthcare,2024,B,B,0,0,0,0,2,2,0,unchanged
I00362,Industrials,2024,A,BBB,0,1,0,1,5,4,-1,downgrade
I00363,Energy,2024,BBB,BBB,0,0,0,0,4,4,0,unchanged
I00366,Energy,2024,B,BBB,1,0,0,-2,2,4,2,upgrade
I00367,Utilities,2024,BBB,BBB,0,0,0,0,4,4,0,unchanged
I00369,Healthcare,2024,BBB,BBB,0,0,0,0,4,4,0,unchanged
I00370,Utilities,2024,BBB,BBB,0,0,0,0,4,4,0,unchanged
I00371,Technology,2024,B,D,0,0,1,2,2,0,-2,default
I00373,Energy,2024,BB,BB,0,0,0,0,3,3,0,unchanged
I00374,Utilities,2024,BBB,BBB,0,0,0,0,4,4,0,unchanged
I00375,Retail,2024,A,A,0,0,0,0,5,5,0,unchanged
I00376,Industrials,2024,BB,BB,0,0,0,0,3,3,0,unchanged
I00377,Energy,2024,A,A,0,0,0,0,5,5,0,unchanged
I00378,Technology,2024,B,B,0,0,0,0,2,2,0,unchanged
I00379,Healthcare,2024,AA,AA,0,0,0,0,6,6,0,unchanged
I00380,Financials,2024,A,A,0,0,0,0,5,5,0,unchanged
I00381,Telecom,2024,A,A,0,0,0,0,5,5,0,unchanged
I00382,Energy,2024,BB,BB,0,0,0,0,3,3,0,unchanged
I00383,Financials,2024,B,B,0,0,0,0,2,2,0,unchanged
I00385,Industrials,2024,AA,AA,0,0,0,0,6,6,0,unchanged
I00387,Financials,2024,BBB,BBB,0,0,0,0,4,4,0,unchanged
I00389,Healthcare,2024,BB,BB,0,0,0,0,3,3,0,unchanged
I00390,Consumer,2024,BBB,BB,0,1,0,1,4,3,-1,downgrade
I00391,Technology,2024,A,A,0,0,0,0,5,5,0,unchanged
I00392,Healthcare,2024,BBB,BBB,0,0,0,0,4,4,0,unchanged
I00393,Industrials,2024,B,B,0,0,0,0,2,2,0,unchanged
I00394,Technology,2024,A,A,0,0,0,0,5,5,0,unchanged
I00395,Healthcare,2024,BB,BB,0,0,0,0,3,3,0,unchanged
I00396,Industrials,2024,A,A,0,0,0,0,5,5,0,unchanged
I00397,Energy,2024,AA,AA,0,0,0,0,6,6,0,unchanged
I00398,Retail,2024,AA,A,0,1,0,1,6,5,-1,downgrade
I00399,Technology,2024,BBB,BBB,0,0,0,0,4,4,0,unchanged
I00400,Industrials,2024,BBB,BBB,0,0,0,0,4,4,0,unchanged
I00401,Utilities,2024,B,B,0,0,0,0,2,2,0,unchanged
I00403,Energy,2024,B,B,0,0,0,0,2,2,0,unchanged
I00404,Industrials,2024,B,B,0,0,0,0,2,2,0,unchanged
I00405,Retail,2024,B,B,0,0,0,0,2,2,0,unchanged
I00406,Financials,2024,B,B,0,0,0,0,2,2,0,unchanged
I00407,Energy,2024,A,A,0,0,0,0,5,5,0,unchanged
I00408,Financials,2024,A,A,0,0,0,0,5,5,0,unchanged
I00409,Technology,2024,A,A,0,0,0,0,5,5,0,unchanged
I00410,Energy,2024,CCC,D,0,0,1,1,1,0,-1,default
I00411,Retail,2024,BB,BB,0,0,0,0,3,3,0,unchanged
I00412,Industrials,2024,A,BBB,0,1,0,1,5,4,-1,downgrade
I00414,Real_Estate,2024,BB,BB,0,0,0,0,3,3,0,unchanged
I00416,Energy,2024,BBB,BBB,0,0,0,0,4,4,0,unchanged
I00419,Industrials,2024,A,A,0,0,0,0,5,5,0,unchanged
I00420,Telecom,2024,BBB,BBB,0,0,0,0,4,4,0,unchanged
I00421,Retail,2024,A,A,0,0,0,0,5,5,0,unchanged
I00422,Healthcare,2024,B,B,0,0,0,0,2,2,0,unchanged
I00424,Telecom,2024,A,A,0,0,0,0,5,5,0,unchanged
I00425,Healthcare,2024,B,B,0,0,0,0,2,2,0,unchanged
I00426,Telecom,2024,BB,BBB,1,0,0,-1,3,4,1,upgrade
I00427,Financials,2024,A,BBB,0,1,0,1,5,4,-1,downgrade
I00428,Retail,2024,AA,AA,0,0,0,0,6,6,0,unchanged
I00429,Industrials,2024,A,A,0,0,0,0,5,5,0,unchanged
I00430,Financials,2024,A,A,0,0,0,0,5,5,0,unchanged
I00432,Financials,2024,B,B,0,0,0,0,2,2,0,unchanged
I00433,Real_Estate,2024,BB,BB,0,0,0,0,3,3,0,unchanged
I00434,Consumer,2024,BB,BB,0,0,0,0,3,3,0,unchanged
I00435,Retail,2024,B,B,0,0,0,0,2,2,0,unchanged
I00440,Energy,2024,AA,AA,0,0,0,0,6,6,0,unchanged
I00441,Industrials,2024,BBB,BBB,0,0,0,0,4,4,0,unchanged
I00442,Consumer,2024,BBB,BBB,0,0,0,0,4,4,0,unchanged
I00443,Retail,2024,BB,BB,0,0,0,0,3,3,0,unchanged
I00444,Financials,2024,BB,BB,0,0,0,0,3,3,0,unchanged
I00445,Industrials,2024,A,A,0,0,0,0,5,5,0,unchanged
I00447,Retail,2024,BBB,BBB,0,0,0,0,4,4,0,unchanged
I00450,Healthcare,2024,BB,BBB,1,0,0,-1,3,4,1,upgrade
I00451,Energy,2024,AA,AA,0,0,0,0,6,6,0,unchanged
I00453,Energy,2024,BBB,BBB,0,0,0,0,4,4,0,unchanged
I00454,Financials,2024,B,B,0,0,0,0,2,2,0,unchanged
I00455,Financials,2024,BB,BB,0,0,0,0,3,3,0,unchanged
I00458,Telecom,2024,BB,BBB,1,0,0,-1,3,4,1,upgrade
I00460,Telecom,2024,AAA,AAA,0,0,0,0,7,7,0,unchanged
I00461,Energy,2024,A,A,0,0,0,0,5,5,0,unchanged
I00462,Real_Estate,2024,A,A,0,0,0,0,5,5,0,unchanged
I00463,Financials,2024,A,A,0,0,0,0,5,5,0,unchanged
I00464,Healthcare,2024,A,AA,1,0,0,-1,5,6,1,upgrade
I00465,Energy,2024,AAA,AAA,0,0,0,0,7,7,0,unchanged
I00466,Energy,2024,A,A,0,0,0,0,5,5,0,unchanged
I00467,Financials,2024,A,A,0,0,0,0,5,5,0,unchanged
I00468,Technology,2024,A,A,0,0,0,0,5,5,0,unchanged
I00469,Real_Estate,2024,AA,AA,0,0,0,0,6,6,0,unchanged
I00470,Financials,2024,BBB,BBB,0,0,0,0,4,4,0,unchanged
I00471,Energy,2024,CCC,B,1,0,0,-1,1,2,1,upgrade
I00472,Retail,2024,BB,BB,0,0,0,0,3,3,0,unchanged
I00474,Technology,2024,B,B,0,0,0,0,2,2,0,unchanged
I00475,Telecom,2024,BBB,BBB,0,0,0,0,4,4,0,unchanged
I00476,Utilities,2024,BB,BB,0,0,0,0,3,3,0,unchanged
I00477,Technology,2024,A,A,0,0,0,0,5,5,0,unchanged
I00478,Healthcare,2024,BB,BB,0,0,0,0,3,3,0,unchanged
I00479,Consumer,2024,BBB,BBB,0,0,0,0,4,4,0,unchanged
I00482,Telecom,2024,BBB,BBB,0,0,0,0,4,4,0,unchanged
I00484,Real_Estate,2024,AA,AA,0,0,0,0,6,6,0,unchanged
I00485,Consumer,2024,BB,BB,0,0,0,0,3,3,0,unchanged
I00486,Utilities,2024,BB,BB,0,0,0,0,3,3,0,unchanged
I00487,Consumer,2024,BBB,BB,0,1,0,1,4,3,-1,downgrade
I00488,Utilities,2024,BBB,BBB,0,0,0,0,4,4,0,unchanged
I00489,Industrials,2024,BBB,BBB,0,0,0,0,4,4,0,unchanged
I00490,Utilities,2024,BBB,BBB,0,0,0,0,4,4,0,unchanged
I00491,Utilities,2024,BB,BB,0,0,0,0,3,3,0,unchanged
I00492,Financials,2024,BB,BBB,1,0,0,-1,3,4,1,upgrade
I00493,Industrials,2024,BBB,BBB,0,0,0,0,4,4,0,unchanged
I00494,Utilities,2024,BB,BB,0,0,0,0,3,3,0,unchanged
I00495,Financials,2024,AA,AA,0,0,0,0,6,6,0,unchanged
I00496,Energy,2024,BBB,BBB,0,0,0,0,4,4,0,unchanged
I00498,Utilities,2024,BB,BBB,1,0,0,-1,3,4,1,upgrade
I00502,Consumer,2024,A,A,0,0,0,0,5,5,0,unchanged
I00503,Telecom,2024,BBB,BBB,0,0,0,0,4,4,0,unchanged
I00504,Retail,2024,BB,BB,0,0,0,0,3,3,0,unchanged
I00505,Financials,2024,BB,BB,0,0,0,0,3,3,0,unchanged
I00506,Utilities,2024,BBB,BBB,0,0,0,0,4,4,0,unchanged
I00507,Real_Estate,2024,B,B,0,0,0,0,2,2,0,unchanged
I00508,Industrials,2024,BBB,BBB,0,0,0,0,4,4,0,unchanged
I00509,Real_Estate,2024,BB,BB,0,0,0,0,3,3,0,unchanged
I00510,Consumer,2024,BB,BB,0,0,0,0,3,3,0,unchanged
I00512,Financials,2024,B,B,0,0,0,0,2,2,0,unchanged
I00513,Financials,2024,AA,AA,0,0,0,0,6,6,0,unchanged
I00514,Technology,2024,B,B,0,0,0,0,2,2,0,unchanged
I00515,Retail,2024,B,B,0,0,0,0,2,2,0,unchanged
I00517,Retail,2024,A,A,0,0,0,0,5,5,0,unchanged
I00518,Industrials,2024,A,A,0,0,0,0,5,5,0,unchanged
I00519,Telecom,2024,A,A,0,0,0,0,5,5,0,unchanged
I00520,Telecom,2024,BBB,BBB,0,0,0,0,4,4,0,unchanged
I00521,Telecom,2024,B,B,0,0,0,0,2,2,0,unchanged
I00522,Utilities,2024,A,A,0,0,0,0,5,5,0,unchanged
I00523,Utilities,2024,BBB,BBB,0,0,0,0,4,4,0,unchanged
I00525,Industrials,2024,CCC,CCC,0,0,0,0,1,1,0,unchanged
I00526,Utilities,2024,CCC,D,0,0,1,1,1,0,-1,default
I00527,Real_Estate,2024,BB,D,0,0,1,3,3,0,-3,default
I00528,Real_Estate,2024,A,A,0,0,0,0,5,5,0,unchanged
I00529,Telecom,2024,B,B,0,0,0,0,2,2,0,unchanged
I00531,Technology,2024,AA,AA,0,0,0,0,6,6,0,unchanged
I00532,Consumer,2024,A,A,0,0,0,0,5,5,0,unchanged
I00533,Financials,2024,B,B,0,0,0,0,2,2,0,unchanged
I00534,Utilities,2024,BBB,BBB,0,0,0,0,4,4,0,unchanged
I00535,Healthcare,2024,A,A,0,0,0,0,5,5,0,unchanged
I00536,Financials,2024,BB,BB,0,0,0,0,3,3,0,unchanged
I00538,Retail,2024,B,B,0,0,0,0,2,2,0,unchanged
I00539,Telecom,2024,BB,BB,0,0,0,0,3,3,0,unchanged
I00540,Retail,2024,AA,AA,0,0,0,0,6,6,0,unchanged
I00542,Financials,2024,AA,AAA,1,0,0,-1,6,7,1,upgrade
I00543,Energy,2024,BB,BB,0,0,0,0,3,3,0,unchanged
I00545,Utilities,2024,BBB,BBB,0,0,0,0,4,4,0,unchanged
I00547,Real_Estate,2024,BBB,BBB,0,0,0,0,4,4,0,unchanged
I00548,Real_Estate,2024,AAA,AAA,0,0,0,0,7,7,0,unchanged
I00549,Financials,2024,BB,BB,0,0,0,0,3,3,0,unchanged
I00550,Consumer,2024,A,A,0,0,0,0,5,5,0,unchanged
I00551,Real_Estate,2024,BBB,BBB,0,0,0,0,4,4,0,unchanged
I00553,Healthcare,2024,AA,AA,0,0,0,0,6,6,0,unchanged
I00554,Consumer,2024,B,B,0,0,0,0,2,2,0,unchanged
I00556,Consumer,2024,BB,BB,0,0,0,0,3,3,0,unchanged
I00557,Financials,2024,AA,AA,0,0,0,0,6,6,0,unchanged
I00559,Telecom,2024,BBB,BBB,0,0,0,0,4,4,0,unchanged
I00560,Consumer,2024,A,BBB,0,1,0,1,5,4,-1,downgrade
I00561,Financials,2024,A,A,0,0,0,0,5,5,0,unchanged
I00562,Financials,2024,B,B,0,0,0,0,2,2,0,unchanged
I00563,Telecom,2024,BB,BB,0,0,0,0,3,3,0,unchanged
I00564,Telecom,2024,BBB,BBB,0,0,0,0,4,4,0,unchanged
I00565,Technology,2024,BB,BB,0,0,0,0,3,3,0,unchanged
I00566,Healthcare,2024,A,A,0,0,0,0,5,5,0,unchanged
I00567,Industrials,2024,BB,BB,0,0,0,0,3,3,0,unchanged
I00568,Consumer,2024,A,A,0,0,0,0,5,5,0,unchanged
I00569,Healthcare,2024,AA,AA,0,0,0,0,6,6,0,unchanged
I00571,Real_Estate,2024,AA,AA,0,0,0,0,6,6,0,unchanged
I00572,Energy,2024,BBB,BBB,0,0,0,0,4,4,0,unchanged
I00573,Industrials,2024,A,A,0,0,0,0,5,5,0,unchanged
I00574,Industrials,2024,BBB,BBB,0,0,0,0,4,4,0,unchanged
I00575,Retail,2024,BB,BB,0,0,0,0,3,3,0,unchanged
I00576,Industrials,2024,BB,BB,0,0,0,0,3,3,0,unchanged
I00577,Industrials,2024,B,D,0,0,1,2,2,0,-2,default
I00579,Energy,2024,A,A,0,0,0,0,5,5,0,unchanged
I00580,Industrials,2024,A,A,0,0,0,0,5,5,0,unchanged
I00581,Retail,2024,B,BB,1,0,0,-1,2,3,1,upgrade
I00582,Healthcare,2024,BBB,BBB,0,0,0,0,4,4,0,unchanged
I00583,Financials,2024,B,BB,1,0,0,-1,2,3,1,upgrade
I00584,Retail,2024,BBB,BBB,0,0,0,0,4,4,0,unchanged
I00585,Utilities,2024,A,A,0,0,0,0,5,5,0,unchanged
I00586,Healthcare,2024,AA,AA,0,0,0,0,6,6,0,unchanged
I00587,Consumer,2024,B,B,0,0,0,0,2,2,0,unchanged
I00588,Financials,2024,A,A,0,0,0,0,5,5,0,unchanged
I00589,Technology,2024,BB,BB,0,0,0,0,3,3,0,unchanged
I00590,Healthcare,2024,AA,AA,0,0,0,0,6,6,0,unchanged
I00591,Real_Estate,2024,AAA,AAA,0,0,0,0,7,7,0,unchanged
I00592,Healthcare,2024,AA,AA,0,0,0,0,6,6,0,unchanged
I00593,Energy,2024,A,A,0,0,0,0,5,5,0,unchanged
I00594,Healthcare,2024,BBB,BBB,0,0,0,0,4,4,0,unchanged
I00595,Utilities,2024,BB,BB,0,0,0,0,3,3,0,unchanged
I00596,Real_Estate,2024,A,A,0,0,0,0,5,5,0,unchanged
I00597,Utilities,2024,A,A,0,0,0,0,5,5,0,unchanged
I00598,Healthcare,2024,A,A,0,0,0,0,5,5,0,unchanged
I00599,Healthcare,2024,A,A,0,0,0,0,5,5,0,unchanged
I00600,Energy,2024,BBB,BBB,0,0,0,0,4,4,0,unchanged
I00601,Utilities,2024,BBB,BBB,0,0,0,0,4,4,0,unchanged
I00602,Consumer,2024,AA,AA,0,0,0,0,6,6,0,unchanged
I00603,Financials,2024,A,A,0,0,0,0,5,5,0,unchanged
I00605,Telecom,2024,A,A,0,0,0,0,5,5,0,unchanged
I00606,Real_Estate,2024,B,B,0,0,0,0,2,2,0,unchanged
I00607,Retail,2024,B,B,0,0,0,0,2,2,0,unchanged
I00608,Industrials,2024,BBB,BBB,0,0,0,0,4,4,0,unchanged
I00609,Utilities,2024,AAA,AA,0,1,0,1,7,6,-1,downgrade
I00610,Utilities,2024,BBB,BBB,0,0,0,0,4,4,0,unchanged
I00611,Consumer,2024,B,B,0,0,0,0,2,2,0,unchanged
I00612,Technology,2024,A,A,0,0,0,0,5,5,0,unchanged
I00613,Technology,2024,BB,BB,0,0,0,0,3,3,0,unchanged
I00614,Industrials,2024,BB,BB,0,0,0,0,3,3,0,unchanged
I00616,Telecom,2024,BBB,BBB,0,0,0,0,4,4,0,unchanged
I00618,Retail,2024,B,B,0,0,0,0,2,2,0,unchanged
I00619,Utilities,2024,BBB,BBB,0,0,0,0,4,4,0,unchanged
I00620,Healthcare,2024,A,A,0,0,0,0,5,5,0,unchanged
I00621,Technology,2024,BBB,BBB,0,0,0,0,4,4,0,unchanged
I00622,Retail,2024,CCC,CCC,0,0,0,0,1,1,0,unchanged
I00626,Utilities,2024,B,B,0,0,0,0,2,2,0,unchanged
I00627,Technology,2024,AA,AA,0,0,0,0,6,6,0,unchanged
I00628,Telecom,2024,BBB,BBB,0,0,0,0,4,4,0,unchanged
I00629,Industrials,2024,AA,AA,0,0,0,0,6,6,0,unchanged
I00630,Energy,2024,A,A,0,0,0,0,5,5,0,unchanged
I00631,Utilities,2024,BB,B,0,1,0,1,3,2,-1,downgrade
I00632,Industrials,2024,AA,AA,0,0,0,0,6,6,0,unchanged
I00633,Retail,2024,A,A,0,0,0,0,5,5,0,unchanged
I00635,Consumer,2024,B,B,0,0,0,0,2,2,0,unchanged
I00636,Consumer,2024,B,B,0,0,0,0,2,2,0,unchanged
I00637,Consumer,2024,A,A,0,0,0,0,5,5,0,unchanged
I00638,Technology,2024,BBB,BBB,0,0,0,0,4,4,0,unchanged
I00639,Telecom,2024,BB,BB,0,0,0,0,3,3,0,unchanged
I00640,Telecom,2024,BBB,BBB,0,0,0,0,4,4,0,unchanged
I00641,Consumer,2024,A,A,0,0,0,0,5,5,0,unchanged
I00642,Industrials,2024,A,A,0,0,0,0,5,5,0,unchanged
I00643,Industrials,2024,AA,AA,0,0,0,0,6,6,0,unchanged
I00644,Utilities,2024,A,BBB,0,1,0,1,5,4,-1,downgrade
I00646,Industrials,2024,BBB,BBB,0,0,0,0,4,4,0,unchanged
I00647,Real_Estate,2024,BB,BB,0,0,0,0,3,3,0,unchanged
I00648,Financials,2024,A,A,0,0,0,0,5,5,0,unchanged
I00649,Energy,2024,BB,BB,0,0,0,0,3,3,0,unchanged
I00650,Utilities,2024,B,D,0,0,1,2,2,0,-2,default
I00651,Utilities,2024,AA,AA,0,0,0,0,6,6,0,unchanged
I00652,Technology,2024,BBB,BBB,0,0,0,0,4,4,0,unchanged
I00653,Telecom,2024,BB,BB,0,0,0,0,3,3,0,unchanged
I00655,Healthcare,2024,BBB,BBB,0,0,0,0,4,4,0,unchanged
I00656,Financials,2024,BBB,BBB,0,0,0,0,4,4,0,unchanged
I00658,Telecom,2024,BB,BB,0,0,0,0,3,3,0,unchanged
I00659,Telecom,2024,BBB,BBB,0,0,0,0,4,4,0,unchanged
I00660,Industrials,2024,B,BB,1,0,0,-1,2,3,1,upgrade
I00661,Healthcare,2024,BBB,BBB,0,0,0,0,4,4,0,unchanged
I00662,Real_Estate,2024,B,B,0,0,0,0,2,2,0,unchanged
I00663,Technology,2024,A,A,0,0,0,0,5,5,0,unchanged
I00664,Healthcare,2024,A,A,0,0,0,0,5,5,0,unchanged
I00665,Financials,2024,BBB,BBB,0,0,0,0,4,4,0,unchanged
I00666,Telecom,2024,B,B,0,0,0,0,2,2,0,unchanged
I00667,Healthcare,2024,BBB,BBB,0,0,0,0,4,4,0,unchanged
I00668,Retail,2024,A,A,0,0,0,0,5,5,0,unchanged
I00669,Real_Estate,2024,A,A,0,0,0,0,5,5,0,unchanged
I00670,Healthcare,2024,A,B,0,1,0,3,5,2,-3,downgrade
I00671,Retail,2024,A,A,0,0,0,0,5,5,0,unchanged
I00672,Retail,2024,CCC,CCC,0,0,0,0,1,1,0,unchanged
I00673,Healthcare,2024,A,A,0,0,0,0,5,5,0,unchanged
I00675,Telecom,2024,BB,BB,0,0,0,0,3,3,0,unchanged
I00677,Healthcare,2024,BBB,BBB,0,0,0,0,4,4,0,unchanged
I00678,Real_Estate,2024,BBB,BBB,0,0,0,0,4,4,0,unchanged
I00679,Consumer,2024,CCC,CCC,0,0,0,0,1,1,0,unchanged
I00680,Healthcare,2024,BBB,BBB,0,0,0,0,4,4,0,unchanged
I00681,Energy,2024,BBB,BBB,0,0,0,0,4,4,0,unchanged
I00682,Industrials,2024,B,B,0,0,0,0,2,2,0,unchanged
I00683,Utilities,2024,BBB,BBB,0,0,0,0,4,4,0,unchanged
I00684,Real_Estate,2024,A,A,0,0,0,0,5,5,0,unchanged
I00685,Real_Estate,2024,BBB,BBB,0,0,0,0,4,4,0,unchanged
I00686,Utilities,2024,B,D,0,0,1,2,2,0,-2,default
I00687,Telecom,2024,AA,AA,0,0,0,0,6,6,0,unchanged
I00691,Healthcare,2024,BBB,BBB,0,0,0,0,4,4,0,unchanged
I00692,Retail,2024,A,A,0,0,0,0,5,5,0,unchanged
I00693,Financials,2024,A,A,0,0,0,0,5,5,0,unchanged
I00694,Financials,2024,BBB,BBB,0,0,0,0,4,4,0,unchanged
I00695,Real_Estate,2024,BBB,B,0,1,0,2,4,2,-2,downgrade
I00696,Healthcare,2024,AA,AA,0,0,0,0,6,6,0,unchanged
I00697,Financials,2024,A,A,0,0,0,0,5,5,0,unchanged
I00699,Energy,2024,B,D,0,0,1,2,2,0,-2,default
I00700,Real_Estate,2024,A,A,0,0,0,0,5,5,0,unchanged
I00701,Technology,2024,A,A,0,0,0,0,5,5,0,unchanged
I00702,Telecom,2024,A,BBB,0,1,0,1,5,4,-1,downgrade
I00703,Healthcare,2024,A,A,0,0,0,0,5,5,0,unchanged
I00704,Technology,2024,A,CCC,0,1,0,4,5,1,-4,downgrade
I00705,Retail,2024,BBB,BBB,0,0,0,0,4,4,0,unchanged
I00706,Industrials,2024,B,B,0,0,0,0,2,2,0,unchanged
I00707,Financials,2024,BBB,A,1,0,0,-1,4,5,1,upgrade
I00708,Financials,2024,A,A,0,0,0,0,5,5,0,unchanged
I00709,Consumer,2024,BB,BB,0,0,0,0,3,3,0,unchanged
I00710,Financials,2024,A,A,0,0,0,0,5,5,0,unchanged
I00711,Telecom,2024,BBB,BBB,0,0,0,0,4,4,0,unchanged
I00712,Retail,2024,BB,BB,0,0,0,0,3,3,0,unchanged
I00714,Technology,2024,A,A,0,0,0,0,5,5,0,unchanged
I00715,Healthcare,2024,BBB,BBB,0,0,0,0,4,4,0,unchanged
I00716,Energy,2024,BB,BB,0,0,0,0,3,3,0,unchanged
I00717,Technology,2024,BBB,BBB,0,0,0,0,4,4,0,unchanged
I00718,Retail,2024,A,A,0,0,0,0,5,5,0,unchanged
I00719,Consumer,2024,A,A,0,0,0,0,5,5,0,unchanged
I00720,Telecom,2024,A,A,0,0,0,0,5,5,0,unchanged
I00722,Financials,2024,B,B,0,0,0,0,2,2,0,unchanged
I00725,Healthcare,2024,BBB,A,1,0,0,-1,4,5,1,upgrade
I00726,Healthcare,2024,BBB,BBB,0,0,0,0,4,4,0,unchanged
I00727,Consumer,2024,BB,BB,0,0,0,0,3,3,0,unchanged
I00728,Energy,2024,BBB,BBB,0,0,0,0,4,4,0,unchanged
I00729,Telecom,2024,BBB,BBB,0,0,0,0,4,4,0,unchanged
I00731,Utilities,2024,BBB,BBB,0,0,0,0,4,4,0,unchanged
I00732,Consumer,2024,BBB,AA,1,0,0,-2,4,6,2,upgrade
I00733,Energy,2024,BBB,BBB,0,0,0,0,4,4,0,unchanged
I00735,Real_Estate,2024,BB,BB,0,0,0,0,3,3,0,unchanged
I00736,Healthcare,2024,BB,BB,0,0,0,0,3,3,0,unchanged
I00738,Healthcare,2024,BB,BB,0,0,0,0,3,3,0,unchanged
I00739,Telecom,2024,B,B,0,0,0,0,2,2,0,unchanged
I00740,Healthcare,2024,B,B,0,0,0,0,2,2,0,unchanged
I00741,Industrials,2024,BBB,BBB,0,0,0,0,4,4,0,unchanged
I00742,Consumer,2024,BBB,BBB,0,0,0,0,4,4,0,unchanged
I00745,Energy,2024,BB,BB,0,0,0,0,3,3,0,unchanged
I00746,Financials,2024,B,D,0,0,1,2,2,0,-2,default
I00747,Energy,2024,B,B,0,0,0,0,2,2,0,unchanged
I00748,Utilities,2024,B,B,0,0,0,0,2,2,0,unchanged
I00749,Telecom,2024,CCC,CCC,0,0,0,0,1,1,0,unchanged
I00750,Technology,2024,AA,AA,0,0,0,0,6,6,0,unchanged
I00751,Real_Estate,2024,A,A,0,0,0,0,5,5,0,unchanged
I00752,Retail,2024,BBB,BBB,0,0,0,0,4,4,0,unchanged
I00753,Industrials,2024,A,A,0,0,0,0,5,5,0,unchanged
I00754,Real_Estate,2024,A,A,0,0,0,0,5,5,0,unchanged
I00755,Retail,2024,A,A,0,0,0,0,5,5,0,unchanged
I00756,Financials,2024,B,B,0,0,0,0,2,2,0,unchanged
I00757,Industrials,2024,B,BB,1,0,0,-1,2,3,1,upgrade
I00758,Consumer,2024,B,B,0,0,0,0,2,2,0,unchanged
I00761,Telecom,2024,BBB,BBB,0,0,0,0,4,4,0,unchanged
I00762,Retail,2024,BB,BB,0,0,0,0,3,3,0,unchanged
I00763,Utilities,2024,BBB,BBB,0,0,0,0,4,4,0,unchanged
I00764,Technology,2024,BBB,BBB,0,0,0,0,4,4,0,unchanged
I00765,Industrials,2024,AA,AA,0,0,0,0,6,6,0,unchanged
I00766,Industrials,2024,A,A,0,0,0,0,5,5,0,unchanged
I00767,Telecom,2024,B,B,0,0,0,0,2,2,0,unchanged
I00768,Energy,2024,BBB,BBB,0,0,0,0,4,4,0,unchanged
I00769,Retail,2024,B,B,0,0,0,0,2,2,0,unchanged
I00770,Retail,2024,A,A,0,0,0,0,5,5,0,unchanged
I00771,Financials,2024,A,A,0,0,0,0,5,5,0,unchanged
I00772,Technology,2024,A,A,0,0,0,0,5,5,0,unchanged
I00773,Industrials,2024,AA,AA,0,0,0,0,6,6,0,unchanged
I00774,Financials,2024,A,A,0,0,0,0,5,5,0,unchanged
I00775,Financials,2024,BB,BB,0,0,0,0,3,3,0,unchanged
I00776,Consumer,2024,A,A,0,0,0,0,5,5,0,unchanged
I00777,Utilities,2024,B,B,0,0,0,0,2,2,0,unchanged
I00778,Financials,2024,BBB,BB,0,1,0,1,4,3,-1,downgrade
I00779,Financials,2024,A,A,0,0,0,0,5,5,0,unchanged
I00780,Consumer,2024,AA,AA,0,0,0,0,6,6,0,unchanged
I00781,Industrials,2024,B,B,0,0,0,0,2,2,0,unchanged
I00782,Telecom,2024,BBB,BBB,0,0,0,0,4,4,0,unchanged
I00783,Utilities,2024,B,B,0,0,0,0,2,2,0,unchanged
I00784,Financials,2024,CCC,CCC,0,0,0,0,1,1,0,unchanged
I00785,Consumer,2024,B,B,0,0,0,0,2,2,0,unchanged
I00786,Healthcare,2024,AAA,AAA,0,0,0,0,7,7,0,unchanged
I00787,Industrials,2024,A,A,0,0,0,0,5,5,0,unchanged
I00789,Utilities,2024,A,A,0,0,0,0,5,5,0,unchanged
I00790,Retail,2024,B,B,0,0,0,0,2,2,0,unchanged
I00791,Energy,2024,BB,BB,0,0,0,0,3,3,0,unchanged
I00792,Real_Estate,2024,A,A,0,0,0,0,5,5,0,unchanged
I00793,Consumer,2024,A,A,0,0,0,0,5,5,0,unchanged
I00794,Energy,2024,B,D,0,0,1,2,2,0,-2,default
I00795,Consumer,2024,A,A,0,0,0,0,5,5,0,unchanged
I00797,Telecom,2024,B,B,0,0,0,0,2,2,0,unchanged
I00798,Consumer,2024,BBB,A,1,0,0,-1,4,5,1,upgrade
I00799,Industrials,2024,A,A,0,0,0,0,5,5,0,unchanged
I00800,Real_Estate,2024,CCC,D,0,0,1,1,1,0,-1,default
I00801,Telecom,2024,A,A,0,0,0,0,5,5,0,unchanged
I00802,Industrials,2024,BBB,BBB,0,0,0,0,4,4,0,unchanged
I00803,Retail,2024,A,A,0,0,0,0,5,5,0,unchanged
I00804,Healthcare,2024,A,A,0,0,0,0,5,5,0,unchanged
I00807,Consumer,2024,BB,BB,0,0,0,0,3,3,0,unchanged
I00808,Energy,2024,A,BBB,0,1,0,1,5,4,-1,downgrade
I00809,Healthcare,2024,A,A,0,0,0,0,5,5,0,unchanged
I00811,Telecom,2024,BBB,BBB,0,0,0,0,4,4,0,unchanged
I00812,Utilities,2024,A,A,0,0,0,0,5,5,0,unchanged
I00813,Real_Estate,2024,A,A,0,0,0,0,5,5,0,unchanged
I00814,Financials,2024,BBB,BBB,0,0,0,0,4,4,0,unchanged
I00818,Real_Estate,2024,BB,BB,0,0,0,0,3,3,0,unchanged
I00819,Real_Estate,2024,BBB,BBB,0,0,0,0,4,4,0,unchanged
I00820,Real_Estate,2024,BB,BB,0,0,0,0,3,3,0,unchanged
I00821,Consumer,2024,BBB,BB,0,1,0,1,4,3,-1,downgrade
I00822,Consumer,2024,A,A,0,0,0,0,5,5,0,unchanged
I00824,Consumer,2024,BB,BB,0,0,0,0,3,3,0,unchanged
I00826,Energy,2024,AA,AA,0,0,0,0,6,6,0,unchanged
I00828,Consumer,2024,A,A,0,0,0,0,5,5,0,unchanged
I00830,Financials,2024,B,B,0,0,0,0,2,2,0,unchanged
I00831,Consumer,2024,BBB,BBB,0,0,0,0,4,4,0,unchanged
I00832,Telecom,2024,BBB,BBB,0,0,0,0,4,4,0,unchanged
I00833,Real_Estate,2024,A,A,0,0,0,0,5,5,0,unchanged
I00834,Industrials,2024,AAA,AAA,0,0,0,0,7,7,0,unchanged
I00835,Telecom,2024,AA,AA,0,0,0,0,6,6,0,unchanged
I00836,Financials,2024,A,A,0,0,0,0,5,5,0,unchanged
I00837,Utilities,2024,BB,BB,0,0,0,0,3,3,0,unchanged
I00838,Financials,2024,A,A,0,0,0,0,5,5,0,unchanged
I00839,Energy,2024,A,A,0,0,0,0,5,5,0,unchanged
I00840,Industrials,2024,B,B,0,0,0,0,2,2,0,unchanged
I00841,Industrials,2024,B,B,0,0,0,0,2,2,0,unchanged
I00842,Retail,2024,AAA,AAA,0,0,0,0,7,7,0,unchanged
I00843,Industrials,2024,A,A,0,0,0,0,5,5,0,unchanged
I00844,Utilities,2024,B,B,0,0,0,0,2,2,0,unchanged
I00845,Industrials,2024,A,A,0,0,0,0,5,5,0,unchanged
I00847,Financials,2024,B,B,0,0,0,0,2,2,0,unchanged
I00850,Utilities,2024,BB,BB,0,0,0,0,3,3,0,unchanged
I00851,Industrials,2024,BBB,BBB,0,0,0,0,4,4,0,unchanged
I00853,Retail,2024,AA,AA,0,0,0,0,6,6,0,unchanged
I00854,Financials,2024,BB,BB,0,0,0,0,3,3,0,unchanged
I00855,Financials,2024,BBB,A,1,0,0,-1,4,5,1,upgrade
I00856,Technology,2024,B,CCC,0,1,0,1,2,1,-1,downgrade
I00857,Consumer,2024,A,BBB,0,1,0,1,5,4,-1,downgrade
I00858,Consumer,2024,BB,BB,0,0,0,0,3,3,0,unchanged
I00859,Technology,2024,BBB,BBB,0,0,0,0,4,4,0,unchanged
I00860,Real_Estate,2024,B,B,0,0,0,0,2,2,0,unchanged
I00863,Technology,2024,A,A,0,0,0,0,5,5,0,unchanged
I00864,Real_Estate,2024,BBB,BBB,0,0,0,0,4,4,0,unchanged
I00865,Consumer,2024,A,A,0,0,0,0,5,5,0,unchanged
I00866,Utilities,2024,A,A,0,0,0,0,5,5,0,unchanged
I00867,Energy,2024,BBB,BBB,0,0,0,0,4,4,0,unchanged
I00868,Retail,2024,AA,AA,0,0,0,0,6,6,0,unchanged
I00870,Energy,2024,CCC,CCC,0,0,0,0,1,1,0,unchanged
I00871,Real_Estate,2024,BBB,AA,1,0,0,-2,4,6,2,upgrade
I00873,Financials,2024,A,A,0,0,0,0,5,5,0,unchanged
I00874,Financials,2024,B,B,0,0,0,0,2,2,0,unchanged
I00875,Industrials,2024,A,A,0,0,0,0,5,5,0,unchanged
I00876,Energy,2024,B,BB,1,0,0,-1,2,3,1,upgrade
I00877,Real_Estate,2024,B,B,0,0,0,0,2,2,0,unchanged
I00878,Financials,2024,A,A,0,0,0,0,5,5,0,unchanged
I00879,Industrials,2024,A,A,0,0,0,0,5,5,0,unchanged
I00880,Retail,2024,A,BBB,0,1,0,1,5,4,-1,downgrade
I00881,Energy,2024,BB,BBB,1,0,0,-1,3,4,1,upgrade
I00883,Real_Estate,2024,B,B,0,0,0,0,2,2,0,unchanged
I00884,Telecom,2024,AA,AA,0,0,0,0,6,6,0,unchanged
I00885,Technology,2024,A,A,0,0,0,0,5,5,0,unchanged
I00887,Technology,2024,A,A,0,0,0,0,5,5,0,unchanged
I00888,Technology,2024,BBB,BBB,0,0,0,0,4,4,0,unchanged
I00889,Retail,2024,A,A,0,0,0,0,5,5,0,unchanged
I00890,Energy,2024,A,A,0,0,0,0,5,5,0,unchanged
I00891,Industrials,2024,B,B,0,0,0,0,2,2,0,unchanged
I00892,Energy,2024,BBB,BBB,0,0,0,0,4,4,0,unchanged
I00893,Real_Estate,2024,BB,BB,0,0,0,0,3,3,0,unchanged
I00894,Energy,2024,A,A,0,0,0,0,5,5,0,unchanged
I00895,Real_Estate,2024,B,BB,1,0,0,-1,2,3,1,upgrade
I00896,Telecom,2024,B,B,0,0,0,0,2,2,0,unchanged
I00897,Real_Estate,2024,AA,AA,0,0,0,0,6,6,0,unchanged
I00898,Retail,2024,BBB,BBB,0,0,0,0,4,4,0,unchanged
I00899,Telecom,2024,B,B,0,0,0,0,2,2,0,unchanged
I00900,Industrials,2024,B,B,0,0,0,0,2,2,0,unchanged
I00902,Healthcare,2024,BBB,BBB,0,0,0,0,4,4,0,unchanged
I00903,Consumer,2024,A,A,0,0,0,0,5,5,0,unchanged
I00906,Financials,2024,B,BB,1,0,0,-1,2,3,1,upgrade
I00907,Healthcare,2024,BBB,BBB,0,0,0,0,4,4,0,unchanged
I00908,Financials,2024,A,A,0,0,0,0,5,5,0,unchanged
I00909,Telecom,2024,BB,BB,0,0,0,0,3,3,0,unchanged
I00910,Energy,2024,B,B,0,0,0,0,2,2,0,unchanged
I00911,Retail,2024,AA,AA,0,0,0,0,6,6,0,unchanged
I00912,Real_Estate,2024,A,A,0,0,0,0,5,5,0,unchanged
I00913,Industrials,2024,BB,BB,0,0,0,0,3,3,0,unchanged
I00914,Telecom,2024,B,BB,1,0,0,-1,2,3,1,upgrade
I00915,Technology,2024,AA,AA,0,0,0,0,6,6,0,unchanged
I00916,Energy,2024,A,A,0,0,0,0,5,5,0,unchanged
I00917,Industrials,2024,A,BBB,0,1,0,1,5,4,-1,downgrade
I00918,Energy,2024,BBB,BBB,0,0,0,0,4,4,0,unchanged
I00920,Energy,2024,BB,BB,0,0,0,0,3,3,0,unchanged
I00921,Financials,2024,A,B,0,1,0,3,5,2,-3,downgrade
I00922,Telecom,2024,A,A,0,0,0,0,5,5,0,unchanged
I00923,Consumer,2024,B,B,0,0,0,0,2,2,0,unchanged
I00924,Healthcare,2024,BBB,BBB,0,0,0,0,4,4,0,unchanged
I00925,Utilities,2024,AA,AA,0,0,0,0,6,6,0,unchanged
I00926,Utilities,2024,BBB,BBB,0,0,0,0,4,4,0,unchanged
I00927,Energy,2024,BBB,BBB,0,0,0,0,4,4,0,unchanged
I00928,Consumer,2024,B,B,0,0,0,0,2,2,0,unchanged
I00929,Industrials,2024,B,B,0,0,0,0,2,2,0,unchanged
I00930,Real_Estate,2024,A,A,0,0,0,0,5,5,0,unchanged
I00931,Technology,2024,B,B,0,0,0,0,2,2,0,unchanged
I00932,Real_Estate,2024,AA,AA,0,0,0,0,6,6,0,unchanged
I00933,Telecom,2024,BBB,BBB,0,0,0,0,4,4,0,unchanged
I00934,Telecom,2024,A,A,0,0,0,0,5,5,0,unchanged
I00935,Technology,2024,B,B,0,0,0,0,2,2,0,unchanged
I00936,Energy,2024,BB,BB,0,0,0,0,3,3,0,unchanged
I00937,Industrials,2024,BBB,BBB,0,0,0,0,4,4,0,unchanged
I00938,Telecom,2024,B,B,0,0,0,0,2,2,0,unchanged
I00939,Technology,2024,A,A,0,0,0,0,5,5,0,unchanged
I00940,Financials,2024,A,A,0,0,0,0,5,5,0,unchanged
I00942,Technology,2024,B,B,0,0,0,0,2,2,0,unchanged
I00943,Real_Estate,2024,BB,BB,0,0,0,0,3,3,0,unchanged
I00944,Healthcare,2024,B,B,0,0,0,0,2,2,0,unchanged
I00945,Industrials,2024,A,A,0,0,0,0,5,5,0,unchanged
I00946,Utilities,2024,BBB,BBB,0,0,0,0,4,4,0,unchanged
I00947,Telecom,2024,BB,BB,0,0,0,0,3,3,0,unchanged
I00948,Technology,2024,BB,D,0,0,1,3,3,0,-3,default
I00949,Financials,2024,BB,BB,0,0,0,0,3,3,0,unchanged
I00950,Telecom,2024,B,B,0,0,0,0,2,2,0,unchanged
I00951,Real_Estate,2024,A,A,0,0,0,0,5,5,0,unchanged
I00952,Technology,2024,BBB,BBB,0,0,0,0,4,4,0,unchanged
I00954,Healthcare,2024,AA,AA,0,0,0,0,6,6,0,unchanged
I00955,Real_Estate,2024,BBB,BBB,0,0,0,0,4,4,0,unchanged
I00956,Consumer,2024,BB,BB,0,0,0,0,3,3,0,unchanged
I00957,Healthcare,2024,A,A,0,0,0,0,5,5,0,unchanged
I00958,Healthcare,2024,A,BB,0,1,0,2,5,3,-2,downgrade
I00959,Utilities,2024,AA,AA,0,0,0,0,6,6,0,unchanged
I00960,Industrials,2024,B,B,0,0,0,0,2,2,0,unchanged
I00961,Telecom,2024,BBB,BBB,0,0,0,0,4,4,0,unchanged
I00962,Healthcare,2024,AA,AA,0,0,0,0,6,6,0,unchanged
I00963,Utilities,2024,BBB,D,0,0,1,4,4,0,-4,default
I00964,Financials,2024,BBB,BBB,0,0,0,0,4,4,0,unchanged
I00965,Consumer,2024,BBB,BBB,0,0,0,0,4,4,0,unchanged
I00966,Healthcare,2024,CCC,CCC,0,0,0,0,1,1,0,unchanged
I00967,Retail,2024,CCC,D,0,0,1,1,1,0,-1,default
I00968,Healthcare,2024,BBB,BBB,0,0,0,0,4,4,0,unchanged
I00970,Real_Estate,2024,A,A,0,0,0,0,5,5,0,unchanged
I00972,Utilities,2024,B,B,0,0,0,0,2,2,0,unchanged
I00973,Energy,2024,AA,AA,0,0,0,0,6,6,0,unchanged
I00974,Healthcare,2024,BBB,BBB,0,0,0,0,4,4,0,unchanged
I00975,Real_Estate,2024,BBB,BBB,0,0,0,0,4,4,0,unchanged
I00976,Consumer,2024,CCC,D,0,0,1,1,1,0,-1,default
I00977,Industrials,2024,AA,AA,0,0,0,0,6,6,0,unchanged
I00978,Utilities,2024,A,A,0,0,0,0,5,5,0,unchanged
I00979,Retail,2024,CCC,D,0,0,1,1,1,0,-1,default
I00980,Financials,2024,AA,AA,0,0,0,0,6,6,0,unchanged
I00981,Financials,2024,CCC,D,0,0,1,1,1,0,-1,default
I00982,Telecom,2024,BBB,BBB,0,0,0,0,4,4,0,unchanged
I00983,Industrials,2024,A,A,0,0,0,0,5,5,0,unchanged
I00984,Consumer,2024,AA,AA,0,0,0,0,6,6,0,unchanged
I00985,Energy,2024,A,A,0,0,0,0,5,5,0,unchanged
I00986,Industrials,2024,BBB,BBB,0,0,0,0,4,4,0,unchanged
I00987,Healthcare,2024,BB,A,1,0,0,-2,3,5,2,upgrade
I00988,Real_Estate,2024,BB,BB,0,0,0,0,3,3,0,unchanged
I00990,Energy,2024,AA,AA,0,0,0,0,6,6,0,unchanged
I00993,Retail,2024,BBB,BBB,0,0,0,0,4,4,0,unchanged
I00996,Real_Estate,2024,B,B,0,0,0,0,2,2,0,unchanged
I00997,Energy,2024,AAA,AAA,0,0,0,0,7,7,0,unchanged
I00998,Healthcare,2024,A,A,0,0,0,0,5,5,0,unchanged
I01000,Retail,2024,B,B,0,0,0,0,2,2,0,unchanged
I01001,Telecom,2024,BB,BB,0,0,0,0,3,3,0,unchanged
I01004,Financials,2024,A,A,0,0,0,0,5,5,0,unchanged
I01008,Retail,2024,B,B,0,0,0,0,2,2,0,unchanged
I01009,Consumer,2024,A,A,0,0,0,0,5,5,0,unchanged
I01010,Energy,2024,A,A,0,0,0,0,5,5,0,unchanged
I01011,Energy,2024,A,A,0,0,0,0,5,5,0,unchanged
I01013,Technology,2024,A,A,0,0,0,0,5,5,0,unchanged
I01014,Healthcare,2024,A,AA,1,0,0,-1,5,6,1,upgrade
I01015,Energy,2024,BB,BB,0,0,0,0,3,3,0,unchanged
I01016,Consumer,2024,AA,AA,0,0,0,0,6,6,0,unchanged
I01017,Retail,2024,BBB,BBB,0,0,0,0,4,4,0,unchanged
I01018,Healthcare,2024,AA,AA,0,0,0,0,6,6,0,unchanged
I01020,Financials,2024,A,A,0,0,0,0,5,5,0,unchanged
I01021,Utilities,2024,AA,AA,0,0,0,0,6,6,0,unchanged
I01023,Healthcare,2024,B,D,0,0,1,2,2,0,-2,default
I01024,Technology,2024,A,A,0,0,0,0,5,5,0,unchanged
I01025,Utilities,2024,B,B,0,0,0,0,2,2,0,unchanged
I01027,Real_Estate,2024,AA,AA,0,0,0,0,6,6,0,unchanged
I01029,Utilities,2024,A,A,0,0,0,0,5,5,0,unchanged
I01030,Technology,2024,B,D,0,0,1,2,2,0,-2,default
I01032,Financials,2024,BBB,BBB,0,0,0,0,4,4,0,unchanged
I01034,Energy,2024,BB,BB,0,0,0,0,3,3,0,unchanged
I01035,Technology,2024,B,B,0,0,0,0,2,2,0,unchanged
I01036,Telecom,2024,BB,BB,0,0,0,0,3,3,0,unchanged
I01038,Real_Estate,2024,BBB,BBB,0,0,0,0,4,4,0,unchanged
I01039,Energy,2024,BBB,BBB,0,0,0,0,4,4,0,unchanged
I01040,Telecom,2024,AAA,AAA,0,0,0,0,7,7,0,unchanged
I01041,Telecom,2024,A,A,0,0,0,0,5,5,0,unchanged
I01042,Utilities,2024,A,BBB,0,1,0,1,5,4,-1,downgrade
I01043,Retail,2024,BBB,BBB,0,0,0,0,4,4,0,unchanged
I01044,Telecom,2024,A,A,0,0,0,0,5,5,0,unchanged
I01047,Consumer,2024,A,A,0,0,0,0,5,5,0,unchanged
I01048,Retail,2024,B,B,0,0,0,0,2,2,0,unchanged
I01049,Retail,2024,A,A,0,0,0,0,5,5,0,unchanged
I01050,Utilities,2024,A,BB,0,1,0,2,5,3,-2,downgrade
I01051,Retail,2024,BB,BB,0,0,0,0,3,3,0,unchanged
I01053,Retail,2024,BBB,BBB,0,0,0,0,4,4,0,unchanged
I01054,Energy,2024,AA,AA,0,0,0,0,6,6,0,unchanged
I01055,Energy,2024,AA,AA,0,0,0,0,6,6,0,unchanged
I01056,Telecom,2024,BB,BB,0,0,0,0,3,3,0,unchanged
I01057,Energy,2024,B,B,0,0,0,0,2,2,0,unchanged
I01058,Retail,2024,B,B,0,0,0,0,2,2,0,unchanged
I01059,Retail,2024,BBB,BBB,0,0,0,0,4,4,0,unchanged
I01060,Financials,2024,B,B,0,0,0,0,2,2,0,unchanged
I01061,Industrials,2024,BBB,BBB,0,0,0,0,4,4,0,unchanged
I01062,Energy,2024,BBB,BBB,0,0,0,0,4,4,0,unchanged
I01063,Consumer,2024,B,B,0,0,0,0,2,2,0,unchanged
I01066,Consumer,2024,A,BB,0,1,0,2,5,3,-2,downgrade
I01067,Healthcare,2024,BBB,BB,0,1,0,1,4,3,-1,downgrade
I01069,Telecom,2024,A,A,0,0,0,0,5,5,0,unchanged
I01070,Telecom,2024,A,A,0,0,0,0,5,5,0,unchanged
I01071,Retail,2024,A,A,0,0,0,0,5,5,0,unchanged
I01072,Technology,2024,BBB,BBB,0,0,0,0,4,4,0,unchanged
I01073,Real_Estate,2024,BBB,BBB,0,0,0,0,4,4,0,unchanged
I01074,Industrials,2024,AA,AA,0,0,0,0,6,6,0,unchanged
I01075,Energy,2024,B,B,0,0,0,0,2,2,0,unchanged
I01076,Industrials,2024,BB,BB,0,0,0,0,3,3,0,unchanged
I01077,Technology,2024,BBB,A,1,0,0,-1,4,5,1,upgrade
I01079,Healthcare,2024,BBB,BBB,0,0,0,0,4,4,0,unchanged
I01080,Technology,2024,BB,BB,0,0,0,0,3,3,0,unchanged
I01081,Healthcare,2024,BBB,BBB,0,0,0,0,4,4,0,unchanged
I01082,Technology,2024,A,A,0,0,0,0,5,5,0,unchanged
I01083,Healthcare,2024,A,A,0,0,0,0,5,5,0,unchanged
I01084,Retail,2024,BBB,BBB,0,0,0,0,4,4,0,unchanged
I01085,Consumer,2024,BBB,BB,0,1,0,1,4,3,-1,downgrade
I01086,Industrials,2024,BB,B,0,1,0,1,3,2,-1,downgrade
I01087,Utilities,2024,B,B,0,0,0,0,2,2,0,unchanged
I01088,Real_Estate,2024,B,B,0,0,0,0,2,2,0,unchanged
I01089,Real_Estate,2024,B,B,0,0,0,0,2,2,0,unchanged
I01090,Financials,2024,B,B,0,0,0,0,2,2,0,unchanged
I01091,Consumer,2024,A,BBB,0,1,0,1,5,4,-1,downgrade
I01092,Consumer,2024,BBB,BBB,0,0,0,0,4,4,0,unchanged
I01093,Real_Estate,2024,BBB,BBB,0,0,0,0,4,4,0,unchanged
I01094,Technology,2024,A,A,0,0,0,0,5,5,0,unchanged
I01095,Industrials,2024,A,A,0,0,0,0,5,5,0,unchanged
I01096,Real_Estate,2024,BBB,BBB,0,0,0,0,4,4,0,unchanged
I01097,Healthcare,2024,BB,BB,0,0,0,0,3,3,0,unchanged
I01098,Telecom,2024,BBB,BBB,0,0,0,0,4,4,0,unchanged
I01099,Telecom,2024,A,A,0,0,0,0,5,5,0,unchanged
I01100,Retail,2024,A,A,0,0,0,0,5,5,0,unchanged
I01101,Industrials,2024,B,B,0,0,0,0,2,2,0,unchanged
I01102,Retail,2024,AA,AA,0,0,0,0,6,6,0,unchanged
I01103,Healthcare,2024,A,A,0,0,0,0,5,5,0,unchanged
I01105,Technology,2024,A,A,0,0,0,0,5,5,0,unchanged
I01106,Industrials,2024,BB,BB,0,0,0,0,3,3,0,unchanged
I01108,Real_Estate,2024,B,B,0,0,0,0,2,2,0,unchanged
I01109,Industrials,2024,BBB,BBB,0,0,0,0,4,4,0,unchanged
I01110,Energy,2024,A,A,0,0,0,0,5,5,0,unchanged
I01111,Financials,2024,BB,D,0,0,1,3,3,0,-3,default
I01112,Technology,2024,AA,AA,0,0,0,0,6,6,0,unchanged
I01113,Healthcare,2024,B,B,0,0,0,0,2,2,0,unchanged
I01114,Industrials,2024,B,BB,1,0,0,-1,2,3,1,upgrade
I01115,Telecom,2024,BBB,BBB,0,0,0,0,4,4,0,unchanged
I01116,Real_Estate,2024,CCC,CCC,0,0,0,0,1,1,0,unchanged
I01117,Energy,2024,A,A,0,0,0,0,5,5,0,unchanged
I01118,Consumer,2024,BBB,A,1,0,0,-1,4,5,1,upgrade
I01119,Retail,2024,B,BB,1,0,0,-1,2,3,1,upgrade
I01120,Real_Estate,2024,A,A,0,0,0,0,5,5,0,unchanged
I01121,Energy,2024,A,A,0,0,0,0,5,5,0,unchanged
I01124,Energy,2024,BBB,BBB,0,0,0,0,4,4,0,unchanged
I01125,Financials,2024,BBB,BBB,0,0,0,0,4,4,0,unchanged
I01126,Financials,2024,BBB,BBB,0,0,0,0,4,4,0,unchanged
I01127,Industrials,2024,BB,B,0,1,0,1,3,2,-1,downgrade
I01128,Technology,2024,BBB,BBB,0,0,0,0,4,4,0,unchanged
I01129,Retail,2024,A,A,0,0,0,0,5,5,0,unchanged
I01130,Healthcare,2024,BB,BB,0,0,0,0,3,3,0,unchanged
I01133,Industrials,2024,BBB,BBB,0,0,0,0,4,4,0,unchanged
I01134,Energy,2024,A,A,0,0,0,0,5,5,0,unchanged
I01135,Energy,2024,BBB,BBB,0,0,0,0,4,4,0,unchanged
I01136,Energy,2024,B,B,0,0,0,0,2,2,0,unchanged
I01137,Telecom,2024,AA,AA,0,0,0,0,6,6,0,unchanged
I01138,Technology,2024,BB,BB,0,0,0,0,3,3,0,unchanged
I01140,Technology,2024,B,B,0,0,0,0,2,2,0,unchanged
I01141,Financials,2024,A,A,0,0,0,0,5,5,0,unchanged
I01142,Financials,2024,BBB,BBB,0,0,0,0,4,4,0,unchanged
I01145,Retail,2024,BB,BB,0,0,0,0,3,3,0,unchanged
I01146,Utilities,2024,BBB,BBB,0,0,0,0,4,4,0,unchanged
I01147,Energy,2024,B,B,0,0,0,0,2,2,0,unchanged
I01149,Utilities,2024,B,B,0,0,0,0,2,2,0,unchanged
I01151,Energy,2024,BBB,BBB,0,0,0,0,4,4,0,unchanged
I01152,Consumer,2024,BB,BB,0,0,0,0,3,3,0,unchanged
I01153,Technology,2024,A,A,0,0,0,0,5,5,0,unchanged
I01154,Financials,2024,A,A,0,0,0,0,5,5,0,unchanged
I01155,Financials,2024,AA,A,0,1,0,1,6,5,-1,downgrade
I01156,Energy,2024,A,A,0,0,0,0,5,5,0,unchanged
I01158,Energy,2024,B,B,0,0,0,0,2,2,0,unchanged
I01159,Energy,2024,A,A,0,0,0,0,5,5,0,unchanged
I01162,Industrials,2024,BBB,BBB,0,0,0,0,4,4,0,unchanged
I01164,Retail,2024,AA,AA,0,0,0,0,6,6,0,unchanged
I01165,Real_Estate,2024,BBB,BBB,0,0,0,0,4,4,0,unchanged
I01166,Telecom,2024,B,B,0,0,0,0,2,2,0,unchanged
I01167,Retail,2024,A,A,0,0,0,0,5,5,0,unchanged
I01168,Energy,2024,AA,AA,0,0,0,0,6,6,0,unchanged
I01169,Energy,2024,CCC,CCC,0,0,0,0,1,1,0,unchanged
I01170,Utilities,2024,BB,BB,0,0,0,0,3,3,0,unchanged
I01171,Industrials,2024,A,A,0,0,0,0,5,5,0,unchanged
I01172,Industrials,2024,BBB,BBB,0,0,0,0,4,4,0,unchanged
I01174,Utilities,2024,AA,AA,0,0,0,0,6,6,0,unchanged
I01175,Consumer,2024,BBB,BBB,0,0,0,0,4,4,0,unchanged
I01176,Technology,2024,A,A,0,0,0,0,5,5,0,unchanged
I01177,Consumer,2024,BB,BBB,1,0,0,-1,3,4,1,upgrade
I01178,Financials,2024,A,A,0,0,0,0,5,5,0,unchanged
I01179,Financials,2024,AA,A,0,1,0,1,6,5,-1,downgrade
I01180,Financials,2024,BB,BB,0,0,0,0,3,3,0,unchanged
I01181,Real_Estate,2024,BB,B,0,1,0,1,3,2,-1,downgrade
I01182,Technology,2024,A,A,0,0,0,0,5,5,0,unchanged
I01184,Financials,2024,BBB,BBB,0,0,0,0,4,4,0,unchanged
I01185,Healthcare,2024,BBB,BBB,0,0,0,0,4,4,0,unchanged
I01186,Financials,2024,AA,AA,0,0,0,0,6,6,0,unchanged
I01188,Retail,2024,BB,BB,0,0,0,0,3,3,0,unchanged
I01189,Energy,2024,B,B,0,0,0,0,2,2,0,unchanged
I01190,Energy,2024,BB,BB,0,0,0,0,3,3,0,unchanged
I01191,Financials,2024,B,B,0,0,0,0,2,2,0,unchanged
I01193,Healthcare,2024,BBB,BBB,0,0,0,0,4,4,0,unchanged
I01194,Financials,2024,BB,BB,0,0,0,0,3,3,0,unchanged
I01196,Healthcare,2024,B,B,0,0,0,0,2,2,0,unchanged
I01197,Healthcare,2024,AAA,AAA,0,0,0,0,7,7,0,unchanged
I01198,Telecom,2024,CCC,D,0,0,1,1,1,0,-1,default
I01199,Healthcare,2024,A,A,0,0,0,0,5,5,0,unchanged
I01201,Real_Estate,2024,A,A,0,0,0,0,5,5,0,unchanged
I01202,Utilities,2024,B,B,0,0,0,0,2,2,0,unchanged
I01204,Utilities,2024,B,B,0,0,0,0,2,2,0,unchanged
I01206,Retail,2024,AA,AA,0,0,0,0,6,6,0,unchanged
I01207,Healthcare,2024,BBB,BBB,0,0,0,0,4,4,0,unchanged
I01208,Real_Estate,2024,BBB,BBB,0,0,0,0,4,4,0,unchanged
I01209,Industrials,2024,A,A,0,0,0,0,5,5,0,unchanged
I01210,Energy,2024,BBB,BBB,0,0,0,0,4,4,0,unchanged
I01211,Financials,2024,A,A,0,0,0,0,5,5,0,unchanged
I01212,Technology,2024,BB,BB,0,0,0,0,3,3,0,unchanged
I01213,Healthcare,2024,BB,BB,0,0,0,0,3,3,0,unchanged
I01214,Consumer,2024,BBB,BBB,0,0,0,0,4,4,0,unchanged
I01217,Healthcare,2024,B,D,0,0,1,2,2,0,-2,default
I01218,Energy,2024,AA,AA,0,0,0,0,6,6,0,unchanged
I01219,Energy,2024,B,B,0,0,0,0,2,2,0,unchanged
I01220,Healthcare,2024,BBB,BBB,0,0,0,0,4,4,0,unchanged
I01222,Technology,2024,A,A,0,0,0,0,5,5,0,unchanged
I01224,Industrials,2024,AAA,AAA,0,0,0,0,7,7,0,unchanged
I01225,Healthcare,2024,AA,AA,0,0,0,0,6,6,0,unchanged
I01227,Financials,2024,BBB,BBB,0,0,0,0,4,4,0,unchanged
I01228,Financials,2024,AAA,AAA,0,0,0,0,7,7,0,unchanged
I01229,Technology,2024,BBB,BBB,0,0,0,0,4,4,0,unchanged
I01230,Healthcare,2024,A,A,0,0,0,0,5,5,0,unchanged
I01231,Energy,2024,BB,BBB,1,0,0,-1,3,4,1,upgrade
I01233,Utilities,2024,BBB,BBB,0,0,0,0,4,4,0,unchanged
I01235,Real_Estate,2024,B,CCC,0,1,0,1,2,1,-1,downgrade
I01236,Telecom,2024,A,A,0,0,0,0,5,5,0,unchanged
I01238,Retail,2024,A,A,0,0,0,0,5,5,0,unchanged
I01239,Energy,2024,B,BB,1,0,0,-1,2,3,1,upgrade
I01240,Energy,2024,CCC,CCC,0,0,0,0,1,1,0,unchanged
I01241,Healthcare,2024,BBB,BBB,0,0,0,0,4,4,0,unchanged
I01243,Consumer,2024,A,A,0,0,0,0,5,5,0,unchanged
I01244,Telecom,2024,B,B,0,0,0,0,2,2,0,unchanged
I01245,Retail,2024,BBB,BBB,0,0,0,0,4,4,0,unchanged
I01247,Retail,2024,AA,AA,0,0,0,0,6,6,0,unchanged
I01248,Healthcare,2024,A,A,0,0,0,0,5,5,0,unchanged
I01249,Energy,2024,CCC,B,1,0,0,-1,1,2,1,upgrade
I01251,Utilities,2024,BBB,BBB,0,0,0,0,4,4,0,unchanged
I01252,Retail,2024,BBB,BBB,0,0,0,0,4,4,0,unchanged
I01254,Telecom,2024,BBB,BBB,0,0,0,0,4,4,0,unchanged
I01255,Real_Estate,2024,B,B,0,0,0,0,2,2,0,unchanged
I01256,Retail,2024,BB,B,0,1,0,1,3,2,-1,downgrade
I01257,Energy,2024,A,A,0,0,0,0,5,5,0,unchanged
I01258,Industrials,2024,BB,BBB,1,0,0,-1,3,4,1,upgrade
I01259,Energy,2024,BB,BB,0,0,0,0,3,3,0,unchanged
I01260,Industrials,2024,AAA,AAA,0,0,0,0,7,7,0,unchanged
I01261,Telecom,2024,BBB,BBB,0,0,0,0,4,4,0,unchanged
I01262,Industrials,2024,AA,AA,0,0,0,0,6,6,0,unchanged
I01263,Consumer,2024,AA,AA,0,0,0,0,6,6,0,unchanged
I01264,Energy,2024,B,BB,1,0,0,-1,2,3,1,upgrade
I01265,Telecom,2024,A,A,0,0,0,0,5,5,0,unchanged
I01266,Utilities,2024,AA,AA,0,0,0,0,6,6,0,unchanged
I01268,Energy,2024,BB,BB,0,0,0,0,3,3,0,unchanged
I01269,Consumer,2024,BB,B,0,1,0,1,3,2,-1,downgrade
I01270,Energy,2024,A,A,0,0,0,0,5,5,0,unchanged
I01272,Telecom,2024,A,A,0,0,0,0,5,5,0,unchanged
I01273,Healthcare,2024,B,B,0,0,0,0,2,2,0,unchanged
I01274,Healthcare,2024,AA,AA,0,0,0,0,6,6,0,unchanged
I01275,Utilities,2024,AA,AA,0,0,0,0,6,6,0,unchanged
I01276,Utilities,2024,BB,B,0,1,0,1,3,2,-1,downgrade
I01277,Retail,2024,B,B,0,0,0,0,2,2,0,unchanged
I01278,Healthcare,2024,BBB,BB,0,1,0,1,4,3,-1,downgrade
I01279,Financials,2024,BBB,BBB,0,0,0,0,4,4,0,unchanged
I01281,Healthcare,2024,A,A,0,0,0,0,5,5,0,unchanged
I01282,Retail,2024,BB,BB,0,0,0,0,3,3,0,unchanged
I01283,Telecom,2024,BB,BB,0,0,0,0,3,3,0,unchanged
I01285,Retail,2024,B,B,0,0,0,0,2,2,0,unchanged
I01286,Telecom,2024,A,A,0,0,0,0,5,5,0,unchanged
I01287,Financials,2024,A,A,0,0,0,0,5,5,0,unchanged
I01288,Financials,2024,A,A,0,0,0,0,5,5,0,unchanged
I01289,Industrials,2024,A,A,0,0,0,0,5,5,0,unchanged
I01291,Financials,2024,AA,AA,0,0,0,0,6,6,0,unchanged
I01294,Telecom,2024,CCC,CCC,0,0,0,0,1,1,0,unchanged
I01295,Healthcare,2024,A,A,0,0,0,0,5,5,0,unchanged
I01296,Telecom,2024,BBB,BBB,0,0,0,0,4,4,0,unchanged
I01297,Retail,2024,A,A,0,0,0,0,5,5,0,unchanged
I01298,Telecom,2024,A,A,0,0,0,0,5,5,0,unchanged
I01299,Healthcare,2024,AA,AA,0,0,0,0,6,6,0,unchanged
I01301,Telecom,2024,B,B,0,0,0,0,2,2,0,unchanged
I01303,Technology,2024,BB,CCC,0,1,0,2,3,1,-2,downgrade
I01304,Telecom,2024,BBB,BBB,0,0,0,0,4,4,0,unchanged
I01305,Retail,2024,CCC,CCC,0,0,0,0,1,1,0,unchanged
I01306,Industrials,2024,BB,BB,0,0,0,0,3,3,0,unchanged
I01307,Real_Estate,2024,A,A,0,0,0,0,5,5,0,unchanged
I01308,Financials,2024,BBB,BBB,0,0,0,0,4,4,0,unchanged
I01310,Industrials,2024,BBB,BBB,0,0,0,0,4,4,0,unchanged
I01311,Telecom,2024,BBB,BBB,0,0,0,0,4,4,0,unchanged
I01312,Consumer,2024,BBB,BBB,0,0,0,0,4,4,0,unchanged
I01313,Consumer,2024,A,A,0,0,0,0,5,5,0,unchanged
I01314,Industrials,2024,A,A,0,0,0,0,5,5,0,unchanged
I01315,Energy,2024,A,A,0,0,0,0,5,5,0,unchanged
I01317,Consumer,2024,B,B,0,0,0,0,2,2,0,unchanged
I01319,Retail,2024,B,B,0,0,0,0,2,2,0,unchanged
I01320,Healthcare,2024,BB,BB,0,0,0,0,3,3,0,unchanged
I01321,Healthcare,2024,A,A,0,0,0,0,5,5,0,unchanged
I01323,Consumer,2024,AA,AA,0,0,0,0,6,6,0,unchanged
I01324,Real_Estate,2024,BBB,BBB,0,0,0,0,4,4,0,unchanged
I01326,Retail,2024,A,A,0,0,0,0,5,5,0,unchanged
I01327,Utilities,2024,BBB,BBB,0,0,0,0,4,4,0,unchanged
I01328,Technology,2024,A,A,0,0,0,0,5,5,0,unchanged
I01329,Industrials,2024,BBB,BBB,0,0,0,0,4,4,0,unchanged
I01330,Telecom,2024,A,A,0,0,0,0,5,5,0,unchanged
I01331,Healthcare,2024,BBB,BBB,0,0,0,0,4,4,0,unchanged
I01333,Healthcare,2024,B,B,0,0,0,0,2,2,0,unchanged
I01335,Telecom,2024,A,A,0,0,0,0,5,5,0,unchanged
I01336,Real_Estate,2024,B,B,0,0,0,0,2,2,0,unchanged
I01337,Telecom,2024,AAA,AAA,0,0,0,0,7,7,0,unchanged
I01339,Industrials,2024,A,A,0,0,0,0,5,5,0,unchanged
I01340,Energy,2024,CCC,CCC,0,0,0,0,1,1,0,unchanged
I01342,Energy,2024,A,A,0,0,0,0,5,5,0,unchanged
I01344,Telecom,2024,AAA,AAA,0,0,0,0,7,7,0,unchanged
I01345,Telecom,2024,B,BB,1,0,0,-1,2,3,1,upgrade
I01346,Consumer,2024,B,B,0,0,0,0,2,2,0,unchanged
I01347,Technology,2024,CCC,CCC,0,0,0,0,1,1,0,unchanged
I01348,Energy,2024,AA,AA,0,0,0,0,6,6,0,unchanged
I01349,Technology,2024,BBB,BBB,0,0,0,0,4,4,0,unchanged
I01350,Industrials,2024,B,B,0,0,0,0,2,2,0,unchanged
I01351,Financials,2024,BBB,BBB,0,0,0,0,4,4,0,unchanged
I01352,Real_Estate,2024,BBB,BBB,0,0,0,0,4,4,0,unchanged
I01353,Healthcare,2024,A,A,0,0,0,0,5,5,0,unchanged
I01354,Telecom,2024,A,A,0,0,0,0,5,5,0,unchanged
I01356,Utilities,2024,BB,BB,0,0,0,0,3,3,0,unchanged
I01358,Technology,2024,BBB,BBB,0,0,0,0,4,4,0,unchanged
I01362,Energy,2024,A,A,0,0,0,0,5,5,0,unchanged
I01363,Financials,2024,A,A,0,0,0,0,5,5,0,unchanged
I01364,Real_Estate,2024,A,A,0,0,0,0,5,5,0,unchanged
I01365,Financials,2024,B,B,0,0,0,0,2,2,0,unchanged
I01368,Retail,2024,BB,BB,0,0,0,0,3,3,0,unchanged
I01370,Energy,2024,BBB,BBB,0,0,0,0,4,4,0,unchanged
I01372,Utilities,2024,BBB,BBB,0,0,0,0,4,4,0,unchanged
I01374,Technology,2024,BB,BB,0,0,0,0,3,3,0,unchanged
I01375,Utilities,2024,BBB,BBB,0,0,0,0,4,4,0,unchanged
I01376,Real_Estate,2024,BB,BB,0,0,0,0,3,3,0,unchanged
I01377,Industrials,2024,AA,A,0,1,0,1,6,5,-1,downgrade
I01379,Retail,2024,BB,BB,0,0,0,0,3,3,0,unchanged
I01380,Energy,2024,CCC,CCC,0,0,0,0,1,1,0,unchanged
I01382,Industrials,2024,BBB,BBB,0,0,0,0,4,4,0,unchanged
I01383,Consumer,2024,BBB,BBB,0,0,0,0,4,4,0,unchanged
I01384,Energy,2024,A,A,0,0,0,0,5,5,0,unchanged
I01385,Technology,2024,B,BB,1,0,0,-1,2,3,1,upgrade
I01386,Healthcare,2024,BBB,BBB,0,0,0,0,4,4,0,unchanged
I01387,Retail,2024,BBB,BBB,0,0,0,0,4,4,0,unchanged
I01388,Telecom,2024,AA,AA,0,0,0,0,6,6,0,unchanged
I01390,Real_Estate,2024,BBB,BBB,0,0,0,0,4,4,0,unchanged
I01391,Technology,2024,B,B,0,0,0,0,2,2,0,unchanged
I01392,Real_Estate,2024,AAA,AAA,0,0,0,0,7,7,0,unchanged
I01394,Industrials,2024,BBB,BBB,0,0,0,0,4,4,0,unchanged
I01395,Telecom,2024,A,A,0,0,0,0,5,5,0,unchanged
I01396,Financials,2024,A,A,0,0,0,0,5,5,0,unchanged
I01397,Healthcare,2024,BBB,BBB,0,0,0,0,4,4,0,unchanged
I01398,Telecom,2024,BB,BB,0,0,0,0,3,3,0,unchanged
I01399,Real_Estate,2024,AA,AA,0,0,0,0,6,6,0,unchanged
I01400,Retail,2024,AAA,AAA,0,0,0,0,7,7,0,unchanged
I01401,Technology,2024,BBB,A,1,0,0,-1,4,5,1,upgrade
I01402,Industrials,2024,AA,AA,0,0,0,0,6,6,0,unchanged
I01403,Telecom,2024,AA,AA,0,0,0,0,6,6,0,unchanged
I01404,Industrials,2024,A,A,0,0,0,0,5,5,0,unchanged
I01405,Utilities,2024,B,B,0,0,0,0,2,2,0,unchanged
I01407,Financials,2024,B,B,0,0,0,0,2,2,0,unchanged
I01409,Industrials,2024,BBB,BBB,0,0,0,0,4,4,0,unchanged
I01410,Technology,2024,BBB,BBB,0,0,0,0,4,4,0,unchanged
I01411,Energy,2024,BBB,BBB,0,0,0,0,4,4,0,unchanged
I01412,Industrials,2024,BB,BB,0,0,0,0,3,3,0,unchanged
I01413,Real_Estate,2024,A,A,0,0,0,0,5,5,0,unchanged
I01414,Consumer,2024,B,B,0,0,0,0,2,2,0,unchanged
I01415,Technology,2024,BBB,BB,0,1,0,1,4,3,-1,downgrade
I01416,Healthcare,2024,BBB,A,1,0,0,-1,4,5,1,upgrade
I01417,Healthcare,2024,A,A,0,0,0,0,5,5,0,unchanged
I01418,Technology,2024,BB,BB,0,0,0,0,3,3,0,unchanged
I01419,Financials,2024,A,A,0,0,0,0,5,5,0,unchanged
I01420,Real_Estate,2024,CCC,B,1,0,0,-1,1,2,1,upgrade
I01421,Utilities,2024,BB,BB,0,0,0,0,3,3,0,unchanged
I01423,Technology,2024,BB,BB,0,0,0,0,3,3,0,unchanged
I01424,Utilities,2024,AAA,AAA,0,0,0,0,7,7,0,unchanged
I01425,Telecom,2024,B,B,0,0,0,0,2,2,0,unchanged
I01426,Real_Estate,2024,AA,AA,0,0,0,0,6,6,0,unchanged
I01427,Utilities,2024,AA,AA,0,0,0,0,6,6,0,unchanged
I01428,Financials,2024,AA,AA,0,0,0,0,6,6,0,unchanged
I01431,Energy,2024,BBB,BBB,0,0,0,0,4,4,0,unchanged
I01432,Consumer,2024,AA,AA,0,0,0,0,6,6,0,unchanged
I01434,Healthcare,2024,A,A,0,0,0,0,5,5,0,unchanged
I01435,Industrials,2024,B,B,0,0,0,0,2,2,0,unchanged
I01436,Industrials,2024,BBB,BBB,0,0,0,0,4,4,0,unchanged
I01437,Healthcare,2024,B,D,0,0,1,2,2,0,-2,default
I01438,Technology,2024,A,A,0,0,0,0,5,5,0,unchanged
I01439,Energy,2024,BBB,BBB,0,0,0,0,4,4,0,unchanged
I01440,Telecom,2024,A,A,0,0,0,0,5,5,0,unchanged
I01441,Energy,2024,A,A,0,0,0,0,5,5,0,unchanged
I01442,Energy,2024,BBB,BBB,0,0,0,0,4,4,0,unchanged
I01443,Utilities,2024,A,A,0,0,0,0,5,5,0,unchanged
I01444,Real_Estate,2024,BBB,B,0,1,0,2,4,2,-2,downgrade
I01446,Healthcare,2024,BB,B,0,1,0,1,3,2,-1,downgrade
I01447,Technology,2024,AA,AA,0,0,0,0,6,6,0,unchanged
I01448,Retail,2024,BB,BBB,1,0,0,-1,3,4,1,upgrade
I01450,Real_Estate,2024,B,B,0,0,0,0,2,2,0,unchanged
I01451,Telecom,2024,B,CCC,0,1,0,1,2,1,-1,downgrade
I01452,Energy,2024,BB,D,0,0,1,3,3,0,-3,default
I01453,Consumer,2024,A,A,0,0,0,0,5,5,0,unchanged
I01454,Real_Estate,2024,B,B,0,0,0,0,2,2,0,unchanged
I01455,Technology,2024,BBB,A,1,0,0,-1,4,5,1,upgrade
I01456,Telecom,2024,BBB,BBB,0,0,0,0,4,4,0,unchanged
I01457,Industrials,2024,B,B,0,0,0,0,2,2,0,unchanged
I01458,Healthcare,2024,BBB,BBB,0,0,0,0,4,4,0,unchanged
I01459,Industrials,2024,A,A,0,0,0,0,5,5,0,unchanged
I01461,Retail,2024,A,A,0,0,0,0,5,5,0,unchanged
I01462,Consumer,2024,A,A,0,0,0,0,5,5,0,unchanged
I01463,Real_Estate,2024,BB,BB,0,0,0,0,3,3,0,unchanged
I01464,Consumer,2024,B,B,0,0,0,0,2,2,0,unchanged
I01465,Consumer,2024,AA,AA,0,0,0,0,6,6,0,unchanged
I01466,Real_Estate,2024,B,B,0,0,0,0,2,2,0,unchanged
I01467,Retail,2024,BB,BB,0,0,0,0,3,3,0,unchanged
I01468,Retail,2024,B,D,0,0,1,2,2,0,-2,default
I01470,Real_Estate,2024,A,A,0,0,0,0,5,5,0,unchanged
I01471,Energy,2024,B,B,0,0,0,0,2,2,0,unchanged
I01472,Telecom,2024,A,AA,1,0,0,-1,5,6,1,upgrade
I01473,Financials,2024,A,A,0,0,0,0,5,5,0,unchanged
I01474,Healthcare,2024,BB,BB,0,0,0,0,3,3,0,unchanged
I01475,Retail,2024,A,A,0,0,0,0,5,5,0,unchanged
I01476,Retail,2024,A,A,0,0,0,0,5,5,0,unchanged
I01479,Energy,2024,B,B,0,0,0,0,2,2,0,unchanged
I01480,Telecom,2024,BBB,BBB,0,0,0,0,4,4,0,unchanged
I01482,Industrials,2024,CCC,D,0,0,1,1,1,0,-1,default
I01483,Technology,2024,BB,B,0,1,0,1,3,2,-1,downgrade
I01484,Telecom,2024,A,A,0,0,0,0,5,5,0,unchanged
I01485,Utilities,2024,BB,BB,0,0,0,0,3,3,0,unchanged
I01486,Industrials,2024,BB,BB,0,0,0,0,3,3,0,unchanged
I01487,Energy,2024,BB,BB,0,0,0,0,3,3,0,unchanged
I01488,Industrials,2024,B,B,0,0,0,0,2,2,0,unchanged
I01490,Energy,2024,BBB,BBB,0,0,0,0,4,4,0,unchanged
I01491,Real_Estate,2024,BBB,BBB,0,0,0,0,4,4,0,unchanged
I01492,Real_Estate,2024,CCC,CCC,0,0,0,0,1,1,0,unchanged
I01494,Financials,2024,BBB,BBB,0,0,0,0,4,4,0,unchanged
I01495,Financials,2024,AA,AA,0,0,0,0,6,6,0,unchanged
I01496,Healthcare,2024,BB,BB,0,0,0,0,3,3,0,unchanged
I01497,Healthcare,2024,A,A,0,0,0,0,5,5,0,unchanged
I01498,Real_Estate,2024,BBB,BBB,0,0,0,0,4,4,0,unchanged
I01499,Healthcare,2024,A,A,0,0,0,0,5,5,0,unchanged
I01500,Financials,2024,BBB,BBB,0,0,0,0,4,4,0,unchanged
I01501,Telecom,2024,BBB,BBB,0,0,0,0,4,4,0,unchanged
I01502,Retail,2024,BBB,BBB,0,0,0,0,4,4,0,unchanged
I01503,Healthcare,2024,A,A,0,0,0,0,5,5,0,unchanged
I01504,Healthcare,2024,B,B,0,0,0,0,2,2,0,unchanged
I01505,Real_Estate,2024,BBB,BBB,0,0,0,0,4,4,0,unchanged
I01506,Financials,2024,BBB,BBB,0,0,0,0,4,4,0,unchanged
I01507,Telecom,2024,A,A,0,0,0,0,5,5,0,unchanged
I01508,Consumer,2024,A,A,0,0,0,0,5,5,0,unchanged
I01509,Financials,2024,A,A,0,0,0,0,5,5,0,unchanged
I01510,Telecom,2024,A,BBB,0,1,0,1,5,4,-1,downgrade
I01512,Utilities,2024,BB,BB,0,0,0,0,3,3,0,unchanged
I01513,Telecom,2024,A,A,0,0,0,0,5,5,0,unchanged
I01514,Industrials,2024,A,A,0,0,0,0,5,5,0,unchanged
I01515,Healthcare,2024,BBB,BBB,0,0,0,0,4,4,0,unchanged
I01516,Industrials,2024,A,A,0,0,0,0,5,5,0,unchanged
I01517,Healthcare,2024,B,B,0,0,0,0,2,2,0,unchanged
I01518,Energy,2024,B,B,0,0,0,0,2,2,0,unchanged
I01519,Real_Estate,2024,BBB,BBB,0,0,0,0,4,4,0,unchanged
I01521,Technology,2024,A,A,0,0,0,0,5,5,0,unchanged
I01522,Technology,2024,BBB,BBB,0,0,0,0,4,4,0,unchanged
I01523,Industrials,2024,BB,BB,0,0,0,0,3,3,0,unchanged
I01524,Telecom,2024,A,A,0,0,0,0,5,5,0,unchanged
I01525,Utilities,2024,B,B,0,0,0,0,2,2,0,unchanged
I01526,Financials,2024,A,A,0,0,0,0,5,5,0,unchanged
I01527,Real_Estate,2024,A,A,0,0,0,0,5,5,0,unchanged
I01528,Utilities,2024,AA,AA,0,0,0,0,6,6,0,unchanged
I01529,Telecom,2024,BBB,BBB,0,0,0,0,4,4,0,unchanged
I01530,Healthcare,2024,A,A,0,0,0,0,5,5,0,unchanged
I01531,Telecom,2024,B,B,0,0,0,0,2,2,0,unchanged
I01533,Financials,2024,A,A,0,0,0,0,5,5,0,unchanged
I01534,Energy,2024,B,B,0,0,0,0,2,2,0,unchanged
I01535,Utilities,2024,B,B,0,0,0,0,2,2,0,unchanged
I01537,Healthcare,2024,A,BBB,0,1,0,1,5,4,-1,downgrade
I01538,Energy,2024,A,A,0,0,0,0,5,5,0,unchanged
I01539,Consumer,2024,BB,BB,0,0,0,0,3,3,0,unchanged
I01540,Consumer,2024,BBB,BBB,0,0,0,0,4,4,0,unchanged
I01541,Consumer,2024,A,BBB,0,1,0,1,5,4,-1,downgrade
I01542,Financials,2024,A,BBB,0,1,0,1,5,4,-1,downgrade
I01543,Industrials,2024,BB,BB,0,0,0,0,3,3,0,unchanged
I01545,Healthcare,2024,A,A,0,0,0,0,5,5,0,unchanged
I01547,Utilities,2024,A,A,0,0,0,0,5,5,0,unchanged
I01548,Industrials,2024,B,B,0,0,0,0,2,2,0,unchanged
I01549,Consumer,2024,BBB,BBB,0,0,0,0,4,4,0,unchanged
I01551,Technology,2024,BBB,BBB,0,0,0,0,4,4,0,unchanged
I01552,Financials,2024,A,A,0,0,0,0,5,5,0,unchanged
I01553,Telecom,2024,BB,BB,0,0,0,0,3,3,0,unchanged
I01556,Healthcare,2024,BBB,BBB,0,0,0,0,4,4,0,unchanged
I01557,Real_Estate,2024,BB,BB,0,0,0,0,3,3,0,unchanged
I01558,Technology,2024,BBB,BBB,0,0,0,0,4,4,0,unchanged
I01561,Utilities,2024,B,B,0,0,0,0,2,2,0,unchanged
I01562,Industrials,2024,A,A,0,0,0,0,5,5,0,unchanged
I01563,Technology,2024,BB,B,0,1,0,1,3,2,-1,downgrade
I01564,Real_Estate,2024,B,B,0,0,0,0,2,2,0,unchanged
I01565,Retail,2024,BBB,BBB,0,0,0,0,4,4,0,unchanged
I01567,Energy,2024,BB,BB,0,0,0,0,3,3,0,unchanged
I01568,Technology,2024,A,A,0,0,0,0,5,5,0,unchanged
I01569,Consumer,2024,AAA,AAA,0,0,0,0,7,7,0,unchanged
I01571,Consumer,2024,BBB,A,1,0,0,-1,4,5,1,upgrade
I01572,Utilities,2024,A,A,0,0,0,0,5,5,0,unchanged
I01573,Retail,2024,A,A,0,0,0,0,5,5,0,unchanged
I01575,Utilities,2024,A,BBB,0,1,0,1,5,4,-1,downgrade
I01577,Financials,2024,B,B,0,0,0,0,2,2,0,unchanged
I01578,Industrials,2024,BBB,BBB,0,0,0,0,4,4,0,unchanged
I01579,Industrials,2024,AA,AA,0,0,0,0,6,6,0,unchanged
I01580,Financials,2024,BBB,BBB,0,0,0,0,4,4,0,unchanged
I01581,Financials,2024,BBB,BBB,0,0,0,0,4,4,0,unchanged
I01582,Utilities,2024,AA,A,0,1,0,1,6,5,-1,downgrade
I01583,Industrials,2024,B,B,0,0,0,0,2,2,0,unchanged
I01584,Technology,2024,BB,BBB,1,0,0,-1,3,4,1,upgrade
I01586,Utilities,2024,BBB,BBB,0,0,0,0,4,4,0,unchanged
I01587,Healthcare,2024,BBB,BB,0,1,0,1,4,3,-1,downgrade
I01588,Real_Estate,2024,B,D,0,0,1,2,2,0,-2,default
I01590,Telecom,2024,A,A,0,0,0,0,5,5,0,unchanged
I01591,Financials,2024,BB,BB,0,0,0,0,3,3,0,unchanged
I01592,Technology,2024,BBB,BBB,0,0,0,0,4,4,0,unchanged
I01593,Utilities,2024,CCC,CCC,0,0,0,0,1,1,0,unchanged
I01594,Real_Estate,2024,B,B,0,0,0,0,2,2,0,unchanged
I01596,Consumer,2024,B,CCC,0,1,0,1,2,1,-1,downgrade
I01597,Retail,2024,A,AA,1,0,0,-1,5,6,1,upgrade
I01598,Consumer,2024,BBB,BB,0,1,0,1,4,3,-1,downgrade
I01599,Industrials,2024,AA,AA,0,0,0,0,6,6,0,unchanged
I01601,Financials,2024,B,D,0,0,1,2,2,0,-2,default
I01602,Healthcare,2024,AAA,AAA,0,0,0,0,7,7,0,unchanged
I01603,Healthcare,2024,AA,AA,0,0,0,0,6,6,0,unchanged
I01604,Industrials,2024,BB,BB,0,0,0,0,3,3,0,unchanged
I01605,Energy,2024,A,A,0,0,0,0,5,5,0,unchanged
I01606,Technology,2024,A,A,0,0,0,0,5,5,0,unchanged
I01607,Utilities,2024,A,A,0,0,0,0,5,5,0,unchanged
I01608,Energy,2024,A,A,0,0,0,0,5,5,0,unchanged
I01609,Real_Estate,2024,BB,BB,0,0,0,0,3,3,0,unchanged
I01610,Industrials,2024,BBB,BBB,0,0,0,0,4,4,0,unchanged
I01611,Consumer,2024,B,B,0,0,0,0,2,2,0,unchanged
I01612,Industrials,2024,B,B,0,0,0,0,2,2,0,unchanged
I01613,Industrials,2024,CCC,CCC,0,0,0,0,1,1,0,unchanged
I01614,Technology,2024,B,BB,1,0,0,-1,2,3,1,upgrade
I01615,Consumer,2024,A,A,0,0,0,0,5,5,0,unchanged
I01616,Real_Estate,2024,BB,B,0,1,0,1,3,2,-1,downgrade
I01617,Industrials,2024,BBB,BBB,0,0,0,0,4,4,0,unchanged
I01619,Technology,2024,BBB,BBB,0,0,0,0,4,4,0,unchanged
I01620,Healthcare,2024,BBB,BBB,0,0,0,0,4,4,0,unchanged
I01621,Industrials,2024,BBB,BBB,0,0,0,0,4,4,0,unchanged
I01623,Energy,2024,A,A,0,0,0,0,5,5,0,unchanged
I01624,Energy,2024,BBB,BBB,0,0,0,0,4,4,0,unchanged
I01627,Financials,2024,AA,AA,0,0,0,0,6,6,0,unchanged
I01628,Real_Estate,2024,BBB,BBB,0,0,0,0,4,4,0,unchanged
I01629,Real_Estate,2024,AA,BBB,0,1,0,2,6,4,-2,downgrade
I01630,Telecom,2024,BB,BB,0,0,0,0,3,3,0,unchanged
I01631,Technology,2024,A,A,0,0,0,0,5,5,0,unchanged
I01632,Healthcare,2024,A,A,0,0,0,0,5,5,0,unchanged
I01633,Financials,2024,B,B,0,0,0,0,2,2,0,unchanged
I01634,Telecom,2024,A,A,0,0,0,0,5,5,0,unchanged
I01635,Telecom,2024,B,B,0,0,0,0,2,2,0,unchanged
I01636,Technology,2024,BB,BB,0,0,0,0,3,3,0,unchanged
I01637,Financials,2024,BBB,BBB,0,0,0,0,4,4,0,unchanged
I01638,Utilities,2024,BB,BB,0,0,0,0,3,3,0,unchanged
I01639,Energy,2024,BBB,BBB,0,0,0,0,4,4,0,unchanged
I01640,Technology,2024,BBB,A,1,0,0,-1,4,5,1,upgrade
I01641,Industrials,2024,A,A,0,0,0,0,5,5,0,unchanged
I01642,Consumer,2024,BBB,BBB,0,0,0,0,4,4,0,unchanged
I01643,Utilities,2024,BBB,BBB,0,0,0,0,4,4,0,unchanged
I01645,Industrials,2024,B,B,0,0,0,0,2,2,0,unchanged
I01646,Healthcare,2024,BB,BB,0,0,0,0,3,3,0,unchanged
I01649,Financials,2024,BBB,BBB,0,0,0,0,4,4,0,unchanged
I01650,Technology,2024,BBB,BBB,0,0,0,0,4,4,0,unchanged
I01651,Retail,2024,BB,BB,0,0,0,0,3,3,0,unchanged
I01652,Energy,2024,A,A,0,0,0,0,5,5,0,unchanged
I01653,Industrials,2024,BBB,BBB,0,0,0,0,4,4,0,unchanged
I01654,Retail,2024,B,B,0,0,0,0,2,2,0,unchanged
I01656,Healthcare,2024,BB,B,0,1,0,1,3,2,-1,downgrade
I01657,Retail,2024,B,B,0,0,0,0,2,2,0,unchanged
I01658,Energy,2024,BB,BB,0,0,0,0,3,3,0,unchanged
I01659,Technology,2024,BBB,BBB,0,0,0,0,4,4,0,unchanged
I01660,Industrials,2024,A,A,0,0,0,0,5,5,0,unchanged
I01661,Utilities,2024,BB,D,0,0,1,3,3,0,-3,default
I01662,Industrials,2024,BBB,BBB,0,0,0,0,4,4,0,unchanged
I01663,Industrials,2024,BB,BB,0,0,0,0,3,3,0,unchanged
I01664,Telecom,2024,BBB,BBB,0,0,0,0,4,4,0,unchanged
I01665,Retail,2024,BBB,BBB,0,0,0,0,4,4,0,unchanged
I01666,Consumer,2024,BB,BB,0,0,0,0,3,3,0,unchanged
I01667,Healthcare,2024,A,A,0,0,0,0,5,5,0,unchanged
I01669,Real_Estate,2024,BBB,BBB,0,0,0,0,4,4,0,unchanged
I01670,Retail,2024,A,A,0,0,0,0,5,5,0,unchanged
I01672,Consumer,2024,A,A,0,0,0,0,5,5,0,unchanged
I01673,Real_Estate,2024,B,B,0,0,0,0,2,2,0,unchanged
I01674,Utilities,2024,AAA,AAA,0,0,0,0,7,7,0,unchanged
I01675,Retail,2024,BBB,BBB,0,0,0,0,4,4,0,unchanged
I01676,Telecom,2024,A,A,0,0,0,0,5,5,0,unchanged
I01677,Utilities,2024,BB,BB,0,0,0,0,3,3,0,unchanged
I01678,Real_Estate,2024,AAA,AAA,0,0,0,0,7,7,0,unchanged
I01679,Telecom,2024,BB,BBB,1,0,0,-1,3,4,1,upgrade
I01680,Financials,2024,BB,BBB,1,0,0,-1,3,4,1,upgrade
I01681,Healthcare,2024,AA,AA,0,0,0,0,6,6,0,unchanged
I01682,Real_Estate,2024,CCC,B,1,0,0,-1,1,2,1,upgrade
I01683,Technology,2024,BBB,BBB,0,0,0,0,4,4,0,unchanged
I01684,Healthcare,2024,B,D,0,0,1,2,2,0,-2,default
I01685,Telecom,2024,AA,A,0,1,0,1,6,5,-1,downgrade
I01686,Utilities,2024,AA,AA,0,0,0,0,6,6,0,unchanged
I01687,Real_Estate,2024,A,A,0,0,0,0,5,5,0,unchanged
I01688,Energy,2024,A,A,0,0,0,0,5,5,0,unchanged
I01691,Consumer,2024,A,A,0,0,0,0,5,5,0,unchanged
I01692,Energy,2024,A,A,0,0,0,0,5,5,0,unchanged
I01693,Healthcare,2024,A,A,0,0,0,0,5,5,0,unchanged
I01694,Consumer,2024,A,A,0,0,0,0,5,5,0,unchanged
I01695,Financials,2024,AA,AA,0,0,0,0,6,6,0,unchanged
I01696,Technology,2024,A,A,0,0,0,0,5,5,0,unchanged
I01697,Telecom,2024,BBB,BBB,0,0,0,0,4,4,0,unchanged
I01698,Energy,2024,BB,B,0,1,0,1,3,2,-1,downgrade
I01699,Retail,2024,A,A,0,0,0,0,5,5,0,unchanged
I01700,Industrials,2024,A,A,0,0,0,0,5,5,0,unchanged
I01701,Industrials,2024,A,A,0,0,0,0,5,5,0,unchanged
I01702,Technology,2024,B,B,0,0,0,0,2,2,0,unchanged
I01704,Industrials,2024,BBB,BBB,0,0,0,0,4,4,0,unchanged
I01705,Energy,2024,AA,AA,0,0,0,0,6,6,0,unchanged
I01706,Consumer,2024,B,B,0,0,0,0,2,2,0,unchanged
I01707,Retail,2024,A,A,0,0,0,0,5,5,0,unchanged
I01708,Consumer,2024,B,B,0,0,0,0,2,2,0,unchanged
I01709,Technology,2024,BB,BB,0,0,0,0,3,3,0,unchanged
I01710,Utilities,2024,BB,BB,0,0,0,0,3,3,0,unchanged
I01712,Utilities,2024,BB,BB,0,0,0,0,3,3,0,unchanged
I01713,Telecom,2024,AA,AA,0,0,0,0,6,6,0,unchanged
I01714,Financials,2024,A,A,0,0,0,0,5,5,0,unchanged
I01715,Industrials,2024,BBB,BB,0,1,0,1,4,3,-1,downgrade
I01716,Industrials,2024,A,A,0,0,0,0,5,5,0,unchanged
I01717,Technology,2024,A,A,0,0,0,0,5,5,0,unchanged
I01718,Consumer,2024,BB,BB,0,0,0,0,3,3,0,unchanged
I01719,Healthcare,2024,BBB,BB,0,1,0,1,4,3,-1,downgrade
I01722,Technology,2024,CCC,D,0,0,1,1,1,0,-1,default
I01724,Energy,2024,A,A,0,0,0,0,5,5,0,unchanged
I01726,Financials,2024,BBB,BBB,0,0,0,0,4,4,0,unchanged
I01727,Industrials,2024,BB,BB,0,0,0,0,3,3,0,unchanged
I01728,Healthcare,2024,A,A,0,0,0,0,5,5,0,unchanged
I01729,Financials,2024,BBB,BBB,0,0,0,0,4,4,0,unchanged
I01730,Technology,2024,A,A,0,0,0,0,5,5,0,unchanged
I01731,Technology,2024,BB,BB,0,0,0,0,3,3,0,unchanged
I01732,Industrials,2024,B,B,0,0,0,0,2,2,0,unchanged
I01733,Energy,2024,BB,BB,0,0,0,0,3,3,0,unchanged
I01734,Consumer,2024,AA,AA,0,0,0,0,6,6,0,unchanged
I01735,Retail,2024,BBB,BBB,0,0,0,0,4,4,0,unchanged
I01736,Utilities,2024,A,BBB,0,1,0,1,5,4,-1,downgrade
I01737,Industrials,2024,A,A,0,0,0,0,5,5,0,unchanged
I01739,Healthcare,2024,BBB,BBB,0,0,0,0,4,4,0,unchanged
I01740,Industrials,2024,AA,AA,0,0,0,0,6,6,0,unchanged
I01741,Financials,2024,A,A,0,0,0,0,5,5,0,unchanged
I01743,Utilities,2024,BBB,BBB,0,0,0,0,4,4,0,unchanged
I01744,Technology,2024,B,B,0,0,0,0,2,2,0,unchanged
I01746,Telecom,2024,A,A,0,0,0,0,5,5,0,unchanged
I01747,Retail,2024,B,B,0,0,0,0,2,2,0,unchanged
I01748,Telecom,2024,AA,AA,0,0,0,0,6,6,0,unchanged
I01749,Telecom,2024,BBB,BBB,0,0,0,0,4,4,0,unchanged
I01750,Utilities,2024,A,A,0,0,0,0,5,5,0,unchanged
I01751,Utilities,2024,B,B,0,0,0,0,2,2,0,unchanged
I01752,Utilities,2024,BB,BB,0,0,0,0,3,3,0,unchanged
I01753,Real_Estate,2024,A,A,0,0,0,0,5,5,0,unchanged
I01754,Technology,2024,AA,AA,0,0,0,0,6,6,0,unchanged
I01755,Consumer,2024,B,B,0,0,0,0,2,2,0,unchanged
I01757,Financials,2024,BB,CCC,0,1,0,2,3,1,-2,downgrade
I01758,Retail,2024,BB,BB,0,0,0,0,3,3,0,unchanged
I01759,Financials,2024,A,A,0,0,0,0,5,5,0,unchanged
I01760,Energy,2024,BBB,BBB,0,0,0,0,4,4,0,unchanged
I01761,Financials,2024,BB,BB,0,0,0,0,3,3,0,unchanged
I01762,Industrials,2024,BBB,BBB,0,0,0,0,4,4,0,unchanged
I01763,Technology,2024,BBB,BBB,0,0,0,0,4,4,0,unchanged
I01764,Retail,2024,AA,AA,0,0,0,0,6,6,0,unchanged
I01765,Utilities,2024,B,B,0,0,0,0,2,2,0,unchanged
I01766,Telecom,2024,AA,AA,0,0,0,0,6,6,0,unchanged
I01767,Telecom,2024,B,B,0,0,0,0,2,2,0,unchanged
I01768,Financials,2024,A,A,0,0,0,0,5,5,0,unchanged
I01769,Healthcare,2024,B,B,0,0,0,0,2,2,0,unchanged
I01770,Utilities,2024,A,AA,1,0,0,-1,5,6,1,upgrade
I01771,Real_Estate,2024,A,A,0,0,0,0,5,5,0,unchanged
I01773,Retail,2024,BBB,BBB,0,0,0,0,4,4,0,unchanged
I01774,Telecom,2024,BB,BB,0,0,0,0,3,3,0,unchanged
I01775,Financials,2024,B,BB,1,0,0,-1,2,3,1,upgrade
I01776,Retail,2024,A,A,0,0,0,0,5,5,0,unchanged
I01777,Real_Estate,2024,B,BB,1,0,0,-1,2,3,1,upgrade
I01778,Retail,2024,B,B,0,0,0,0,2,2,0,unchanged
I01779,Utilities,2024,A,A,0,0,0,0,5,5,0,unchanged
I01780,Industrials,2024,A,A,0,0,0,0,5,5,0,unchanged
I01781,Real_Estate,2024,A,A,0,0,0,0,5,5,0,unchanged
I01782,Retail,2024,BBB,BBB,0,0,0,0,4,4,0,unchanged
I01784,Technology,2024,A,A,0,0,0,0,5,5,0,unchanged
I01785,Healthcare,2024,BBB,BBB,0,0,0,0,4,4,0,unchanged
I01786,Industrials,2024,B,B,0,0,0,0,2,2,0,unchanged
I01787,Healthcare,2024,BB,BBB,1,0,0,-1,3,4,1,upgrade
I01788,Retail,2024,BBB,BBB,0,0,0,0,4,4,0,unchanged
I01790,Real_Estate,2024,B,B,0,0,0,0,2,2,0,unchanged
I01791,Retail,2024,AA,AA,0,0,0,0,6,6,0,unchanged
I01792,Industrials,2024,BBB,BBB,0,0,0,0,4,4,0,unchanged
I01794,Healthcare,2024,BB,BB,0,0,0,0,3,3,0,unchanged
I01796,Telecom,2024,AA,AA,0,0,0,0,6,6,0,unchanged
I01797,Real_Estate,2024,AA,AA,0,0,0,0,6,6,0,unchanged
I01798,Technology,2024,A,A,0,0,0,0,5,5,0,unchanged
I01799,Utilities,2024,AAA,AA,0,1,0,1,7,6,-1,downgrade
I01800,Financials,2024,BBB,BBB,0,0,0,0,4,4,0,unchanged
I01801,Real_Estate,2024,A,A,0,0,0,0,5,5,0,unchanged
I01806,Healthcare,2024,A,A,0,0,0,0,5,5,0,unchanged
I01807,Energy,2024,AA,AA,0,0,0,0,6,6,0,unchanged
I01808,Utilities,2024,CCC,CCC,0,0,0,0,1,1,0,unchanged
I01809,Consumer,2024,BBB,BBB,0,0,0,0,4,4,0,unchanged
I01811,Telecom,2024,BB,B,0,1,0,1,3,2,-1,downgrade
I01816,Technology,2024,BB,B,0,1,0,1,3,2,-1,downgrade
I01817,Utilities,2024,B,B,0,0,0,0,2,2,0,unchanged
I01818,Technology,2024,A,A,0,0,0,0,5,5,0,unchanged
I01819,Industrials,2024,BBB,BB,0,1,0,1,4,3,-1,downgrade
I01820,Financials,2024,A,A,0,0,0,0,5,5,0,unchanged
I01821,Technology,2024,BB,BB,0,0,0,0,3,3,0,unchanged
I01822,Consumer,2024,A,A,0,0,0,0,5,5,0,unchanged
I01824,Industrials,2024,B,B,0,0,0,0,2,2,0,unchanged
I01826,Technology,2024,BBB,BBB,0,0,0,0,4,4,0,unchanged
I01827,Healthcare,2024,A,A,0,0,0,0,5,5,0,unchanged
I01828,Consumer,2024,A,A,0,0,0,0,5,5,0,unchanged
I01829,Utilities,2024,BB,BB,0,0,0,0,3,3,0,unchanged
I01830,Industrials,2024,BBB,BBB,0,0,0,0,4,4,0,unchanged
I01831,Financials,2024,B,B,0,0,0,0,2,2,0,unchanged
I01833,Utilities,2024,A,AA,1,0,0,-1,5,6,1,upgrade
I01834,Energy,2024,BBB,BB,0,1,0,1,4,3,-1,downgrade
I01835,Financials,2024,BBB,BBB,0,0,0,0,4,4,0,unchanged
I01836,Financials,2024,B,B,0,0,0,0,2,2,0,unchanged
I01837,Consumer,2024,A,BBB,0,1,0,1,5,4,-1,downgrade
I01839,Healthcare,2024,BB,BB,0,0,0,0,3,3,0,unchanged
I01841,Retail,2024,AAA,AAA,0,0,0,0,7,7,0,unchanged
I01842,Retail,2024,AA,AA,0,0,0,0,6,6,0,unchanged
I01843,Industrials,2024,CCC,CCC,0,0,0,0,1,1,0,unchanged
I01844,Retail,2024,A,A,0,0,0,0,5,5,0,unchanged
I01845,Telecom,2024,B,B,0,0,0,0,2,2,0,unchanged
I01846,Technology,2024,A,A,0,0,0,0,5,5,0,unchanged
I01847,Healthcare,2024,BBB,BBB,0,0,0,0,4,4,0,unchanged
I01848,Industrials,2024,B,B,0,0,0,0,2,2,0,unchanged
I01849,Industrials,2024,CCC,B,1,0,0,-1,1,2,1,upgrade
I01851,Real_Estate,2024,BBB,B,0,1,0,2,4,2,-2,downgrade
I01852,Utilities,2024,BBB,BBB,0,0,0,0,4,4,0,unchanged
I01853,Utilities,2024,BB,BB,0,0,0,0,3,3,0,unchanged
I01854,Utilities,2024,A,A,0,0,0,0,5,5,0,unchanged
I01855,Consumer,2024,BBB,BBB,0,0,0,0,4,4,0,unchanged
I01856,Consumer,2024,BBB,BBB,0,0,0,0,4,4,0,unchanged
I01857,Healthcare,2024,BBB,BBB,0,0,0,0,4,4,0,unchanged
I01858,Industrials,2024,B,B,0,0,0,0,2,2,0,unchanged
I01860,Telecom,2024,BBB,BBB,0,0,0,0,4,4,0,unchanged
I01861,Telecom,2024,A,A,0,0,0,0,5,5,0,unchanged
I01862,Utilities,2024,BBB,BBB,0,0,0,0,4,4,0,unchanged
I01863,Telecom,2024,BB,BB,0,0,0,0,3,3,0,unchanged
I01864,Telecom,2024,BB,BB,0,0,0,0,3,3,0,unchanged
I01865,Retail,2024,A,A,0,0,0,0,5,5,0,unchanged
I01866,Technology,2024,B,B,0,0,0,0,2,2,0,unchanged
I01867,Telecom,2024,BBB,A,1,0,0,-1,4,5,1,upgrade
I01868,Industrials,2024,A,A,0,0,0,0,5,5,0,unchanged
I01869,Utilities,2024,BBB,BBB,0,0,0,0,4,4,0,unchanged
I01870,Consumer,2024,AA,AA,0,0,0,0,6,6,0,unchanged
I01871,Technology,2024,AA,A,0,1,0,1,6,5,-1,downgrade
I01872,Industrials,2024,A,A,0,0,0,0,5,5,0,unchanged
I01873,Technology,2024,AA,AA,0,0,0,0,6,6,0,unchanged
I01875,Energy,2024,A,A,0,0,0,0,5,5,0,unchanged
I01877,Telecom,2024,A,BBB,0,1,0,1,5,4,-1,downgrade
I01879,Telecom,2024,BBB,BBB,0,0,0,0,4,4,0,unchanged
I01880,Real_Estate,2024,BB,BB,0,0,0,0,3,3,0,unchanged
I01882,Industrials,2024,B,B,0,0,0,0,2,2,0,unchanged
I01884,Retail,2024,AA,A,0,1,0,1,6,5,-1,downgrade
I01885,Energy,2024,BBB,A,1,0,0,-1,4,5,1,upgrade
I01886,Financials,2024,BB,BB,0,0,0,0,3,3,0,unchanged
I01887,Utilities,2024,CCC,BBB,1,0,0,-3,1,4,3,upgrade
I01888,Financials,2024,BBB,BBB,0,0,0,0,4,4,0,unchanged
I01889,Industrials,2024,B,B,0,0,0,0,2,2,0,unchanged
I01890,Industrials,2024,AA,AA,0,0,0,0,6,6,0,unchanged
I01891,Real_Estate,2024,A,A,0,0,0,0,5,5,0,unchanged
I01892,Utilities,2024,B,B,0,0,0,0,2,2,0,unchanged
I01893,Real_Estate,2024,BB,BBB,1,0,0,-1,3,4,1,upgrade
I01894,Industrials,2024,BB,BB,0,0,0,0,3,3,0,unchanged
I01895,Consumer,2024,A,A,0,0,0,0,5,5,0,unchanged
I01896,Consumer,2024,B,B,0,0,0,0,2,2,0,unchanged
I01897,Financials,2024,BB,BB,0,0,0,0,3,3,0,unchanged
I01898,Telecom,2024,B,B,0,0,0,0,2,2,0,unchanged
I01899,Retail,2024,BB,BB,0,0,0,0,3,3,0,unchanged
I01901,Energy,2024,AA,AA,0,0,0,0,6,6,0,unchanged
I01902,Industrials,2024,B,B,0,0,0,0,2,2,0,unchanged
I01903,Utilities,2024,BB,BB,0,0,0,0,3,3,0,unchanged
I01904,Industrials,2024,BBB,BBB,0,0,0,0,4,4,0,unchanged
I01905,Telecom,2024,BBB,BBB,0,0,0,0,4,4,0,unchanged
I01906,Healthcare,2024,BB,BB,0,0,0,0,3,3,0,unchanged
I01908,Healthcare,2024,A,A,0,0,0,0,5,5,0,unchanged
I01909,Retail,2024,BBB,BBB,0,0,0,0,4,4,0,unchanged
I01911,Telecom,2024,CCC,CCC,0,0,0,0,1,1,0,unchanged
I01913,Real_Estate,2024,BBB,BBB,0,0,0,0,4,4,0,unchanged
I01914,Consumer,2024,B,B,0,0,0,0,2,2,0,unchanged
I01915,Financials,2024,BBB,BBB,0,0,0,0,4,4,0,unchanged
I01918,Retail,2024,AA,AA,0,0,0,0,6,6,0,unchanged
I01919,Telecom,2024,BB,B,0,1,0,1,3,2,-1,downgrade
I01921,Consumer,2024,BBB,BBB,0,0,0,0,4,4,0,unchanged
I01922,Healthcare,2024,A,A,0,0,0,0,5,5,0,unchanged
I01923,Healthcare,2024,B,B,0,0,0,0,2,2,0,unchanged
I01924,Energy,2024,BB,BBB,1,0,0,-1,3,4,1,upgrade
I01926,Healthcare,2024,A,A,0,0,0,0,5,5,0,unchanged
I01927,Telecom,2024,BBB,BBB,0,0,0,0,4,4,0,unchanged
I01928,Consumer,2024,BBB,BBB,0,0,0,0,4,4,0,unchanged
I01929,Industrials,2024,BBB,BBB,0,0,0,0,4,4,0,unchanged
I01930,Financials,2024,BBB,A,1,0,0,-1,4,5,1,upgrade
I01931,Telecom,2024,BBB,BBB,0,0,0,0,4,4,0,unchanged
I01933,Real_Estate,2024,B,B,0,0,0,0,2,2,0,unchanged
I01934,Consumer,2024,B,BB,1,0,0,-1,2,3,1,upgrade
I01935,Industrials,2024,A,BBB,0,1,0,1,5,4,-1,downgrade
I01936,Retail,2024,B,B,0,0,0,0,2,2,0,unchanged
I01938,Energy,2024,B,B,0,0,0,0,2,2,0,unchanged
I01939,Financials,2024,BBB,BBB,0,0,0,0,4,4,0,unchanged
I01940,Technology,2024,B,B,0,0,0,0,2,2,0,unchanged
I01941,Technology,2024,B,B,0,0,0,0,2,2,0,unchanged
I01942,Financials,2024,A,A,0,0,0,0,5,5,0,unchanged
I01943,Healthcare,2024,AA,AA,0,0,0,0,6,6,0,unchanged
I01944,Financials,2024,BBB,BBB,0,0,0,0,4,4,0,unchanged
I01945,Financials,2024,A,A,0,0,0,0,5,5,0,unchanged
I01948,Financials,2024,BBB,BBB,0,0,0,0,4,4,0,unchanged
I01949,Real_Estate,2024,BBB,BBB,0,0,0,0,4,4,0,unchanged
I01950,Real_Estate,2024,A,A,0,0,0,0,5,5,0,unchanged
I01951,Utilities,2024,B,BB,1,0,0,-1,2,3,1,upgrade
I01953,Energy,2024,BBB,BBB,0,0,0,0,4,4,0,unchanged
I01954,Industrials,2024,AAA,AAA,0,0,0,0,7,7,0,unchanged
I01955,Energy,2024,BBB,BBB,0,0,0,0,4,4,0,unchanged
I01956,Retail,2024,BBB,BBB,0,0,0,0,4,4,0,unchanged
I01957,Consumer,2024,CCC,B,1,0,0,-1,1,2,1,upgrade
I01960,Utilities,2024,B,B,0,0,0,0,2,2,0,unchanged
I01963,Energy,2024,BBB,BBB,0,0,0,0,4,4,0,unchanged
I01964,Retail,2024,BBB,BBB,0,0,0,0,4,4,0,unchanged
I01965,Consumer,2024,AA,AA,0,0,0,0,6,6,0,unchanged
I01966,Utilities,2024,A,A,0,0,0,0,5,5,0,unchanged
I01967,Industrials,2024,BBB,BBB,0,0,0,0,4,4,0,unchanged
I01968,Healthcare,2024,BBB,BBB,0,0,0,0,4,4,0,unchanged
I01969,Consumer,2024,BBB,BBB,0,0,0,0,4,4,0,unchanged
I01970,Consumer,2024,A,A,0,0,0,0,5,5,0,unchanged
I01971,Retail,2024,A,A,0,0,0,0,5,5,0,unchanged
I01973,Utilities,2024,BBB,BBB,0,0,0,0,4,4,0,unchanged
I01975,Utilities,2024,BBB,BBB,0,0,0,0,4,4,0,unchanged
I01976,Technology,2024,BBB,BBB,0,0,0,0,4,4,0,unchanged
I01977,Healthcare,2024,BBB,BBB,0,0,0,0,4,4,0,unchanged
I01978,Telecom,2024,BB,B,0,1,0,1,3,2,-1,downgrade
I01979,Financials,2024,BBB,BBB,0,0,0,0,4,4,0,unchanged
I01980,Consumer,2024,A,A,0,0,0,0,5,5,0,unchanged
I01981,Retail,2024,AA,AA,0,0,0,0,6,6,0,unchanged
I01983,Technology,2024,B,B,0,0,0,0,2,2,0,unchanged
I01984,Industrials,2024,BBB,BBB,0,0,0,0,4,4,0,unchanged
I01985,Technology,2024,A,A,0,0,0,0,5,5,0,unchanged
I01986,Consumer,2024,BB,BB,0,0,0,0,3,3,0,unchanged
I01987,Retail,2024,B,B,0,0,0,0,2,2,0,unchanged
I01988,Healthcare,2024,B,CCC,0,1,0,1,2,1,-1,downgrade
I01989,Industrials,2024,BBB,BBB,0,0,0,0,4,4,0,unchanged
I01990,Financials,2024,BBB,BBB,0,0,0,0,4,4,0,unchanged
I01992,Utilities,2024,A,A,0,0,0,0,5,5,0,unchanged
I01993,Energy,2024,BB,BB,0,0,0,0,3,3,0,unchanged
I01994,Real_Estate,2024,B,B,0,0,0,0,2,2,0,unchanged
I01995,Real_Estate,2024,B,CCC,0,1,0,1,2,1,-1,downgrade
I01996,Energy,2024,BB,BB,0,0,0,0,3,3,0,unchanged
I01997,Utilities,2024,BB,BB,0,0,0,0,3,3,0,unchanged
I02000,Financials,2024,A,A,0,0,0,0,5,5,0,unchanged
